$date
	Tue Jul 14 11:19:37 2026
$end
$version
	Icarus Verilog
$end
$timescale
	1s
$end
$scope module tb_uart $end
$var wire 1 ! serial_line $end
$var wire 1 " rx_done $end
$var wire 8 # rx_data [7:0] $end
$var reg 1 $ clk $end
$var reg 1 % rst $end
$var reg 8 & tx_data [7:0] $end
$var reg 1 ' tx_start $end
$scope module receiver $end
$var wire 1 $ clk $end
$var wire 1 % rst $end
$var wire 1 ! rx $end
$var parameter 32 ( CLKS_PER_BIT $end
$var parameter 32 ) DATA $end
$var parameter 32 * IDLE $end
$var parameter 32 + START $end
$var parameter 32 , STOP $end
$var reg 3 - bit_index [2:0] $end
$var reg 10 . clk_count [9:0] $end
$var reg 8 / data_reg [7:0] $end
$var reg 8 0 rx_data [7:0] $end
$var reg 1 " rx_done $end
$var reg 2 1 state [1:0] $end
$upscope $end
$scope module transmitter $end
$var wire 1 $ clk $end
$var wire 1 % rst $end
$var wire 8 2 tx_data [7:0] $end
$var wire 1 ' tx_start $end
$var parameter 32 3 CLKS_PER_BIT $end
$var parameter 32 4 DATA $end
$var parameter 32 5 IDLE $end
$var parameter 32 6 START $end
$var parameter 32 7 STOP $end
$var reg 3 8 bit_index [2:0] $end
$var reg 10 9 clk_count [9:0] $end
$var reg 8 : data_reg [7:0] $end
$var reg 2 ; state [1:0] $end
$var reg 1 ! tx $end
$upscope $end
$upscope $end
$enddefinitions $end
$comment Show the parameter values. $end
$dumpall
b11 7
b1 6
b0 5
b10 4
b1101100100 3
b11 ,
b1 +
b0 *
b10 )
b1101100100 (
$end
#0
$dumpvars
b0 ;
b0 :
b0 9
b0 8
b0 2
b0 1
b0 0
b0 /
b0 .
b0 -
0'
b0 &
1%
0$
b0 #
0"
1!
$end
#5
1$
#10
0$
#15
1$
#20
0$
1'
b1001001 &
b1001001 2
0%
#25
b1 ;
b1001001 :
1$
#30
0$
0'
#35
b1 9
0!
1$
#40
0$
#45
b1 1
b10 9
1$
#50
0$
#55
b11 9
b1 .
1$
#60
0$
#65
b10 .
b100 9
1$
#70
0$
#75
b101 9
b11 .
1$
#80
0$
#85
b100 .
b110 9
1$
#90
0$
#95
b111 9
b101 .
1$
#100
0$
#105
b110 .
b1000 9
1$
#110
0$
#115
b1001 9
b111 .
1$
#120
0$
#125
b1000 .
b1010 9
1$
#130
0$
#135
b1011 9
b1001 .
1$
#140
0$
#145
b1010 .
b1100 9
1$
#150
0$
#155
b1101 9
b1011 .
1$
#160
0$
#165
b1100 .
b1110 9
1$
#170
0$
#175
b1111 9
b1101 .
1$
#180
0$
#185
b1110 .
b10000 9
1$
#190
0$
#195
b10001 9
b1111 .
1$
#200
0$
#205
b10000 .
b10010 9
1$
#210
0$
#215
b10011 9
b10001 .
1$
#220
0$
#225
b10010 .
b10100 9
1$
#230
0$
#235
b10101 9
b10011 .
1$
#240
0$
#245
b10100 .
b10110 9
1$
#250
0$
#255
b10111 9
b10101 .
1$
#260
0$
#265
b10110 .
b11000 9
1$
#270
0$
#275
b11001 9
b10111 .
1$
#280
0$
#285
b11000 .
b11010 9
1$
#290
0$
#295
b11011 9
b11001 .
1$
#300
0$
#305
b11010 .
b11100 9
1$
#310
0$
#315
b11101 9
b11011 .
1$
#320
0$
#325
b11100 .
b11110 9
1$
#330
0$
#335
b11111 9
b11101 .
1$
#340
0$
#345
b11110 .
b100000 9
1$
#350
0$
#355
b100001 9
b11111 .
1$
#360
0$
#365
b100000 .
b100010 9
1$
#370
0$
#375
b100011 9
b100001 .
1$
#380
0$
#385
b100010 .
b100100 9
1$
#390
0$
#395
b100101 9
b100011 .
1$
#400
0$
#405
b100100 .
b100110 9
1$
#410
0$
#415
b100111 9
b100101 .
1$
#420
0$
#425
b100110 .
b101000 9
1$
#430
0$
#435
b101001 9
b100111 .
1$
#440
0$
#445
b101000 .
b101010 9
1$
#450
0$
#455
b101011 9
b101001 .
1$
#460
0$
#465
b101010 .
b101100 9
1$
#470
0$
#475
b101101 9
b101011 .
1$
#480
0$
#485
b101100 .
b101110 9
1$
#490
0$
#495
b101111 9
b101101 .
1$
#500
0$
#505
b101110 .
b110000 9
1$
#510
0$
#515
b110001 9
b101111 .
1$
#520
0$
#525
b110000 .
b110010 9
1$
#530
0$
#535
b110011 9
b110001 .
1$
#540
0$
#545
b110010 .
b110100 9
1$
#550
0$
#555
b110101 9
b110011 .
1$
#560
0$
#565
b110100 .
b110110 9
1$
#570
0$
#575
b110111 9
b110101 .
1$
#580
0$
#585
b110110 .
b111000 9
1$
#590
0$
#595
b111001 9
b110111 .
1$
#600
0$
#605
b111000 .
b111010 9
1$
#610
0$
#615
b111011 9
b111001 .
1$
#620
0$
#625
b111010 .
b111100 9
1$
#630
0$
#635
b111101 9
b111011 .
1$
#640
0$
#645
b111100 .
b111110 9
1$
#650
0$
#655
b111111 9
b111101 .
1$
#660
0$
#665
b111110 .
b1000000 9
1$
#670
0$
#675
b1000001 9
b111111 .
1$
#680
0$
#685
b1000000 .
b1000010 9
1$
#690
0$
#695
b1000011 9
b1000001 .
1$
#700
0$
#705
b1000010 .
b1000100 9
1$
#710
0$
#715
b1000101 9
b1000011 .
1$
#720
0$
#725
b1000100 .
b1000110 9
1$
#730
0$
#735
b1000111 9
b1000101 .
1$
#740
0$
#745
b1000110 .
b1001000 9
1$
#750
0$
#755
b1001001 9
b1000111 .
1$
#760
0$
#765
b1001000 .
b1001010 9
1$
#770
0$
#775
b1001011 9
b1001001 .
1$
#780
0$
#785
b1001010 .
b1001100 9
1$
#790
0$
#795
b1001101 9
b1001011 .
1$
#800
0$
#805
b1001100 .
b1001110 9
1$
#810
0$
#815
b1001111 9
b1001101 .
1$
#820
0$
#825
b1001110 .
b1010000 9
1$
#830
0$
#835
b1010001 9
b1001111 .
1$
#840
0$
#845
b1010000 .
b1010010 9
1$
#850
0$
#855
b1010011 9
b1010001 .
1$
#860
0$
#865
b1010010 .
b1010100 9
1$
#870
0$
#875
b1010101 9
b1010011 .
1$
#880
0$
#885
b1010100 .
b1010110 9
1$
#890
0$
#895
b1010111 9
b1010101 .
1$
#900
0$
#905
b1010110 .
b1011000 9
1$
#910
0$
#915
b1011001 9
b1010111 .
1$
#920
0$
#925
b1011000 .
b1011010 9
1$
#930
0$
#935
b1011011 9
b1011001 .
1$
#940
0$
#945
b1011010 .
b1011100 9
1$
#950
0$
#955
b1011101 9
b1011011 .
1$
#960
0$
#965
b1011100 .
b1011110 9
1$
#970
0$
#975
b1011111 9
b1011101 .
1$
#980
0$
#985
b1011110 .
b1100000 9
1$
#990
0$
#995
b1100001 9
b1011111 .
1$
#1000
0$
#1005
b1100000 .
b1100010 9
1$
#1010
0$
#1015
b1100011 9
b1100001 .
1$
#1020
0$
#1025
b1100010 .
b1100100 9
1$
#1030
0$
#1035
b1100101 9
b1100011 .
1$
#1040
0$
#1045
b1100100 .
b1100110 9
1$
#1050
0$
#1055
b1100111 9
b1100101 .
1$
#1060
0$
#1065
b1100110 .
b1101000 9
1$
#1070
0$
#1075
b1101001 9
b1100111 .
1$
#1080
0$
#1085
b1101000 .
b1101010 9
1$
#1090
0$
#1095
b1101011 9
b1101001 .
1$
#1100
0$
#1105
b1101010 .
b1101100 9
1$
#1110
0$
#1115
b1101101 9
b1101011 .
1$
#1120
0$
#1125
b1101100 .
b1101110 9
1$
#1130
0$
#1135
b1101111 9
b1101101 .
1$
#1140
0$
#1145
b1101110 .
b1110000 9
1$
#1150
0$
#1155
b1110001 9
b1101111 .
1$
#1160
0$
#1165
b1110000 .
b1110010 9
1$
#1170
0$
#1175
b1110011 9
b1110001 .
1$
#1180
0$
#1185
b1110010 .
b1110100 9
1$
#1190
0$
#1195
b1110101 9
b1110011 .
1$
#1200
0$
#1205
b1110100 .
b1110110 9
1$
#1210
0$
#1215
b1110111 9
b1110101 .
1$
#1220
0$
#1225
b1110110 .
b1111000 9
1$
#1230
0$
#1235
b1111001 9
b1110111 .
1$
#1240
0$
#1245
b1111000 .
b1111010 9
1$
#1250
0$
#1255
b1111011 9
b1111001 .
1$
#1260
0$
#1265
b1111010 .
b1111100 9
1$
#1270
0$
#1275
b1111101 9
b1111011 .
1$
#1280
0$
#1285
b1111100 .
b1111110 9
1$
#1290
0$
#1295
b1111111 9
b1111101 .
1$
#1300
0$
#1305
b1111110 .
b10000000 9
1$
#1310
0$
#1315
b10000001 9
b1111111 .
1$
#1320
0$
#1325
b10000000 .
b10000010 9
1$
#1330
0$
#1335
b10000011 9
b10000001 .
1$
#1340
0$
#1345
b10000010 .
b10000100 9
1$
#1350
0$
#1355
b10000101 9
b10000011 .
1$
#1360
0$
#1365
b10000100 .
b10000110 9
1$
#1370
0$
#1375
b10000111 9
b10000101 .
1$
#1380
0$
#1385
b10000110 .
b10001000 9
1$
#1390
0$
#1395
b10001001 9
b10000111 .
1$
#1400
0$
#1405
b10001000 .
b10001010 9
1$
#1410
0$
#1415
b10001011 9
b10001001 .
1$
#1420
0$
#1425
b10001010 .
b10001100 9
1$
#1430
0$
#1435
b10001101 9
b10001011 .
1$
#1440
0$
#1445
b10001100 .
b10001110 9
1$
#1450
0$
#1455
b10001111 9
b10001101 .
1$
#1460
0$
#1465
b10001110 .
b10010000 9
1$
#1470
0$
#1475
b10010001 9
b10001111 .
1$
#1480
0$
#1485
b10010000 .
b10010010 9
1$
#1490
0$
#1495
b10010011 9
b10010001 .
1$
#1500
0$
#1505
b10010010 .
b10010100 9
1$
#1510
0$
#1515
b10010101 9
b10010011 .
1$
#1520
0$
#1525
b10010100 .
b10010110 9
1$
#1530
0$
#1535
b10010111 9
b10010101 .
1$
#1540
0$
#1545
b10010110 .
b10011000 9
1$
#1550
0$
#1555
b10011001 9
b10010111 .
1$
#1560
0$
#1565
b10011000 .
b10011010 9
1$
#1570
0$
#1575
b10011011 9
b10011001 .
1$
#1580
0$
#1585
b10011010 .
b10011100 9
1$
#1590
0$
#1595
b10011101 9
b10011011 .
1$
#1600
0$
#1605
b10011100 .
b10011110 9
1$
#1610
0$
#1615
b10011111 9
b10011101 .
1$
#1620
0$
#1625
b10011110 .
b10100000 9
1$
#1630
0$
#1635
b10100001 9
b10011111 .
1$
#1640
0$
#1645
b10100000 .
b10100010 9
1$
#1650
0$
#1655
b10100011 9
b10100001 .
1$
#1660
0$
#1665
b10100010 .
b10100100 9
1$
#1670
0$
#1675
b10100101 9
b10100011 .
1$
#1680
0$
#1685
b10100100 .
b10100110 9
1$
#1690
0$
#1695
b10100111 9
b10100101 .
1$
#1700
0$
#1705
b10100110 .
b10101000 9
1$
#1710
0$
#1715
b10101001 9
b10100111 .
1$
#1720
0$
#1725
b10101000 .
b10101010 9
1$
#1730
0$
#1735
b10101011 9
b10101001 .
1$
#1740
0$
#1745
b10101010 .
b10101100 9
1$
#1750
0$
#1755
b10101101 9
b10101011 .
1$
#1760
0$
#1765
b10101100 .
b10101110 9
1$
#1770
0$
#1775
b10101111 9
b10101101 .
1$
#1780
0$
#1785
b10101110 .
b10110000 9
1$
#1790
0$
#1795
b10110001 9
b10101111 .
1$
#1800
0$
#1805
b10110000 .
b10110010 9
1$
#1810
0$
#1815
b10110011 9
b10110001 .
1$
#1820
0$
#1825
b10110010 .
b10110100 9
1$
#1830
0$
#1835
b10110101 9
b10110011 .
1$
#1840
0$
#1845
b10110100 .
b10110110 9
1$
#1850
0$
#1855
b10110111 9
b10110101 .
1$
#1860
0$
#1865
b10110110 .
b10111000 9
1$
#1870
0$
#1875
b10111001 9
b10110111 .
1$
#1880
0$
#1885
b10111000 .
b10111010 9
1$
#1890
0$
#1895
b10111011 9
b10111001 .
1$
#1900
0$
#1905
b10111010 .
b10111100 9
1$
#1910
0$
#1915
b10111101 9
b10111011 .
1$
#1920
0$
#1925
b10111100 .
b10111110 9
1$
#1930
0$
#1935
b10111111 9
b10111101 .
1$
#1940
0$
#1945
b10111110 .
b11000000 9
1$
#1950
0$
#1955
b11000001 9
b10111111 .
1$
#1960
0$
#1965
b11000000 .
b11000010 9
1$
#1970
0$
#1975
b11000011 9
b11000001 .
1$
#1980
0$
#1985
b11000010 .
b11000100 9
1$
#1990
0$
#1995
b11000101 9
b11000011 .
1$
#2000
0$
#2005
b11000100 .
b11000110 9
1$
#2010
0$
#2015
b11000111 9
b11000101 .
1$
#2020
0$
#2025
b11000110 .
b11001000 9
1$
#2030
0$
#2035
b11001001 9
b11000111 .
1$
#2040
0$
#2045
b11001000 .
b11001010 9
1$
#2050
0$
#2055
b11001011 9
b11001001 .
1$
#2060
0$
#2065
b11001010 .
b11001100 9
1$
#2070
0$
#2075
b11001101 9
b11001011 .
1$
#2080
0$
#2085
b11001100 .
b11001110 9
1$
#2090
0$
#2095
b11001111 9
b11001101 .
1$
#2100
0$
#2105
b11001110 .
b11010000 9
1$
#2110
0$
#2115
b11010001 9
b11001111 .
1$
#2120
0$
#2125
b11010000 .
b11010010 9
1$
#2130
0$
#2135
b11010011 9
b11010001 .
1$
#2140
0$
#2145
b11010010 .
b11010100 9
1$
#2150
0$
#2155
b11010101 9
b11010011 .
1$
#2160
0$
#2165
b11010100 .
b11010110 9
1$
#2170
0$
#2175
b11010111 9
b11010101 .
1$
#2180
0$
#2185
b11010110 .
b11011000 9
1$
#2190
0$
#2195
b11011001 9
b11010111 .
1$
#2200
0$
#2205
b11011000 .
b11011010 9
1$
#2210
0$
#2215
b11011011 9
b11011001 .
1$
#2220
0$
#2225
b11011010 .
b11011100 9
1$
#2230
0$
#2235
b11011101 9
b11011011 .
1$
#2240
0$
#2245
b11011100 .
b11011110 9
1$
#2250
0$
#2255
b11011111 9
b11011101 .
1$
#2260
0$
#2265
b11011110 .
b11100000 9
1$
#2270
0$
#2275
b11100001 9
b11011111 .
1$
#2280
0$
#2285
b11100000 .
b11100010 9
1$
#2290
0$
#2295
b11100011 9
b11100001 .
1$
#2300
0$
#2305
b11100010 .
b11100100 9
1$
#2310
0$
#2315
b11100101 9
b11100011 .
1$
#2320
0$
#2325
b11100100 .
b11100110 9
1$
#2330
0$
#2335
b11100111 9
b11100101 .
1$
#2340
0$
#2345
b11100110 .
b11101000 9
1$
#2350
0$
#2355
b11101001 9
b11100111 .
1$
#2360
0$
#2365
b11101000 .
b11101010 9
1$
#2370
0$
#2375
b11101011 9
b11101001 .
1$
#2380
0$
#2385
b11101010 .
b11101100 9
1$
#2390
0$
#2395
b11101101 9
b11101011 .
1$
#2400
0$
#2405
b11101100 .
b11101110 9
1$
#2410
0$
#2415
b11101111 9
b11101101 .
1$
#2420
0$
#2425
b11101110 .
b11110000 9
1$
#2430
0$
#2435
b11110001 9
b11101111 .
1$
#2440
0$
#2445
b11110000 .
b11110010 9
1$
#2450
0$
#2455
b11110011 9
b11110001 .
1$
#2460
0$
#2465
b11110010 .
b11110100 9
1$
#2470
0$
#2475
b11110101 9
b11110011 .
1$
#2480
0$
#2485
b11110100 .
b11110110 9
1$
#2490
0$
#2495
b11110111 9
b11110101 .
1$
#2500
0$
#2505
b11110110 .
b11111000 9
1$
#2510
0$
#2515
b11111001 9
b11110111 .
1$
#2520
0$
#2525
b11111000 .
b11111010 9
1$
#2530
0$
#2535
b11111011 9
b11111001 .
1$
#2540
0$
#2545
b11111010 .
b11111100 9
1$
#2550
0$
#2555
b11111101 9
b11111011 .
1$
#2560
0$
#2565
b11111100 .
b11111110 9
1$
#2570
0$
#2575
b11111111 9
b11111101 .
1$
#2580
0$
#2585
b11111110 .
b100000000 9
1$
#2590
0$
#2595
b100000001 9
b11111111 .
1$
#2600
0$
#2605
b100000000 .
b100000010 9
1$
#2610
0$
#2615
b100000011 9
b100000001 .
1$
#2620
0$
#2625
b100000010 .
b100000100 9
1$
#2630
0$
#2635
b100000101 9
b100000011 .
1$
#2640
0$
#2645
b100000100 .
b100000110 9
1$
#2650
0$
#2655
b100000111 9
b100000101 .
1$
#2660
0$
#2665
b100000110 .
b100001000 9
1$
#2670
0$
#2675
b100001001 9
b100000111 .
1$
#2680
0$
#2685
b100001000 .
b100001010 9
1$
#2690
0$
#2695
b100001011 9
b100001001 .
1$
#2700
0$
#2705
b100001010 .
b100001100 9
1$
#2710
0$
#2715
b100001101 9
b100001011 .
1$
#2720
0$
#2725
b100001100 .
b100001110 9
1$
#2730
0$
#2735
b100001111 9
b100001101 .
1$
#2740
0$
#2745
b100001110 .
b100010000 9
1$
#2750
0$
#2755
b100010001 9
b100001111 .
1$
#2760
0$
#2765
b100010000 .
b100010010 9
1$
#2770
0$
#2775
b100010011 9
b100010001 .
1$
#2780
0$
#2785
b100010010 .
b100010100 9
1$
#2790
0$
#2795
b100010101 9
b100010011 .
1$
#2800
0$
#2805
b100010100 .
b100010110 9
1$
#2810
0$
#2815
b100010111 9
b100010101 .
1$
#2820
0$
#2825
b100010110 .
b100011000 9
1$
#2830
0$
#2835
b100011001 9
b100010111 .
1$
#2840
0$
#2845
b100011000 .
b100011010 9
1$
#2850
0$
#2855
b100011011 9
b100011001 .
1$
#2860
0$
#2865
b100011010 .
b100011100 9
1$
#2870
0$
#2875
b100011101 9
b100011011 .
1$
#2880
0$
#2885
b100011100 .
b100011110 9
1$
#2890
0$
#2895
b100011111 9
b100011101 .
1$
#2900
0$
#2905
b100011110 .
b100100000 9
1$
#2910
0$
#2915
b100100001 9
b100011111 .
1$
#2920
0$
#2925
b100100000 .
b100100010 9
1$
#2930
0$
#2935
b100100011 9
b100100001 .
1$
#2940
0$
#2945
b100100010 .
b100100100 9
1$
#2950
0$
#2955
b100100101 9
b100100011 .
1$
#2960
0$
#2965
b100100100 .
b100100110 9
1$
#2970
0$
#2975
b100100111 9
b100100101 .
1$
#2980
0$
#2985
b100100110 .
b100101000 9
1$
#2990
0$
#2995
b100101001 9
b100100111 .
1$
#3000
0$
#3005
b100101000 .
b100101010 9
1$
#3010
0$
#3015
b100101011 9
b100101001 .
1$
#3020
0$
#3025
b100101010 .
b100101100 9
1$
#3030
0$
#3035
b100101101 9
b100101011 .
1$
#3040
0$
#3045
b100101100 .
b100101110 9
1$
#3050
0$
#3055
b100101111 9
b100101101 .
1$
#3060
0$
#3065
b100101110 .
b100110000 9
1$
#3070
0$
#3075
b100110001 9
b100101111 .
1$
#3080
0$
#3085
b100110000 .
b100110010 9
1$
#3090
0$
#3095
b100110011 9
b100110001 .
1$
#3100
0$
#3105
b100110010 .
b100110100 9
1$
#3110
0$
#3115
b100110101 9
b100110011 .
1$
#3120
0$
#3125
b100110100 .
b100110110 9
1$
#3130
0$
#3135
b100110111 9
b100110101 .
1$
#3140
0$
#3145
b100110110 .
b100111000 9
1$
#3150
0$
#3155
b100111001 9
b100110111 .
1$
#3160
0$
#3165
b100111000 .
b100111010 9
1$
#3170
0$
#3175
b100111011 9
b100111001 .
1$
#3180
0$
#3185
b100111010 .
b100111100 9
1$
#3190
0$
#3195
b100111101 9
b100111011 .
1$
#3200
0$
#3205
b100111100 .
b100111110 9
1$
#3210
0$
#3215
b100111111 9
b100111101 .
1$
#3220
0$
#3225
b100111110 .
b101000000 9
1$
#3230
0$
#3235
b101000001 9
b100111111 .
1$
#3240
0$
#3245
b101000000 .
b101000010 9
1$
#3250
0$
#3255
b101000011 9
b101000001 .
1$
#3260
0$
#3265
b101000010 .
b101000100 9
1$
#3270
0$
#3275
b101000101 9
b101000011 .
1$
#3280
0$
#3285
b101000100 .
b101000110 9
1$
#3290
0$
#3295
b101000111 9
b101000101 .
1$
#3300
0$
#3305
b101000110 .
b101001000 9
1$
#3310
0$
#3315
b101001001 9
b101000111 .
1$
#3320
0$
#3325
b101001000 .
b101001010 9
1$
#3330
0$
#3335
b101001011 9
b101001001 .
1$
#3340
0$
#3345
b101001010 .
b101001100 9
1$
#3350
0$
#3355
b101001101 9
b101001011 .
1$
#3360
0$
#3365
b101001100 .
b101001110 9
1$
#3370
0$
#3375
b101001111 9
b101001101 .
1$
#3380
0$
#3385
b101001110 .
b101010000 9
1$
#3390
0$
#3395
b101010001 9
b101001111 .
1$
#3400
0$
#3405
b101010000 .
b101010010 9
1$
#3410
0$
#3415
b101010011 9
b101010001 .
1$
#3420
0$
#3425
b101010010 .
b101010100 9
1$
#3430
0$
#3435
b101010101 9
b101010011 .
1$
#3440
0$
#3445
b101010100 .
b101010110 9
1$
#3450
0$
#3455
b101010111 9
b101010101 .
1$
#3460
0$
#3465
b101010110 .
b101011000 9
1$
#3470
0$
#3475
b101011001 9
b101010111 .
1$
#3480
0$
#3485
b101011000 .
b101011010 9
1$
#3490
0$
#3495
b101011011 9
b101011001 .
1$
#3500
0$
#3505
b101011010 .
b101011100 9
1$
#3510
0$
#3515
b101011101 9
b101011011 .
1$
#3520
0$
#3525
b101011100 .
b101011110 9
1$
#3530
0$
#3535
b101011111 9
b101011101 .
1$
#3540
0$
#3545
b101011110 .
b101100000 9
1$
#3550
0$
#3555
b101100001 9
b101011111 .
1$
#3560
0$
#3565
b101100000 .
b101100010 9
1$
#3570
0$
#3575
b101100011 9
b101100001 .
1$
#3580
0$
#3585
b101100010 .
b101100100 9
1$
#3590
0$
#3595
b101100101 9
b101100011 .
1$
#3600
0$
#3605
b101100100 .
b101100110 9
1$
#3610
0$
#3615
b101100111 9
b101100101 .
1$
#3620
0$
#3625
b101100110 .
b101101000 9
1$
#3630
0$
#3635
b101101001 9
b101100111 .
1$
#3640
0$
#3645
b101101000 .
b101101010 9
1$
#3650
0$
#3655
b101101011 9
b101101001 .
1$
#3660
0$
#3665
b101101010 .
b101101100 9
1$
#3670
0$
#3675
b101101101 9
b101101011 .
1$
#3680
0$
#3685
b101101100 .
b101101110 9
1$
#3690
0$
#3695
b101101111 9
b101101101 .
1$
#3700
0$
#3705
b101101110 .
b101110000 9
1$
#3710
0$
#3715
b101110001 9
b101101111 .
1$
#3720
0$
#3725
b101110000 .
b101110010 9
1$
#3730
0$
#3735
b101110011 9
b101110001 .
1$
#3740
0$
#3745
b101110010 .
b101110100 9
1$
#3750
0$
#3755
b101110101 9
b101110011 .
1$
#3760
0$
#3765
b101110100 .
b101110110 9
1$
#3770
0$
#3775
b101110111 9
b101110101 .
1$
#3780
0$
#3785
b101110110 .
b101111000 9
1$
#3790
0$
#3795
b101111001 9
b101110111 .
1$
#3800
0$
#3805
b101111000 .
b101111010 9
1$
#3810
0$
#3815
b101111011 9
b101111001 .
1$
#3820
0$
#3825
b101111010 .
b101111100 9
1$
#3830
0$
#3835
b101111101 9
b101111011 .
1$
#3840
0$
#3845
b101111100 .
b101111110 9
1$
#3850
0$
#3855
b101111111 9
b101111101 .
1$
#3860
0$
#3865
b101111110 .
b110000000 9
1$
#3870
0$
#3875
b110000001 9
b101111111 .
1$
#3880
0$
#3885
b110000000 .
b110000010 9
1$
#3890
0$
#3895
b110000011 9
b110000001 .
1$
#3900
0$
#3905
b110000010 .
b110000100 9
1$
#3910
0$
#3915
b110000101 9
b110000011 .
1$
#3920
0$
#3925
b110000100 .
b110000110 9
1$
#3930
0$
#3935
b110000111 9
b110000101 .
1$
#3940
0$
#3945
b110000110 .
b110001000 9
1$
#3950
0$
#3955
b110001001 9
b110000111 .
1$
#3960
0$
#3965
b110001000 .
b110001010 9
1$
#3970
0$
#3975
b110001011 9
b110001001 .
1$
#3980
0$
#3985
b110001010 .
b110001100 9
1$
#3990
0$
#3995
b110001101 9
b110001011 .
1$
#4000
0$
#4005
b110001100 .
b110001110 9
1$
#4010
0$
#4015
b110001111 9
b110001101 .
1$
#4020
0$
#4025
b110001110 .
b110010000 9
1$
#4030
0$
#4035
b110010001 9
b110001111 .
1$
#4040
0$
#4045
b110010000 .
b110010010 9
1$
#4050
0$
#4055
b110010011 9
b110010001 .
1$
#4060
0$
#4065
b110010010 .
b110010100 9
1$
#4070
0$
#4075
b110010101 9
b110010011 .
1$
#4080
0$
#4085
b110010100 .
b110010110 9
1$
#4090
0$
#4095
b110010111 9
b110010101 .
1$
#4100
0$
#4105
b110010110 .
b110011000 9
1$
#4110
0$
#4115
b110011001 9
b110010111 .
1$
#4120
0$
#4125
b110011000 .
b110011010 9
1$
#4130
0$
#4135
b110011011 9
b110011001 .
1$
#4140
0$
#4145
b110011010 .
b110011100 9
1$
#4150
0$
#4155
b110011101 9
b110011011 .
1$
#4160
0$
#4165
b110011100 .
b110011110 9
1$
#4170
0$
#4175
b110011111 9
b110011101 .
1$
#4180
0$
#4185
b110011110 .
b110100000 9
1$
#4190
0$
#4195
b110100001 9
b110011111 .
1$
#4200
0$
#4205
b110100000 .
b110100010 9
1$
#4210
0$
#4215
b110100011 9
b110100001 .
1$
#4220
0$
#4225
b110100010 .
b110100100 9
1$
#4230
0$
#4235
b110100101 9
b110100011 .
1$
#4240
0$
#4245
b110100100 .
b110100110 9
1$
#4250
0$
#4255
b110100111 9
b110100101 .
1$
#4260
0$
#4265
b110100110 .
b110101000 9
1$
#4270
0$
#4275
b110101001 9
b110100111 .
1$
#4280
0$
#4285
b110101000 .
b110101010 9
1$
#4290
0$
#4295
b110101011 9
b110101001 .
1$
#4300
0$
#4305
b110101010 .
b110101100 9
1$
#4310
0$
#4315
b110101101 9
b110101011 .
1$
#4320
0$
#4325
b110101100 .
b110101110 9
1$
#4330
0$
#4335
b110101111 9
b110101101 .
1$
#4340
0$
#4345
b110101110 .
b110110000 9
1$
#4350
0$
#4355
b110110001 9
b110101111 .
1$
#4360
0$
#4365
b110110000 .
b110110010 9
1$
#4370
0$
#4375
b110110011 9
b110110001 .
1$
#4380
0$
#4385
b10 1
b0 .
b110110100 9
1$
#4390
0$
#4395
b110110101 9
b1 .
1$
#4400
0$
#4405
b10 .
b110110110 9
1$
#4410
0$
#4415
b110110111 9
b11 .
1$
#4420
0$
#4425
b100 .
b110111000 9
1$
#4430
0$
#4435
b110111001 9
b101 .
1$
#4440
0$
#4445
b110 .
b110111010 9
1$
#4450
0$
#4455
b110111011 9
b111 .
1$
#4460
0$
#4465
b1000 .
b110111100 9
1$
#4470
0$
#4475
b110111101 9
b1001 .
1$
#4480
0$
#4485
b1010 .
b110111110 9
1$
#4490
0$
#4495
b110111111 9
b1011 .
1$
#4500
0$
#4505
b1100 .
b111000000 9
1$
#4510
0$
#4515
b111000001 9
b1101 .
1$
#4520
0$
#4525
b1110 .
b111000010 9
1$
#4530
0$
#4535
b111000011 9
b1111 .
1$
#4540
0$
#4545
b10000 .
b111000100 9
1$
#4550
0$
#4555
b111000101 9
b10001 .
1$
#4560
0$
#4565
b10010 .
b111000110 9
1$
#4570
0$
#4575
b111000111 9
b10011 .
1$
#4580
0$
#4585
b10100 .
b111001000 9
1$
#4590
0$
#4595
b111001001 9
b10101 .
1$
#4600
0$
#4605
b10110 .
b111001010 9
1$
#4610
0$
#4615
b111001011 9
b10111 .
1$
#4620
0$
#4625
b11000 .
b111001100 9
1$
#4630
0$
#4635
b111001101 9
b11001 .
1$
#4640
0$
#4645
b11010 .
b111001110 9
1$
#4650
0$
#4655
b111001111 9
b11011 .
1$
#4660
0$
#4665
b11100 .
b111010000 9
1$
#4670
0$
#4675
b111010001 9
b11101 .
1$
#4680
0$
#4685
b11110 .
b111010010 9
1$
#4690
0$
#4695
b111010011 9
b11111 .
1$
#4700
0$
#4705
b100000 .
b111010100 9
1$
#4710
0$
#4715
b111010101 9
b100001 .
1$
#4720
0$
#4725
b100010 .
b111010110 9
1$
#4730
0$
#4735
b111010111 9
b100011 .
1$
#4740
0$
#4745
b100100 .
b111011000 9
1$
#4750
0$
#4755
b111011001 9
b100101 .
1$
#4760
0$
#4765
b100110 .
b111011010 9
1$
#4770
0$
#4775
b111011011 9
b100111 .
1$
#4780
0$
#4785
b101000 .
b111011100 9
1$
#4790
0$
#4795
b111011101 9
b101001 .
1$
#4800
0$
#4805
b101010 .
b111011110 9
1$
#4810
0$
#4815
b111011111 9
b101011 .
1$
#4820
0$
#4825
b101100 .
b111100000 9
1$
#4830
0$
#4835
b111100001 9
b101101 .
1$
#4840
0$
#4845
b101110 .
b111100010 9
1$
#4850
0$
#4855
b111100011 9
b101111 .
1$
#4860
0$
#4865
b110000 .
b111100100 9
1$
#4870
0$
#4875
b111100101 9
b110001 .
1$
#4880
0$
#4885
b110010 .
b111100110 9
1$
#4890
0$
#4895
b111100111 9
b110011 .
1$
#4900
0$
#4905
b110100 .
b111101000 9
1$
#4910
0$
#4915
b111101001 9
b110101 .
1$
#4920
0$
#4925
b110110 .
b111101010 9
1$
#4930
0$
#4935
b111101011 9
b110111 .
1$
#4940
0$
#4945
b111000 .
b111101100 9
1$
#4950
0$
#4955
b111101101 9
b111001 .
1$
#4960
0$
#4965
b111010 .
b111101110 9
1$
#4970
0$
#4975
b111101111 9
b111011 .
1$
#4980
0$
#4985
b111100 .
b111110000 9
1$
#4990
0$
#4995
b111110001 9
b111101 .
1$
#5000
0$
#5005
b111110 .
b111110010 9
1$
#5010
0$
#5015
b111110011 9
b111111 .
1$
#5020
0$
#5025
b1000000 .
b111110100 9
1$
#5030
0$
#5035
b111110101 9
b1000001 .
1$
#5040
0$
#5045
b1000010 .
b111110110 9
1$
#5050
0$
#5055
b111110111 9
b1000011 .
1$
#5060
0$
#5065
b1000100 .
b111111000 9
1$
#5070
0$
#5075
b111111001 9
b1000101 .
1$
#5080
0$
#5085
b1000110 .
b111111010 9
1$
#5090
0$
#5095
b111111011 9
b1000111 .
1$
#5100
0$
#5105
b1001000 .
b111111100 9
1$
#5110
0$
#5115
b111111101 9
b1001001 .
1$
#5120
0$
#5125
b1001010 .
b111111110 9
1$
#5130
0$
#5135
b111111111 9
b1001011 .
1$
#5140
0$
#5145
b1001100 .
b1000000000 9
1$
#5150
0$
#5155
b1000000001 9
b1001101 .
1$
#5160
0$
#5165
b1001110 .
b1000000010 9
1$
#5170
0$
#5175
b1000000011 9
b1001111 .
1$
#5180
0$
#5185
b1010000 .
b1000000100 9
1$
#5190
0$
#5195
b1000000101 9
b1010001 .
1$
#5200
0$
#5205
b1010010 .
b1000000110 9
1$
#5210
0$
#5215
b1000000111 9
b1010011 .
1$
#5220
0$
#5225
b1010100 .
b1000001000 9
1$
#5230
0$
#5235
b1000001001 9
b1010101 .
1$
#5240
0$
#5245
b1010110 .
b1000001010 9
1$
#5250
0$
#5255
b1000001011 9
b1010111 .
1$
#5260
0$
#5265
b1011000 .
b1000001100 9
1$
#5270
0$
#5275
b1000001101 9
b1011001 .
1$
#5280
0$
#5285
b1011010 .
b1000001110 9
1$
#5290
0$
#5295
b1000001111 9
b1011011 .
1$
#5300
0$
#5305
b1011100 .
b1000010000 9
1$
#5310
0$
#5315
b1000010001 9
b1011101 .
1$
#5320
0$
#5325
b1011110 .
b1000010010 9
1$
#5330
0$
#5335
b1000010011 9
b1011111 .
1$
#5340
0$
#5345
b1100000 .
b1000010100 9
1$
#5350
0$
#5355
b1000010101 9
b1100001 .
1$
#5360
0$
#5365
b1100010 .
b1000010110 9
1$
#5370
0$
#5375
b1000010111 9
b1100011 .
1$
#5380
0$
#5385
b1100100 .
b1000011000 9
1$
#5390
0$
#5395
b1000011001 9
b1100101 .
1$
#5400
0$
#5405
b1100110 .
b1000011010 9
1$
#5410
0$
#5415
b1000011011 9
b1100111 .
1$
#5420
0$
#5425
b1101000 .
b1000011100 9
1$
#5430
0$
#5435
b1000011101 9
b1101001 .
1$
#5440
0$
#5445
b1101010 .
b1000011110 9
1$
#5450
0$
#5455
b1000011111 9
b1101011 .
1$
#5460
0$
#5465
b1101100 .
b1000100000 9
1$
#5470
0$
#5475
b1000100001 9
b1101101 .
1$
#5480
0$
#5485
b1101110 .
b1000100010 9
1$
#5490
0$
#5495
b1000100011 9
b1101111 .
1$
#5500
0$
#5505
b1110000 .
b1000100100 9
1$
#5510
0$
#5515
b1000100101 9
b1110001 .
1$
#5520
0$
#5525
b1110010 .
b1000100110 9
1$
#5530
0$
#5535
b1000100111 9
b1110011 .
1$
#5540
0$
#5545
b1110100 .
b1000101000 9
1$
#5550
0$
#5555
b1000101001 9
b1110101 .
1$
#5560
0$
#5565
b1110110 .
b1000101010 9
1$
#5570
0$
#5575
b1000101011 9
b1110111 .
1$
#5580
0$
#5585
b1111000 .
b1000101100 9
1$
#5590
0$
#5595
b1000101101 9
b1111001 .
1$
#5600
0$
#5605
b1111010 .
b1000101110 9
1$
#5610
0$
#5615
b1000101111 9
b1111011 .
1$
#5620
0$
#5625
b1111100 .
b1000110000 9
1$
#5630
0$
#5635
b1000110001 9
b1111101 .
1$
#5640
0$
#5645
b1111110 .
b1000110010 9
1$
#5650
0$
#5655
b1000110011 9
b1111111 .
1$
#5660
0$
#5665
b10000000 .
b1000110100 9
1$
#5670
0$
#5675
b1000110101 9
b10000001 .
1$
#5680
0$
#5685
b10000010 .
b1000110110 9
1$
#5690
0$
#5695
b1000110111 9
b10000011 .
1$
#5700
0$
#5705
b10000100 .
b1000111000 9
1$
#5710
0$
#5715
b1000111001 9
b10000101 .
1$
#5720
0$
#5725
b10000110 .
b1000111010 9
1$
#5730
0$
#5735
b1000111011 9
b10000111 .
1$
#5740
0$
#5745
b10001000 .
b1000111100 9
1$
#5750
0$
#5755
b1000111101 9
b10001001 .
1$
#5760
0$
#5765
b10001010 .
b1000111110 9
1$
#5770
0$
#5775
b1000111111 9
b10001011 .
1$
#5780
0$
#5785
b10001100 .
b1001000000 9
1$
#5790
0$
#5795
b1001000001 9
b10001101 .
1$
#5800
0$
#5805
b10001110 .
b1001000010 9
1$
#5810
0$
#5815
b1001000011 9
b10001111 .
1$
#5820
0$
#5825
b10010000 .
b1001000100 9
1$
#5830
0$
#5835
b1001000101 9
b10010001 .
1$
#5840
0$
#5845
b10010010 .
b1001000110 9
1$
#5850
0$
#5855
b1001000111 9
b10010011 .
1$
#5860
0$
#5865
b10010100 .
b1001001000 9
1$
#5870
0$
#5875
b1001001001 9
b10010101 .
1$
#5880
0$
#5885
b10010110 .
b1001001010 9
1$
#5890
0$
#5895
b1001001011 9
b10010111 .
1$
#5900
0$
#5905
b10011000 .
b1001001100 9
1$
#5910
0$
#5915
b1001001101 9
b10011001 .
1$
#5920
0$
#5925
b10011010 .
b1001001110 9
1$
#5930
0$
#5935
b1001001111 9
b10011011 .
1$
#5940
0$
#5945
b10011100 .
b1001010000 9
1$
#5950
0$
#5955
b1001010001 9
b10011101 .
1$
#5960
0$
#5965
b10011110 .
b1001010010 9
1$
#5970
0$
#5975
b1001010011 9
b10011111 .
1$
#5980
0$
#5985
b10100000 .
b1001010100 9
1$
#5990
0$
#5995
b1001010101 9
b10100001 .
1$
#6000
0$
#6005
b10100010 .
b1001010110 9
1$
#6010
0$
#6015
b1001010111 9
b10100011 .
1$
#6020
0$
#6025
b10100100 .
b1001011000 9
1$
#6030
0$
#6035
b1001011001 9
b10100101 .
1$
#6040
0$
#6045
b10100110 .
b1001011010 9
1$
#6050
0$
#6055
b1001011011 9
b10100111 .
1$
#6060
0$
#6065
b10101000 .
b1001011100 9
1$
#6070
0$
#6075
b1001011101 9
b10101001 .
1$
#6080
0$
#6085
b10101010 .
b1001011110 9
1$
#6090
0$
#6095
b1001011111 9
b10101011 .
1$
#6100
0$
#6105
b10101100 .
b1001100000 9
1$
#6110
0$
#6115
b1001100001 9
b10101101 .
1$
#6120
0$
#6125
b10101110 .
b1001100010 9
1$
#6130
0$
#6135
b1001100011 9
b10101111 .
1$
#6140
0$
#6145
b10110000 .
b1001100100 9
1$
#6150
0$
#6155
b1001100101 9
b10110001 .
1$
#6160
0$
#6165
b10110010 .
b1001100110 9
1$
#6170
0$
#6175
b1001100111 9
b10110011 .
1$
#6180
0$
#6185
b10110100 .
b1001101000 9
1$
#6190
0$
#6195
b1001101001 9
b10110101 .
1$
#6200
0$
#6205
b10110110 .
b1001101010 9
1$
#6210
0$
#6215
b1001101011 9
b10110111 .
1$
#6220
0$
#6225
b10111000 .
b1001101100 9
1$
#6230
0$
#6235
b1001101101 9
b10111001 .
1$
#6240
0$
#6245
b10111010 .
b1001101110 9
1$
#6250
0$
#6255
b1001101111 9
b10111011 .
1$
#6260
0$
#6265
b10111100 .
b1001110000 9
1$
#6270
0$
#6275
b1001110001 9
b10111101 .
1$
#6280
0$
#6285
b10111110 .
b1001110010 9
1$
#6290
0$
#6295
b1001110011 9
b10111111 .
1$
#6300
0$
#6305
b11000000 .
b1001110100 9
1$
#6310
0$
#6315
b1001110101 9
b11000001 .
1$
#6320
0$
#6325
b11000010 .
b1001110110 9
1$
#6330
0$
#6335
b1001110111 9
b11000011 .
1$
#6340
0$
#6345
b11000100 .
b1001111000 9
1$
#6350
0$
#6355
b1001111001 9
b11000101 .
1$
#6360
0$
#6365
b11000110 .
b1001111010 9
1$
#6370
0$
#6375
b1001111011 9
b11000111 .
1$
#6380
0$
#6385
b11001000 .
b1001111100 9
1$
#6390
0$
#6395
b1001111101 9
b11001001 .
1$
#6400
0$
#6405
b11001010 .
b1001111110 9
1$
#6410
0$
#6415
b1001111111 9
b11001011 .
1$
#6420
0$
#6425
b11001100 .
b1010000000 9
1$
#6430
0$
#6435
b1010000001 9
b11001101 .
1$
#6440
0$
#6445
b11001110 .
b1010000010 9
1$
#6450
0$
#6455
b1010000011 9
b11001111 .
1$
#6460
0$
#6465
b11010000 .
b1010000100 9
1$
#6470
0$
#6475
b1010000101 9
b11010001 .
1$
#6480
0$
#6485
b11010010 .
b1010000110 9
1$
#6490
0$
#6495
b1010000111 9
b11010011 .
1$
#6500
0$
#6505
b11010100 .
b1010001000 9
1$
#6510
0$
#6515
b1010001001 9
b11010101 .
1$
#6520
0$
#6525
b11010110 .
b1010001010 9
1$
#6530
0$
#6535
b1010001011 9
b11010111 .
1$
#6540
0$
#6545
b11011000 .
b1010001100 9
1$
#6550
0$
#6555
b1010001101 9
b11011001 .
1$
#6560
0$
#6565
b11011010 .
b1010001110 9
1$
#6570
0$
#6575
b1010001111 9
b11011011 .
1$
#6580
0$
#6585
b11011100 .
b1010010000 9
1$
#6590
0$
#6595
b1010010001 9
b11011101 .
1$
#6600
0$
#6605
b11011110 .
b1010010010 9
1$
#6610
0$
#6615
b1010010011 9
b11011111 .
1$
#6620
0$
#6625
b11100000 .
b1010010100 9
1$
#6630
0$
#6635
b1010010101 9
b11100001 .
1$
#6640
0$
#6645
b11100010 .
b1010010110 9
1$
#6650
0$
#6655
b1010010111 9
b11100011 .
1$
#6660
0$
#6665
b11100100 .
b1010011000 9
1$
#6670
0$
#6675
b1010011001 9
b11100101 .
1$
#6680
0$
#6685
b11100110 .
b1010011010 9
1$
#6690
0$
#6695
b1010011011 9
b11100111 .
1$
#6700
0$
#6705
b11101000 .
b1010011100 9
1$
#6710
0$
#6715
b1010011101 9
b11101001 .
1$
#6720
0$
#6725
b11101010 .
b1010011110 9
1$
#6730
0$
#6735
b1010011111 9
b11101011 .
1$
#6740
0$
#6745
b11101100 .
b1010100000 9
1$
#6750
0$
#6755
b1010100001 9
b11101101 .
1$
#6760
0$
#6765
b11101110 .
b1010100010 9
1$
#6770
0$
#6775
b1010100011 9
b11101111 .
1$
#6780
0$
#6785
b11110000 .
b1010100100 9
1$
#6790
0$
#6795
b1010100101 9
b11110001 .
1$
#6800
0$
#6805
b11110010 .
b1010100110 9
1$
#6810
0$
#6815
b1010100111 9
b11110011 .
1$
#6820
0$
#6825
b11110100 .
b1010101000 9
1$
#6830
0$
#6835
b1010101001 9
b11110101 .
1$
#6840
0$
#6845
b11110110 .
b1010101010 9
1$
#6850
0$
#6855
b1010101011 9
b11110111 .
1$
#6860
0$
#6865
b11111000 .
b1010101100 9
1$
#6870
0$
#6875
b1010101101 9
b11111001 .
1$
#6880
0$
#6885
b11111010 .
b1010101110 9
1$
#6890
0$
#6895
b1010101111 9
b11111011 .
1$
#6900
0$
#6905
b11111100 .
b1010110000 9
1$
#6910
0$
#6915
b1010110001 9
b11111101 .
1$
#6920
0$
#6925
b11111110 .
b1010110010 9
1$
#6930
0$
#6935
b1010110011 9
b11111111 .
1$
#6940
0$
#6945
b100000000 .
b1010110100 9
1$
#6950
0$
#6955
b1010110101 9
b100000001 .
1$
#6960
0$
#6965
b100000010 .
b1010110110 9
1$
#6970
0$
#6975
b1010110111 9
b100000011 .
1$
#6980
0$
#6985
b100000100 .
b1010111000 9
1$
#6990
0$
#6995
b1010111001 9
b100000101 .
1$
#7000
0$
#7005
b100000110 .
b1010111010 9
1$
#7010
0$
#7015
b1010111011 9
b100000111 .
1$
#7020
0$
#7025
b100001000 .
b1010111100 9
1$
#7030
0$
#7035
b1010111101 9
b100001001 .
1$
#7040
0$
#7045
b100001010 .
b1010111110 9
1$
#7050
0$
#7055
b1010111111 9
b100001011 .
1$
#7060
0$
#7065
b100001100 .
b1011000000 9
1$
#7070
0$
#7075
b1011000001 9
b100001101 .
1$
#7080
0$
#7085
b100001110 .
b1011000010 9
1$
#7090
0$
#7095
b1011000011 9
b100001111 .
1$
#7100
0$
#7105
b100010000 .
b1011000100 9
1$
#7110
0$
#7115
b1011000101 9
b100010001 .
1$
#7120
0$
#7125
b100010010 .
b1011000110 9
1$
#7130
0$
#7135
b1011000111 9
b100010011 .
1$
#7140
0$
#7145
b100010100 .
b1011001000 9
1$
#7150
0$
#7155
b1011001001 9
b100010101 .
1$
#7160
0$
#7165
b100010110 .
b1011001010 9
1$
#7170
0$
#7175
b1011001011 9
b100010111 .
1$
#7180
0$
#7185
b100011000 .
b1011001100 9
1$
#7190
0$
#7195
b1011001101 9
b100011001 .
1$
#7200
0$
#7205
b100011010 .
b1011001110 9
1$
#7210
0$
#7215
b1011001111 9
b100011011 .
1$
#7220
0$
#7225
b100011100 .
b1011010000 9
1$
#7230
0$
#7235
b1011010001 9
b100011101 .
1$
#7240
0$
#7245
b100011110 .
b1011010010 9
1$
#7250
0$
#7255
b1011010011 9
b100011111 .
1$
#7260
0$
#7265
b100100000 .
b1011010100 9
1$
#7270
0$
#7275
b1011010101 9
b100100001 .
1$
#7280
0$
#7285
b100100010 .
b1011010110 9
1$
#7290
0$
#7295
b1011010111 9
b100100011 .
1$
#7300
0$
#7305
b100100100 .
b1011011000 9
1$
#7310
0$
#7315
b1011011001 9
b100100101 .
1$
#7320
0$
#7325
b100100110 .
b1011011010 9
1$
#7330
0$
#7335
b1011011011 9
b100100111 .
1$
#7340
0$
#7345
b100101000 .
b1011011100 9
1$
#7350
0$
#7355
b1011011101 9
b100101001 .
1$
#7360
0$
#7365
b100101010 .
b1011011110 9
1$
#7370
0$
#7375
b1011011111 9
b100101011 .
1$
#7380
0$
#7385
b100101100 .
b1011100000 9
1$
#7390
0$
#7395
b1011100001 9
b100101101 .
1$
#7400
0$
#7405
b100101110 .
b1011100010 9
1$
#7410
0$
#7415
b1011100011 9
b100101111 .
1$
#7420
0$
#7425
b100110000 .
b1011100100 9
1$
#7430
0$
#7435
b1011100101 9
b100110001 .
1$
#7440
0$
#7445
b100110010 .
b1011100110 9
1$
#7450
0$
#7455
b1011100111 9
b100110011 .
1$
#7460
0$
#7465
b100110100 .
b1011101000 9
1$
#7470
0$
#7475
b1011101001 9
b100110101 .
1$
#7480
0$
#7485
b100110110 .
b1011101010 9
1$
#7490
0$
#7495
b1011101011 9
b100110111 .
1$
#7500
0$
#7505
b100111000 .
b1011101100 9
1$
#7510
0$
#7515
b1011101101 9
b100111001 .
1$
#7520
0$
#7525
b100111010 .
b1011101110 9
1$
#7530
0$
#7535
b1011101111 9
b100111011 .
1$
#7540
0$
#7545
b100111100 .
b1011110000 9
1$
#7550
0$
#7555
b1011110001 9
b100111101 .
1$
#7560
0$
#7565
b100111110 .
b1011110010 9
1$
#7570
0$
#7575
b1011110011 9
b100111111 .
1$
#7580
0$
#7585
b101000000 .
b1011110100 9
1$
#7590
0$
#7595
b1011110101 9
b101000001 .
1$
#7600
0$
#7605
b101000010 .
b1011110110 9
1$
#7610
0$
#7615
b1011110111 9
b101000011 .
1$
#7620
0$
#7625
b101000100 .
b1011111000 9
1$
#7630
0$
#7635
b1011111001 9
b101000101 .
1$
#7640
0$
#7645
b101000110 .
b1011111010 9
1$
#7650
0$
#7655
b1011111011 9
b101000111 .
1$
#7660
0$
#7665
b101001000 .
b1011111100 9
1$
#7670
0$
#7675
b1011111101 9
b101001001 .
1$
#7680
0$
#7685
b101001010 .
b1011111110 9
1$
#7690
0$
#7695
b1011111111 9
b101001011 .
1$
#7700
0$
#7705
b101001100 .
b1100000000 9
1$
#7710
0$
#7715
b1100000001 9
b101001101 .
1$
#7720
0$
#7725
b101001110 .
b1100000010 9
1$
#7730
0$
#7735
b1100000011 9
b101001111 .
1$
#7740
0$
#7745
b101010000 .
b1100000100 9
1$
#7750
0$
#7755
b1100000101 9
b101010001 .
1$
#7760
0$
#7765
b101010010 .
b1100000110 9
1$
#7770
0$
#7775
b1100000111 9
b101010011 .
1$
#7780
0$
#7785
b101010100 .
b1100001000 9
1$
#7790
0$
#7795
b1100001001 9
b101010101 .
1$
#7800
0$
#7805
b101010110 .
b1100001010 9
1$
#7810
0$
#7815
b1100001011 9
b101010111 .
1$
#7820
0$
#7825
b101011000 .
b1100001100 9
1$
#7830
0$
#7835
b1100001101 9
b101011001 .
1$
#7840
0$
#7845
b101011010 .
b1100001110 9
1$
#7850
0$
#7855
b1100001111 9
b101011011 .
1$
#7860
0$
#7865
b101011100 .
b1100010000 9
1$
#7870
0$
#7875
b1100010001 9
b101011101 .
1$
#7880
0$
#7885
b101011110 .
b1100010010 9
1$
#7890
0$
#7895
b1100010011 9
b101011111 .
1$
#7900
0$
#7905
b101100000 .
b1100010100 9
1$
#7910
0$
#7915
b1100010101 9
b101100001 .
1$
#7920
0$
#7925
b101100010 .
b1100010110 9
1$
#7930
0$
#7935
b1100010111 9
b101100011 .
1$
#7940
0$
#7945
b101100100 .
b1100011000 9
1$
#7950
0$
#7955
b1100011001 9
b101100101 .
1$
#7960
0$
#7965
b101100110 .
b1100011010 9
1$
#7970
0$
#7975
b1100011011 9
b101100111 .
1$
#7980
0$
#7985
b101101000 .
b1100011100 9
1$
#7990
0$
#7995
b1100011101 9
b101101001 .
1$
#8000
0$
#8005
b101101010 .
b1100011110 9
1$
#8010
0$
#8015
b1100011111 9
b101101011 .
1$
#8020
0$
#8025
b101101100 .
b1100100000 9
1$
#8030
0$
#8035
b1100100001 9
b101101101 .
1$
#8040
0$
#8045
b101101110 .
b1100100010 9
1$
#8050
0$
#8055
b1100100011 9
b101101111 .
1$
#8060
0$
#8065
b101110000 .
b1100100100 9
1$
#8070
0$
#8075
b1100100101 9
b101110001 .
1$
#8080
0$
#8085
b101110010 .
b1100100110 9
1$
#8090
0$
#8095
b1100100111 9
b101110011 .
1$
#8100
0$
#8105
b101110100 .
b1100101000 9
1$
#8110
0$
#8115
b1100101001 9
b101110101 .
1$
#8120
0$
#8125
b101110110 .
b1100101010 9
1$
#8130
0$
#8135
b1100101011 9
b101110111 .
1$
#8140
0$
#8145
b101111000 .
b1100101100 9
1$
#8150
0$
#8155
b1100101101 9
b101111001 .
1$
#8160
0$
#8165
b101111010 .
b1100101110 9
1$
#8170
0$
#8175
b1100101111 9
b101111011 .
1$
#8180
0$
#8185
b101111100 .
b1100110000 9
1$
#8190
0$
#8195
b1100110001 9
b101111101 .
1$
#8200
0$
#8205
b101111110 .
b1100110010 9
1$
#8210
0$
#8215
b1100110011 9
b101111111 .
1$
#8220
0$
#8225
b110000000 .
b1100110100 9
1$
#8230
0$
#8235
b1100110101 9
b110000001 .
1$
#8240
0$
#8245
b110000010 .
b1100110110 9
1$
#8250
0$
#8255
b1100110111 9
b110000011 .
1$
#8260
0$
#8265
b110000100 .
b1100111000 9
1$
#8270
0$
#8275
b1100111001 9
b110000101 .
1$
#8280
0$
#8285
b110000110 .
b1100111010 9
1$
#8290
0$
#8295
b1100111011 9
b110000111 .
1$
#8300
0$
#8305
b110001000 .
b1100111100 9
1$
#8310
0$
#8315
b1100111101 9
b110001001 .
1$
#8320
0$
#8325
b110001010 .
b1100111110 9
1$
#8330
0$
#8335
b1100111111 9
b110001011 .
1$
#8340
0$
#8345
b110001100 .
b1101000000 9
1$
#8350
0$
#8355
b1101000001 9
b110001101 .
1$
#8360
0$
#8365
b110001110 .
b1101000010 9
1$
#8370
0$
#8375
b1101000011 9
b110001111 .
1$
#8380
0$
#8385
b110010000 .
b1101000100 9
1$
#8390
0$
#8395
b1101000101 9
b110010001 .
1$
#8400
0$
#8405
b110010010 .
b1101000110 9
1$
#8410
0$
#8415
b1101000111 9
b110010011 .
1$
#8420
0$
#8425
b110010100 .
b1101001000 9
1$
#8430
0$
#8435
b1101001001 9
b110010101 .
1$
#8440
0$
#8445
b110010110 .
b1101001010 9
1$
#8450
0$
#8455
b1101001011 9
b110010111 .
1$
#8460
0$
#8465
b110011000 .
b1101001100 9
1$
#8470
0$
#8475
b1101001101 9
b110011001 .
1$
#8480
0$
#8485
b110011010 .
b1101001110 9
1$
#8490
0$
#8495
b1101001111 9
b110011011 .
1$
#8500
0$
#8505
b110011100 .
b1101010000 9
1$
#8510
0$
#8515
b1101010001 9
b110011101 .
1$
#8520
0$
#8525
b110011110 .
b1101010010 9
1$
#8530
0$
#8535
b1101010011 9
b110011111 .
1$
#8540
0$
#8545
b110100000 .
b1101010100 9
1$
#8550
0$
#8555
b1101010101 9
b110100001 .
1$
#8560
0$
#8565
b110100010 .
b1101010110 9
1$
#8570
0$
#8575
b1101010111 9
b110100011 .
1$
#8580
0$
#8585
b110100100 .
b1101011000 9
1$
#8590
0$
#8595
b1101011001 9
b110100101 .
1$
#8600
0$
#8605
b110100110 .
b1101011010 9
1$
#8610
0$
#8615
b1101011011 9
b110100111 .
1$
#8620
0$
#8625
b110101000 .
b1101011100 9
1$
#8630
0$
#8635
b1101011101 9
b110101001 .
1$
#8640
0$
#8645
b110101010 .
b1101011110 9
1$
#8650
0$
#8655
b1101011111 9
b110101011 .
1$
#8660
0$
#8665
b110101100 .
b1101100000 9
1$
#8670
0$
#8675
b1101100001 9
b110101101 .
1$
#8680
0$
#8685
b110101110 .
b1101100010 9
1$
#8690
0$
#8695
b1101100011 9
b110101111 .
1$
#8700
0$
#8705
b110110000 .
b10 ;
b0 9
1$
#8710
0$
#8715
b1 9
1!
b110110001 .
1$
#8720
0$
#8725
b110110010 .
b10 9
1$
#8730
0$
#8735
b11 9
b110110011 .
1$
#8740
0$
#8745
b110110100 .
b100 9
1$
#8750
0$
#8755
b101 9
b110110101 .
1$
#8760
0$
#8765
b110110110 .
b110 9
1$
#8770
0$
#8775
b111 9
b110110111 .
1$
#8780
0$
#8785
b110111000 .
b1000 9
1$
#8790
0$
#8795
b1001 9
b110111001 .
1$
#8800
0$
#8805
b110111010 .
b1010 9
1$
#8810
0$
#8815
b1011 9
b110111011 .
1$
#8820
0$
#8825
b110111100 .
b1100 9
1$
#8830
0$
#8835
b1101 9
b110111101 .
1$
#8840
0$
#8845
b110111110 .
b1110 9
1$
#8850
0$
#8855
b1111 9
b110111111 .
1$
#8860
0$
#8865
b111000000 .
b10000 9
1$
#8870
0$
#8875
b10001 9
b111000001 .
1$
#8880
0$
#8885
b111000010 .
b10010 9
1$
#8890
0$
#8895
b10011 9
b111000011 .
1$
#8900
0$
#8905
b111000100 .
b10100 9
1$
#8910
0$
#8915
b10101 9
b111000101 .
1$
#8920
0$
#8925
b111000110 .
b10110 9
1$
#8930
0$
#8935
b10111 9
b111000111 .
1$
#8940
0$
#8945
b111001000 .
b11000 9
1$
#8950
0$
#8955
b11001 9
b111001001 .
1$
#8960
0$
#8965
b111001010 .
b11010 9
1$
#8970
0$
#8975
b11011 9
b111001011 .
1$
#8980
0$
#8985
b111001100 .
b11100 9
1$
#8990
0$
#8995
b11101 9
b111001101 .
1$
#9000
0$
#9005
b111001110 .
b11110 9
1$
#9010
0$
#9015
b11111 9
b111001111 .
1$
#9020
0$
#9025
b111010000 .
b100000 9
1$
#9030
0$
#9035
b100001 9
b111010001 .
1$
#9040
0$
#9045
b111010010 .
b100010 9
1$
#9050
0$
#9055
b100011 9
b111010011 .
1$
#9060
0$
#9065
b111010100 .
b100100 9
1$
#9070
0$
#9075
b100101 9
b111010101 .
1$
#9080
0$
#9085
b111010110 .
b100110 9
1$
#9090
0$
#9095
b100111 9
b111010111 .
1$
#9100
0$
#9105
b111011000 .
b101000 9
1$
#9110
0$
#9115
b101001 9
b111011001 .
1$
#9120
0$
#9125
b111011010 .
b101010 9
1$
#9130
0$
#9135
b101011 9
b111011011 .
1$
#9140
0$
#9145
b111011100 .
b101100 9
1$
#9150
0$
#9155
b101101 9
b111011101 .
1$
#9160
0$
#9165
b111011110 .
b101110 9
1$
#9170
0$
#9175
b101111 9
b111011111 .
1$
#9180
0$
#9185
b111100000 .
b110000 9
1$
#9190
0$
#9195
b110001 9
b111100001 .
1$
#9200
0$
#9205
b111100010 .
b110010 9
1$
#9210
0$
#9215
b110011 9
b111100011 .
1$
#9220
0$
#9225
b111100100 .
b110100 9
1$
#9230
0$
#9235
b110101 9
b111100101 .
1$
#9240
0$
#9245
b111100110 .
b110110 9
1$
#9250
0$
#9255
b110111 9
b111100111 .
1$
#9260
0$
#9265
b111101000 .
b111000 9
1$
#9270
0$
#9275
b111001 9
b111101001 .
1$
#9280
0$
#9285
b111101010 .
b111010 9
1$
#9290
0$
#9295
b111011 9
b111101011 .
1$
#9300
0$
#9305
b111101100 .
b111100 9
1$
#9310
0$
#9315
b111101 9
b111101101 .
1$
#9320
0$
#9325
b111101110 .
b111110 9
1$
#9330
0$
#9335
b111111 9
b111101111 .
1$
#9340
0$
#9345
b111110000 .
b1000000 9
1$
#9350
0$
#9355
b1000001 9
b111110001 .
1$
#9360
0$
#9365
b111110010 .
b1000010 9
1$
#9370
0$
#9375
b1000011 9
b111110011 .
1$
#9380
0$
#9385
b111110100 .
b1000100 9
1$
#9390
0$
#9395
b1000101 9
b111110101 .
1$
#9400
0$
#9405
b111110110 .
b1000110 9
1$
#9410
0$
#9415
b1000111 9
b111110111 .
1$
#9420
0$
#9425
b111111000 .
b1001000 9
1$
#9430
0$
#9435
b1001001 9
b111111001 .
1$
#9440
0$
#9445
b111111010 .
b1001010 9
1$
#9450
0$
#9455
b1001011 9
b111111011 .
1$
#9460
0$
#9465
b111111100 .
b1001100 9
1$
#9470
0$
#9475
b1001101 9
b111111101 .
1$
#9480
0$
#9485
b111111110 .
b1001110 9
1$
#9490
0$
#9495
b1001111 9
b111111111 .
1$
#9500
0$
#9505
b1000000000 .
b1010000 9
1$
#9510
0$
#9515
b1010001 9
b1000000001 .
1$
#9520
0$
#9525
b1000000010 .
b1010010 9
1$
#9530
0$
#9535
b1010011 9
b1000000011 .
1$
#9540
0$
#9545
b1000000100 .
b1010100 9
1$
#9550
0$
#9555
b1010101 9
b1000000101 .
1$
#9560
0$
#9565
b1000000110 .
b1010110 9
1$
#9570
0$
#9575
b1010111 9
b1000000111 .
1$
#9580
0$
#9585
b1000001000 .
b1011000 9
1$
#9590
0$
#9595
b1011001 9
b1000001001 .
1$
#9600
0$
#9605
b1000001010 .
b1011010 9
1$
#9610
0$
#9615
b1011011 9
b1000001011 .
1$
#9620
0$
#9625
b1000001100 .
b1011100 9
1$
#9630
0$
#9635
b1011101 9
b1000001101 .
1$
#9640
0$
#9645
b1000001110 .
b1011110 9
1$
#9650
0$
#9655
b1011111 9
b1000001111 .
1$
#9660
0$
#9665
b1000010000 .
b1100000 9
1$
#9670
0$
#9675
b1100001 9
b1000010001 .
1$
#9680
0$
#9685
b1000010010 .
b1100010 9
1$
#9690
0$
#9695
b1100011 9
b1000010011 .
1$
#9700
0$
#9705
b1000010100 .
b1100100 9
1$
#9710
0$
#9715
b1100101 9
b1000010101 .
1$
#9720
0$
#9725
b1000010110 .
b1100110 9
1$
#9730
0$
#9735
b1100111 9
b1000010111 .
1$
#9740
0$
#9745
b1000011000 .
b1101000 9
1$
#9750
0$
#9755
b1101001 9
b1000011001 .
1$
#9760
0$
#9765
b1000011010 .
b1101010 9
1$
#9770
0$
#9775
b1101011 9
b1000011011 .
1$
#9780
0$
#9785
b1000011100 .
b1101100 9
1$
#9790
0$
#9795
b1101101 9
b1000011101 .
1$
#9800
0$
#9805
b1000011110 .
b1101110 9
1$
#9810
0$
#9815
b1101111 9
b1000011111 .
1$
#9820
0$
#9825
b1000100000 .
b1110000 9
1$
#9830
0$
#9835
b1110001 9
b1000100001 .
1$
#9840
0$
#9845
b1000100010 .
b1110010 9
1$
#9850
0$
#9855
b1110011 9
b1000100011 .
1$
#9860
0$
#9865
b1000100100 .
b1110100 9
1$
#9870
0$
#9875
b1110101 9
b1000100101 .
1$
#9880
0$
#9885
b1000100110 .
b1110110 9
1$
#9890
0$
#9895
b1110111 9
b1000100111 .
1$
#9900
0$
#9905
b1000101000 .
b1111000 9
1$
#9910
0$
#9915
b1111001 9
b1000101001 .
1$
#9920
0$
#9925
b1000101010 .
b1111010 9
1$
#9930
0$
#9935
b1111011 9
b1000101011 .
1$
#9940
0$
#9945
b1000101100 .
b1111100 9
1$
#9950
0$
#9955
b1111101 9
b1000101101 .
1$
#9960
0$
#9965
b1000101110 .
b1111110 9
1$
#9970
0$
#9975
b1111111 9
b1000101111 .
1$
#9980
0$
#9985
b1000110000 .
b10000000 9
1$
#9990
0$
#9995
b10000001 9
b1000110001 .
1$
#10000
0$
#10005
b1000110010 .
b10000010 9
1$
#10010
0$
#10015
b10000011 9
b1000110011 .
1$
#10020
0$
#10025
b1000110100 .
b10000100 9
1$
#10030
0$
#10035
b10000101 9
b1000110101 .
1$
#10040
0$
#10045
b1000110110 .
b10000110 9
1$
#10050
0$
#10055
b10000111 9
b1000110111 .
1$
#10060
0$
#10065
b1000111000 .
b10001000 9
1$
#10070
0$
#10075
b10001001 9
b1000111001 .
1$
#10080
0$
#10085
b1000111010 .
b10001010 9
1$
#10090
0$
#10095
b10001011 9
b1000111011 .
1$
#10100
0$
#10105
b1000111100 .
b10001100 9
1$
#10110
0$
#10115
b10001101 9
b1000111101 .
1$
#10120
0$
#10125
b1000111110 .
b10001110 9
1$
#10130
0$
#10135
b10001111 9
b1000111111 .
1$
#10140
0$
#10145
b1001000000 .
b10010000 9
1$
#10150
0$
#10155
b10010001 9
b1001000001 .
1$
#10160
0$
#10165
b1001000010 .
b10010010 9
1$
#10170
0$
#10175
b10010011 9
b1001000011 .
1$
#10180
0$
#10185
b1001000100 .
b10010100 9
1$
#10190
0$
#10195
b10010101 9
b1001000101 .
1$
#10200
0$
#10205
b1001000110 .
b10010110 9
1$
#10210
0$
#10215
b10010111 9
b1001000111 .
1$
#10220
0$
#10225
b1001001000 .
b10011000 9
1$
#10230
0$
#10235
b10011001 9
b1001001001 .
1$
#10240
0$
#10245
b1001001010 .
b10011010 9
1$
#10250
0$
#10255
b10011011 9
b1001001011 .
1$
#10260
0$
#10265
b1001001100 .
b10011100 9
1$
#10270
0$
#10275
b10011101 9
b1001001101 .
1$
#10280
0$
#10285
b1001001110 .
b10011110 9
1$
#10290
0$
#10295
b10011111 9
b1001001111 .
1$
#10300
0$
#10305
b1001010000 .
b10100000 9
1$
#10310
0$
#10315
b10100001 9
b1001010001 .
1$
#10320
0$
#10325
b1001010010 .
b10100010 9
1$
#10330
0$
#10335
b10100011 9
b1001010011 .
1$
#10340
0$
#10345
b1001010100 .
b10100100 9
1$
#10350
0$
#10355
b10100101 9
b1001010101 .
1$
#10360
0$
#10365
b1001010110 .
b10100110 9
1$
#10370
0$
#10375
b10100111 9
b1001010111 .
1$
#10380
0$
#10385
b1001011000 .
b10101000 9
1$
#10390
0$
#10395
b10101001 9
b1001011001 .
1$
#10400
0$
#10405
b1001011010 .
b10101010 9
1$
#10410
0$
#10415
b10101011 9
b1001011011 .
1$
#10420
0$
#10425
b1001011100 .
b10101100 9
1$
#10430
0$
#10435
b10101101 9
b1001011101 .
1$
#10440
0$
#10445
b1001011110 .
b10101110 9
1$
#10450
0$
#10455
b10101111 9
b1001011111 .
1$
#10460
0$
#10465
b1001100000 .
b10110000 9
1$
#10470
0$
#10475
b10110001 9
b1001100001 .
1$
#10480
0$
#10485
b1001100010 .
b10110010 9
1$
#10490
0$
#10495
b10110011 9
b1001100011 .
1$
#10500
0$
#10505
b1001100100 .
b10110100 9
1$
#10510
0$
#10515
b10110101 9
b1001100101 .
1$
#10520
0$
#10525
b1001100110 .
b10110110 9
1$
#10530
0$
#10535
b10110111 9
b1001100111 .
1$
#10540
0$
#10545
b1001101000 .
b10111000 9
1$
#10550
0$
#10555
b10111001 9
b1001101001 .
1$
#10560
0$
#10565
b1001101010 .
b10111010 9
1$
#10570
0$
#10575
b10111011 9
b1001101011 .
1$
#10580
0$
#10585
b1001101100 .
b10111100 9
1$
#10590
0$
#10595
b10111101 9
b1001101101 .
1$
#10600
0$
#10605
b1001101110 .
b10111110 9
1$
#10610
0$
#10615
b10111111 9
b1001101111 .
1$
#10620
0$
#10625
b1001110000 .
b11000000 9
1$
#10630
0$
#10635
b11000001 9
b1001110001 .
1$
#10640
0$
#10645
b1001110010 .
b11000010 9
1$
#10650
0$
#10655
b11000011 9
b1001110011 .
1$
#10660
0$
#10665
b1001110100 .
b11000100 9
1$
#10670
0$
#10675
b11000101 9
b1001110101 .
1$
#10680
0$
#10685
b1001110110 .
b11000110 9
1$
#10690
0$
#10695
b11000111 9
b1001110111 .
1$
#10700
0$
#10705
b1001111000 .
b11001000 9
1$
#10710
0$
#10715
b11001001 9
b1001111001 .
1$
#10720
0$
#10725
b1001111010 .
b11001010 9
1$
#10730
0$
#10735
b11001011 9
b1001111011 .
1$
#10740
0$
#10745
b1001111100 .
b11001100 9
1$
#10750
0$
#10755
b11001101 9
b1001111101 .
1$
#10760
0$
#10765
b1001111110 .
b11001110 9
1$
#10770
0$
#10775
b11001111 9
b1001111111 .
1$
#10780
0$
#10785
b1010000000 .
b11010000 9
1$
#10790
0$
#10795
b11010001 9
b1010000001 .
1$
#10800
0$
#10805
b1010000010 .
b11010010 9
1$
#10810
0$
#10815
b11010011 9
b1010000011 .
1$
#10820
0$
#10825
b1010000100 .
b11010100 9
1$
#10830
0$
#10835
b11010101 9
b1010000101 .
1$
#10840
0$
#10845
b1010000110 .
b11010110 9
1$
#10850
0$
#10855
b11010111 9
b1010000111 .
1$
#10860
0$
#10865
b1010001000 .
b11011000 9
1$
#10870
0$
#10875
b11011001 9
b1010001001 .
1$
#10880
0$
#10885
b1010001010 .
b11011010 9
1$
#10890
0$
#10895
b11011011 9
b1010001011 .
1$
#10900
0$
#10905
b1010001100 .
b11011100 9
1$
#10910
0$
#10915
b11011101 9
b1010001101 .
1$
#10920
0$
#10925
b1010001110 .
b11011110 9
1$
#10930
0$
#10935
b11011111 9
b1010001111 .
1$
#10940
0$
#10945
b1010010000 .
b11100000 9
1$
#10950
0$
#10955
b11100001 9
b1010010001 .
1$
#10960
0$
#10965
b1010010010 .
b11100010 9
1$
#10970
0$
#10975
b11100011 9
b1010010011 .
1$
#10980
0$
#10985
b1010010100 .
b11100100 9
1$
#10990
0$
#10995
b11100101 9
b1010010101 .
1$
#11000
0$
#11005
b1010010110 .
b11100110 9
1$
#11010
0$
#11015
b11100111 9
b1010010111 .
1$
#11020
0$
#11025
b1010011000 .
b11101000 9
1$
#11030
0$
#11035
b11101001 9
b1010011001 .
1$
#11040
0$
#11045
b1010011010 .
b11101010 9
1$
#11050
0$
#11055
b11101011 9
b1010011011 .
1$
#11060
0$
#11065
b1010011100 .
b11101100 9
1$
#11070
0$
#11075
b11101101 9
b1010011101 .
1$
#11080
0$
#11085
b1010011110 .
b11101110 9
1$
#11090
0$
#11095
b11101111 9
b1010011111 .
1$
#11100
0$
#11105
b1010100000 .
b11110000 9
1$
#11110
0$
#11115
b11110001 9
b1010100001 .
1$
#11120
0$
#11125
b1010100010 .
b11110010 9
1$
#11130
0$
#11135
b11110011 9
b1010100011 .
1$
#11140
0$
#11145
b1010100100 .
b11110100 9
1$
#11150
0$
#11155
b11110101 9
b1010100101 .
1$
#11160
0$
#11165
b1010100110 .
b11110110 9
1$
#11170
0$
#11175
b11110111 9
b1010100111 .
1$
#11180
0$
#11185
b1010101000 .
b11111000 9
1$
#11190
0$
#11195
b11111001 9
b1010101001 .
1$
#11200
0$
#11205
b1010101010 .
b11111010 9
1$
#11210
0$
#11215
b11111011 9
b1010101011 .
1$
#11220
0$
#11225
b1010101100 .
b11111100 9
1$
#11230
0$
#11235
b11111101 9
b1010101101 .
1$
#11240
0$
#11245
b1010101110 .
b11111110 9
1$
#11250
0$
#11255
b11111111 9
b1010101111 .
1$
#11260
0$
#11265
b1010110000 .
b100000000 9
1$
#11270
0$
#11275
b100000001 9
b1010110001 .
1$
#11280
0$
#11285
b1010110010 .
b100000010 9
1$
#11290
0$
#11295
b100000011 9
b1010110011 .
1$
#11300
0$
#11305
b1010110100 .
b100000100 9
1$
#11310
0$
#11315
b100000101 9
b1010110101 .
1$
#11320
0$
#11325
b1010110110 .
b100000110 9
1$
#11330
0$
#11335
b100000111 9
b1010110111 .
1$
#11340
0$
#11345
b1010111000 .
b100001000 9
1$
#11350
0$
#11355
b100001001 9
b1010111001 .
1$
#11360
0$
#11365
b1010111010 .
b100001010 9
1$
#11370
0$
#11375
b100001011 9
b1010111011 .
1$
#11380
0$
#11385
b1010111100 .
b100001100 9
1$
#11390
0$
#11395
b100001101 9
b1010111101 .
1$
#11400
0$
#11405
b1010111110 .
b100001110 9
1$
#11410
0$
#11415
b100001111 9
b1010111111 .
1$
#11420
0$
#11425
b1011000000 .
b100010000 9
1$
#11430
0$
#11435
b100010001 9
b1011000001 .
1$
#11440
0$
#11445
b1011000010 .
b100010010 9
1$
#11450
0$
#11455
b100010011 9
b1011000011 .
1$
#11460
0$
#11465
b1011000100 .
b100010100 9
1$
#11470
0$
#11475
b100010101 9
b1011000101 .
1$
#11480
0$
#11485
b1011000110 .
b100010110 9
1$
#11490
0$
#11495
b100010111 9
b1011000111 .
1$
#11500
0$
#11505
b1011001000 .
b100011000 9
1$
#11510
0$
#11515
b100011001 9
b1011001001 .
1$
#11520
0$
#11525
b1011001010 .
b100011010 9
1$
#11530
0$
#11535
b100011011 9
b1011001011 .
1$
#11540
0$
#11545
b1011001100 .
b100011100 9
1$
#11550
0$
#11555
b100011101 9
b1011001101 .
1$
#11560
0$
#11565
b1011001110 .
b100011110 9
1$
#11570
0$
#11575
b100011111 9
b1011001111 .
1$
#11580
0$
#11585
b1011010000 .
b100100000 9
1$
#11590
0$
#11595
b100100001 9
b1011010001 .
1$
#11600
0$
#11605
b1011010010 .
b100100010 9
1$
#11610
0$
#11615
b100100011 9
b1011010011 .
1$
#11620
0$
#11625
b1011010100 .
b100100100 9
1$
#11630
0$
#11635
b100100101 9
b1011010101 .
1$
#11640
0$
#11645
b1011010110 .
b100100110 9
1$
#11650
0$
#11655
b100100111 9
b1011010111 .
1$
#11660
0$
#11665
b1011011000 .
b100101000 9
1$
#11670
0$
#11675
b100101001 9
b1011011001 .
1$
#11680
0$
#11685
b1011011010 .
b100101010 9
1$
#11690
0$
#11695
b100101011 9
b1011011011 .
1$
#11700
0$
#11705
b1011011100 .
b100101100 9
1$
#11710
0$
#11715
b100101101 9
b1011011101 .
1$
#11720
0$
#11725
b1011011110 .
b100101110 9
1$
#11730
0$
#11735
b100101111 9
b1011011111 .
1$
#11740
0$
#11745
b1011100000 .
b100110000 9
1$
#11750
0$
#11755
b100110001 9
b1011100001 .
1$
#11760
0$
#11765
b1011100010 .
b100110010 9
1$
#11770
0$
#11775
b100110011 9
b1011100011 .
1$
#11780
0$
#11785
b1011100100 .
b100110100 9
1$
#11790
0$
#11795
b100110101 9
b1011100101 .
1$
#11800
0$
#11805
b1011100110 .
b100110110 9
1$
#11810
0$
#11815
b100110111 9
b1011100111 .
1$
#11820
0$
#11825
b1011101000 .
b100111000 9
1$
#11830
0$
#11835
b100111001 9
b1011101001 .
1$
#11840
0$
#11845
b1011101010 .
b100111010 9
1$
#11850
0$
#11855
b100111011 9
b1011101011 .
1$
#11860
0$
#11865
b1011101100 .
b100111100 9
1$
#11870
0$
#11875
b100111101 9
b1011101101 .
1$
#11880
0$
#11885
b1011101110 .
b100111110 9
1$
#11890
0$
#11895
b100111111 9
b1011101111 .
1$
#11900
0$
#11905
b1011110000 .
b101000000 9
1$
#11910
0$
#11915
b101000001 9
b1011110001 .
1$
#11920
0$
#11925
b1011110010 .
b101000010 9
1$
#11930
0$
#11935
b101000011 9
b1011110011 .
1$
#11940
0$
#11945
b1011110100 .
b101000100 9
1$
#11950
0$
#11955
b101000101 9
b1011110101 .
1$
#11960
0$
#11965
b1011110110 .
b101000110 9
1$
#11970
0$
#11975
b101000111 9
b1011110111 .
1$
#11980
0$
#11985
b1011111000 .
b101001000 9
1$
#11990
0$
#11995
b101001001 9
b1011111001 .
1$
#12000
0$
#12005
b1011111010 .
b101001010 9
1$
#12010
0$
#12015
b101001011 9
b1011111011 .
1$
#12020
0$
#12025
b1011111100 .
b101001100 9
1$
#12030
0$
#12035
b101001101 9
b1011111101 .
1$
#12040
0$
#12045
b1011111110 .
b101001110 9
1$
#12050
0$
#12055
b101001111 9
b1011111111 .
1$
#12060
0$
#12065
b1100000000 .
b101010000 9
1$
#12070
0$
#12075
b101010001 9
b1100000001 .
1$
#12080
0$
#12085
b1100000010 .
b101010010 9
1$
#12090
0$
#12095
b101010011 9
b1100000011 .
1$
#12100
0$
#12105
b1100000100 .
b101010100 9
1$
#12110
0$
#12115
b101010101 9
b1100000101 .
1$
#12120
0$
#12125
b1100000110 .
b101010110 9
1$
#12130
0$
#12135
b101010111 9
b1100000111 .
1$
#12140
0$
#12145
b1100001000 .
b101011000 9
1$
#12150
0$
#12155
b101011001 9
b1100001001 .
1$
#12160
0$
#12165
b1100001010 .
b101011010 9
1$
#12170
0$
#12175
b101011011 9
b1100001011 .
1$
#12180
0$
#12185
b1100001100 .
b101011100 9
1$
#12190
0$
#12195
b101011101 9
b1100001101 .
1$
#12200
0$
#12205
b1100001110 .
b101011110 9
1$
#12210
0$
#12215
b101011111 9
b1100001111 .
1$
#12220
0$
#12225
b1100010000 .
b101100000 9
1$
#12230
0$
#12235
b101100001 9
b1100010001 .
1$
#12240
0$
#12245
b1100010010 .
b101100010 9
1$
#12250
0$
#12255
b101100011 9
b1100010011 .
1$
#12260
0$
#12265
b1100010100 .
b101100100 9
1$
#12270
0$
#12275
b101100101 9
b1100010101 .
1$
#12280
0$
#12285
b1100010110 .
b101100110 9
1$
#12290
0$
#12295
b101100111 9
b1100010111 .
1$
#12300
0$
#12305
b1100011000 .
b101101000 9
1$
#12310
0$
#12315
b101101001 9
b1100011001 .
1$
#12320
0$
#12325
b1100011010 .
b101101010 9
1$
#12330
0$
#12335
b101101011 9
b1100011011 .
1$
#12340
0$
#12345
b1100011100 .
b101101100 9
1$
#12350
0$
#12355
b101101101 9
b1100011101 .
1$
#12360
0$
#12365
b1100011110 .
b101101110 9
1$
#12370
0$
#12375
b101101111 9
b1100011111 .
1$
#12380
0$
#12385
b1100100000 .
b101110000 9
1$
#12390
0$
#12395
b101110001 9
b1100100001 .
1$
#12400
0$
#12405
b1100100010 .
b101110010 9
1$
#12410
0$
#12415
b101110011 9
b1100100011 .
1$
#12420
0$
#12425
b1100100100 .
b101110100 9
1$
#12430
0$
#12435
b101110101 9
b1100100101 .
1$
#12440
0$
#12445
b1100100110 .
b101110110 9
1$
#12450
0$
#12455
b101110111 9
b1100100111 .
1$
#12460
0$
#12465
b1100101000 .
b101111000 9
1$
#12470
0$
#12475
b101111001 9
b1100101001 .
1$
#12480
0$
#12485
b1100101010 .
b101111010 9
1$
#12490
0$
#12495
b101111011 9
b1100101011 .
1$
#12500
0$
#12505
b1100101100 .
b101111100 9
1$
#12510
0$
#12515
b101111101 9
b1100101101 .
1$
#12520
0$
#12525
b1100101110 .
b101111110 9
1$
#12530
0$
#12535
b101111111 9
b1100101111 .
1$
#12540
0$
#12545
b1100110000 .
b110000000 9
1$
#12550
0$
#12555
b110000001 9
b1100110001 .
1$
#12560
0$
#12565
b1100110010 .
b110000010 9
1$
#12570
0$
#12575
b110000011 9
b1100110011 .
1$
#12580
0$
#12585
b1100110100 .
b110000100 9
1$
#12590
0$
#12595
b110000101 9
b1100110101 .
1$
#12600
0$
#12605
b1100110110 .
b110000110 9
1$
#12610
0$
#12615
b110000111 9
b1100110111 .
1$
#12620
0$
#12625
b1100111000 .
b110001000 9
1$
#12630
0$
#12635
b110001001 9
b1100111001 .
1$
#12640
0$
#12645
b1100111010 .
b110001010 9
1$
#12650
0$
#12655
b110001011 9
b1100111011 .
1$
#12660
0$
#12665
b1100111100 .
b110001100 9
1$
#12670
0$
#12675
b110001101 9
b1100111101 .
1$
#12680
0$
#12685
b1100111110 .
b110001110 9
1$
#12690
0$
#12695
b110001111 9
b1100111111 .
1$
#12700
0$
#12705
b1101000000 .
b110010000 9
1$
#12710
0$
#12715
b110010001 9
b1101000001 .
1$
#12720
0$
#12725
b1101000010 .
b110010010 9
1$
#12730
0$
#12735
b110010011 9
b1101000011 .
1$
#12740
0$
#12745
b1101000100 .
b110010100 9
1$
#12750
0$
#12755
b110010101 9
b1101000101 .
1$
#12760
0$
#12765
b1101000110 .
b110010110 9
1$
#12770
0$
#12775
b110010111 9
b1101000111 .
1$
#12780
0$
#12785
b1101001000 .
b110011000 9
1$
#12790
0$
#12795
b110011001 9
b1101001001 .
1$
#12800
0$
#12805
b1101001010 .
b110011010 9
1$
#12810
0$
#12815
b110011011 9
b1101001011 .
1$
#12820
0$
#12825
b1101001100 .
b110011100 9
1$
#12830
0$
#12835
b110011101 9
b1101001101 .
1$
#12840
0$
#12845
b1101001110 .
b110011110 9
1$
#12850
0$
#12855
b110011111 9
b1101001111 .
1$
#12860
0$
#12865
b1101010000 .
b110100000 9
1$
#12870
0$
#12875
b110100001 9
b1101010001 .
1$
#12880
0$
#12885
b1101010010 .
b110100010 9
1$
#12890
0$
#12895
b110100011 9
b1101010011 .
1$
#12900
0$
#12905
b1101010100 .
b110100100 9
1$
#12910
0$
#12915
b110100101 9
b1101010101 .
1$
#12920
0$
#12925
b1101010110 .
b110100110 9
1$
#12930
0$
#12935
b110100111 9
b1101010111 .
1$
#12940
0$
#12945
b1101011000 .
b110101000 9
1$
#12950
0$
#12955
b110101001 9
b1101011001 .
1$
#12960
0$
#12965
b1101011010 .
b110101010 9
1$
#12970
0$
#12975
b110101011 9
b1101011011 .
1$
#12980
0$
#12985
b1101011100 .
b110101100 9
1$
#12990
0$
#12995
b110101101 9
b1101011101 .
1$
#13000
0$
#13005
b1101011110 .
b110101110 9
1$
#13010
0$
#13015
b110101111 9
b1101011111 .
1$
#13020
0$
#13025
b1101100000 .
b110110000 9
1$
#13030
0$
#13035
b110110001 9
b1101100001 .
1$
#13040
0$
#13045
b1101100010 .
b110110010 9
1$
#13050
0$
#13055
b110110011 9
b1101100011 .
1$
#13060
0$
#13065
b1 -
b1 /
b0 .
b110110100 9
1$
#13070
0$
#13075
b110110101 9
b1 .
1$
#13080
0$
#13085
b10 .
b110110110 9
1$
#13090
0$
#13095
b110110111 9
b11 .
1$
#13100
0$
#13105
b100 .
b110111000 9
1$
#13110
0$
#13115
b110111001 9
b101 .
1$
#13120
0$
#13125
b110 .
b110111010 9
1$
#13130
0$
#13135
b110111011 9
b111 .
1$
#13140
0$
#13145
b1000 .
b110111100 9
1$
#13150
0$
#13155
b110111101 9
b1001 .
1$
#13160
0$
#13165
b1010 .
b110111110 9
1$
#13170
0$
#13175
b110111111 9
b1011 .
1$
#13180
0$
#13185
b1100 .
b111000000 9
1$
#13190
0$
#13195
b111000001 9
b1101 .
1$
#13200
0$
#13205
b1110 .
b111000010 9
1$
#13210
0$
#13215
b111000011 9
b1111 .
1$
#13220
0$
#13225
b10000 .
b111000100 9
1$
#13230
0$
#13235
b111000101 9
b10001 .
1$
#13240
0$
#13245
b10010 .
b111000110 9
1$
#13250
0$
#13255
b111000111 9
b10011 .
1$
#13260
0$
#13265
b10100 .
b111001000 9
1$
#13270
0$
#13275
b111001001 9
b10101 .
1$
#13280
0$
#13285
b10110 .
b111001010 9
1$
#13290
0$
#13295
b111001011 9
b10111 .
1$
#13300
0$
#13305
b11000 .
b111001100 9
1$
#13310
0$
#13315
b111001101 9
b11001 .
1$
#13320
0$
#13325
b11010 .
b111001110 9
1$
#13330
0$
#13335
b111001111 9
b11011 .
1$
#13340
0$
#13345
b11100 .
b111010000 9
1$
#13350
0$
#13355
b111010001 9
b11101 .
1$
#13360
0$
#13365
b11110 .
b111010010 9
1$
#13370
0$
#13375
b111010011 9
b11111 .
1$
#13380
0$
#13385
b100000 .
b111010100 9
1$
#13390
0$
#13395
b111010101 9
b100001 .
1$
#13400
0$
#13405
b100010 .
b111010110 9
1$
#13410
0$
#13415
b111010111 9
b100011 .
1$
#13420
0$
#13425
b100100 .
b111011000 9
1$
#13430
0$
#13435
b111011001 9
b100101 .
1$
#13440
0$
#13445
b100110 .
b111011010 9
1$
#13450
0$
#13455
b111011011 9
b100111 .
1$
#13460
0$
#13465
b101000 .
b111011100 9
1$
#13470
0$
#13475
b111011101 9
b101001 .
1$
#13480
0$
#13485
b101010 .
b111011110 9
1$
#13490
0$
#13495
b111011111 9
b101011 .
1$
#13500
0$
#13505
b101100 .
b111100000 9
1$
#13510
0$
#13515
b111100001 9
b101101 .
1$
#13520
0$
#13525
b101110 .
b111100010 9
1$
#13530
0$
#13535
b111100011 9
b101111 .
1$
#13540
0$
#13545
b110000 .
b111100100 9
1$
#13550
0$
#13555
b111100101 9
b110001 .
1$
#13560
0$
#13565
b110010 .
b111100110 9
1$
#13570
0$
#13575
b111100111 9
b110011 .
1$
#13580
0$
#13585
b110100 .
b111101000 9
1$
#13590
0$
#13595
b111101001 9
b110101 .
1$
#13600
0$
#13605
b110110 .
b111101010 9
1$
#13610
0$
#13615
b111101011 9
b110111 .
1$
#13620
0$
#13625
b111000 .
b111101100 9
1$
#13630
0$
#13635
b111101101 9
b111001 .
1$
#13640
0$
#13645
b111010 .
b111101110 9
1$
#13650
0$
#13655
b111101111 9
b111011 .
1$
#13660
0$
#13665
b111100 .
b111110000 9
1$
#13670
0$
#13675
b111110001 9
b111101 .
1$
#13680
0$
#13685
b111110 .
b111110010 9
1$
#13690
0$
#13695
b111110011 9
b111111 .
1$
#13700
0$
#13705
b1000000 .
b111110100 9
1$
#13710
0$
#13715
b111110101 9
b1000001 .
1$
#13720
0$
#13725
b1000010 .
b111110110 9
1$
#13730
0$
#13735
b111110111 9
b1000011 .
1$
#13740
0$
#13745
b1000100 .
b111111000 9
1$
#13750
0$
#13755
b111111001 9
b1000101 .
1$
#13760
0$
#13765
b1000110 .
b111111010 9
1$
#13770
0$
#13775
b111111011 9
b1000111 .
1$
#13780
0$
#13785
b1001000 .
b111111100 9
1$
#13790
0$
#13795
b111111101 9
b1001001 .
1$
#13800
0$
#13805
b1001010 .
b111111110 9
1$
#13810
0$
#13815
b111111111 9
b1001011 .
1$
#13820
0$
#13825
b1001100 .
b1000000000 9
1$
#13830
0$
#13835
b1000000001 9
b1001101 .
1$
#13840
0$
#13845
b1001110 .
b1000000010 9
1$
#13850
0$
#13855
b1000000011 9
b1001111 .
1$
#13860
0$
#13865
b1010000 .
b1000000100 9
1$
#13870
0$
#13875
b1000000101 9
b1010001 .
1$
#13880
0$
#13885
b1010010 .
b1000000110 9
1$
#13890
0$
#13895
b1000000111 9
b1010011 .
1$
#13900
0$
#13905
b1010100 .
b1000001000 9
1$
#13910
0$
#13915
b1000001001 9
b1010101 .
1$
#13920
0$
#13925
b1010110 .
b1000001010 9
1$
#13930
0$
#13935
b1000001011 9
b1010111 .
1$
#13940
0$
#13945
b1011000 .
b1000001100 9
1$
#13950
0$
#13955
b1000001101 9
b1011001 .
1$
#13960
0$
#13965
b1011010 .
b1000001110 9
1$
#13970
0$
#13975
b1000001111 9
b1011011 .
1$
#13980
0$
#13985
b1011100 .
b1000010000 9
1$
#13990
0$
#13995
b1000010001 9
b1011101 .
1$
#14000
0$
#14005
b1011110 .
b1000010010 9
1$
#14010
0$
#14015
b1000010011 9
b1011111 .
1$
#14020
0$
#14025
b1100000 .
b1000010100 9
1$
#14030
0$
#14035
b1000010101 9
b1100001 .
1$
#14040
0$
#14045
b1100010 .
b1000010110 9
1$
#14050
0$
#14055
b1000010111 9
b1100011 .
1$
#14060
0$
#14065
b1100100 .
b1000011000 9
1$
#14070
0$
#14075
b1000011001 9
b1100101 .
1$
#14080
0$
#14085
b1100110 .
b1000011010 9
1$
#14090
0$
#14095
b1000011011 9
b1100111 .
1$
#14100
0$
#14105
b1101000 .
b1000011100 9
1$
#14110
0$
#14115
b1000011101 9
b1101001 .
1$
#14120
0$
#14125
b1101010 .
b1000011110 9
1$
#14130
0$
#14135
b1000011111 9
b1101011 .
1$
#14140
0$
#14145
b1101100 .
b1000100000 9
1$
#14150
0$
#14155
b1000100001 9
b1101101 .
1$
#14160
0$
#14165
b1101110 .
b1000100010 9
1$
#14170
0$
#14175
b1000100011 9
b1101111 .
1$
#14180
0$
#14185
b1110000 .
b1000100100 9
1$
#14190
0$
#14195
b1000100101 9
b1110001 .
1$
#14200
0$
#14205
b1110010 .
b1000100110 9
1$
#14210
0$
#14215
b1000100111 9
b1110011 .
1$
#14220
0$
#14225
b1110100 .
b1000101000 9
1$
#14230
0$
#14235
b1000101001 9
b1110101 .
1$
#14240
0$
#14245
b1110110 .
b1000101010 9
1$
#14250
0$
#14255
b1000101011 9
b1110111 .
1$
#14260
0$
#14265
b1111000 .
b1000101100 9
1$
#14270
0$
#14275
b1000101101 9
b1111001 .
1$
#14280
0$
#14285
b1111010 .
b1000101110 9
1$
#14290
0$
#14295
b1000101111 9
b1111011 .
1$
#14300
0$
#14305
b1111100 .
b1000110000 9
1$
#14310
0$
#14315
b1000110001 9
b1111101 .
1$
#14320
0$
#14325
b1111110 .
b1000110010 9
1$
#14330
0$
#14335
b1000110011 9
b1111111 .
1$
#14340
0$
#14345
b10000000 .
b1000110100 9
1$
#14350
0$
#14355
b1000110101 9
b10000001 .
1$
#14360
0$
#14365
b10000010 .
b1000110110 9
1$
#14370
0$
#14375
b1000110111 9
b10000011 .
1$
#14380
0$
#14385
b10000100 .
b1000111000 9
1$
#14390
0$
#14395
b1000111001 9
b10000101 .
1$
#14400
0$
#14405
b10000110 .
b1000111010 9
1$
#14410
0$
#14415
b1000111011 9
b10000111 .
1$
#14420
0$
#14425
b10001000 .
b1000111100 9
1$
#14430
0$
#14435
b1000111101 9
b10001001 .
1$
#14440
0$
#14445
b10001010 .
b1000111110 9
1$
#14450
0$
#14455
b1000111111 9
b10001011 .
1$
#14460
0$
#14465
b10001100 .
b1001000000 9
1$
#14470
0$
#14475
b1001000001 9
b10001101 .
1$
#14480
0$
#14485
b10001110 .
b1001000010 9
1$
#14490
0$
#14495
b1001000011 9
b10001111 .
1$
#14500
0$
#14505
b10010000 .
b1001000100 9
1$
#14510
0$
#14515
b1001000101 9
b10010001 .
1$
#14520
0$
#14525
b10010010 .
b1001000110 9
1$
#14530
0$
#14535
b1001000111 9
b10010011 .
1$
#14540
0$
#14545
b10010100 .
b1001001000 9
1$
#14550
0$
#14555
b1001001001 9
b10010101 .
1$
#14560
0$
#14565
b10010110 .
b1001001010 9
1$
#14570
0$
#14575
b1001001011 9
b10010111 .
1$
#14580
0$
#14585
b10011000 .
b1001001100 9
1$
#14590
0$
#14595
b1001001101 9
b10011001 .
1$
#14600
0$
#14605
b10011010 .
b1001001110 9
1$
#14610
0$
#14615
b1001001111 9
b10011011 .
1$
#14620
0$
#14625
b10011100 .
b1001010000 9
1$
#14630
0$
#14635
b1001010001 9
b10011101 .
1$
#14640
0$
#14645
b10011110 .
b1001010010 9
1$
#14650
0$
#14655
b1001010011 9
b10011111 .
1$
#14660
0$
#14665
b10100000 .
b1001010100 9
1$
#14670
0$
#14675
b1001010101 9
b10100001 .
1$
#14680
0$
#14685
b10100010 .
b1001010110 9
1$
#14690
0$
#14695
b1001010111 9
b10100011 .
1$
#14700
0$
#14705
b10100100 .
b1001011000 9
1$
#14710
0$
#14715
b1001011001 9
b10100101 .
1$
#14720
0$
#14725
b10100110 .
b1001011010 9
1$
#14730
0$
#14735
b1001011011 9
b10100111 .
1$
#14740
0$
#14745
b10101000 .
b1001011100 9
1$
#14750
0$
#14755
b1001011101 9
b10101001 .
1$
#14760
0$
#14765
b10101010 .
b1001011110 9
1$
#14770
0$
#14775
b1001011111 9
b10101011 .
1$
#14780
0$
#14785
b10101100 .
b1001100000 9
1$
#14790
0$
#14795
b1001100001 9
b10101101 .
1$
#14800
0$
#14805
b10101110 .
b1001100010 9
1$
#14810
0$
#14815
b1001100011 9
b10101111 .
1$
#14820
0$
#14825
b10110000 .
b1001100100 9
1$
#14830
0$
#14835
b1001100101 9
b10110001 .
1$
#14840
0$
#14845
b10110010 .
b1001100110 9
1$
#14850
0$
#14855
b1001100111 9
b10110011 .
1$
#14860
0$
#14865
b10110100 .
b1001101000 9
1$
#14870
0$
#14875
b1001101001 9
b10110101 .
1$
#14880
0$
#14885
b10110110 .
b1001101010 9
1$
#14890
0$
#14895
b1001101011 9
b10110111 .
1$
#14900
0$
#14905
b10111000 .
b1001101100 9
1$
#14910
0$
#14915
b1001101101 9
b10111001 .
1$
#14920
0$
#14925
b10111010 .
b1001101110 9
1$
#14930
0$
#14935
b1001101111 9
b10111011 .
1$
#14940
0$
#14945
b10111100 .
b1001110000 9
1$
#14950
0$
#14955
b1001110001 9
b10111101 .
1$
#14960
0$
#14965
b10111110 .
b1001110010 9
1$
#14970
0$
#14975
b1001110011 9
b10111111 .
1$
#14980
0$
#14985
b11000000 .
b1001110100 9
1$
#14990
0$
#14995
b1001110101 9
b11000001 .
1$
#15000
0$
#15005
b11000010 .
b1001110110 9
1$
#15010
0$
#15015
b1001110111 9
b11000011 .
1$
#15020
0$
#15025
b11000100 .
b1001111000 9
1$
#15030
0$
#15035
b1001111001 9
b11000101 .
1$
#15040
0$
#15045
b11000110 .
b1001111010 9
1$
#15050
0$
#15055
b1001111011 9
b11000111 .
1$
#15060
0$
#15065
b11001000 .
b1001111100 9
1$
#15070
0$
#15075
b1001111101 9
b11001001 .
1$
#15080
0$
#15085
b11001010 .
b1001111110 9
1$
#15090
0$
#15095
b1001111111 9
b11001011 .
1$
#15100
0$
#15105
b11001100 .
b1010000000 9
1$
#15110
0$
#15115
b1010000001 9
b11001101 .
1$
#15120
0$
#15125
b11001110 .
b1010000010 9
1$
#15130
0$
#15135
b1010000011 9
b11001111 .
1$
#15140
0$
#15145
b11010000 .
b1010000100 9
1$
#15150
0$
#15155
b1010000101 9
b11010001 .
1$
#15160
0$
#15165
b11010010 .
b1010000110 9
1$
#15170
0$
#15175
b1010000111 9
b11010011 .
1$
#15180
0$
#15185
b11010100 .
b1010001000 9
1$
#15190
0$
#15195
b1010001001 9
b11010101 .
1$
#15200
0$
#15205
b11010110 .
b1010001010 9
1$
#15210
0$
#15215
b1010001011 9
b11010111 .
1$
#15220
0$
#15225
b11011000 .
b1010001100 9
1$
#15230
0$
#15235
b1010001101 9
b11011001 .
1$
#15240
0$
#15245
b11011010 .
b1010001110 9
1$
#15250
0$
#15255
b1010001111 9
b11011011 .
1$
#15260
0$
#15265
b11011100 .
b1010010000 9
1$
#15270
0$
#15275
b1010010001 9
b11011101 .
1$
#15280
0$
#15285
b11011110 .
b1010010010 9
1$
#15290
0$
#15295
b1010010011 9
b11011111 .
1$
#15300
0$
#15305
b11100000 .
b1010010100 9
1$
#15310
0$
#15315
b1010010101 9
b11100001 .
1$
#15320
0$
#15325
b11100010 .
b1010010110 9
1$
#15330
0$
#15335
b1010010111 9
b11100011 .
1$
#15340
0$
#15345
b11100100 .
b1010011000 9
1$
#15350
0$
#15355
b1010011001 9
b11100101 .
1$
#15360
0$
#15365
b11100110 .
b1010011010 9
1$
#15370
0$
#15375
b1010011011 9
b11100111 .
1$
#15380
0$
#15385
b11101000 .
b1010011100 9
1$
#15390
0$
#15395
b1010011101 9
b11101001 .
1$
#15400
0$
#15405
b11101010 .
b1010011110 9
1$
#15410
0$
#15415
b1010011111 9
b11101011 .
1$
#15420
0$
#15425
b11101100 .
b1010100000 9
1$
#15430
0$
#15435
b1010100001 9
b11101101 .
1$
#15440
0$
#15445
b11101110 .
b1010100010 9
1$
#15450
0$
#15455
b1010100011 9
b11101111 .
1$
#15460
0$
#15465
b11110000 .
b1010100100 9
1$
#15470
0$
#15475
b1010100101 9
b11110001 .
1$
#15480
0$
#15485
b11110010 .
b1010100110 9
1$
#15490
0$
#15495
b1010100111 9
b11110011 .
1$
#15500
0$
#15505
b11110100 .
b1010101000 9
1$
#15510
0$
#15515
b1010101001 9
b11110101 .
1$
#15520
0$
#15525
b11110110 .
b1010101010 9
1$
#15530
0$
#15535
b1010101011 9
b11110111 .
1$
#15540
0$
#15545
b11111000 .
b1010101100 9
1$
#15550
0$
#15555
b1010101101 9
b11111001 .
1$
#15560
0$
#15565
b11111010 .
b1010101110 9
1$
#15570
0$
#15575
b1010101111 9
b11111011 .
1$
#15580
0$
#15585
b11111100 .
b1010110000 9
1$
#15590
0$
#15595
b1010110001 9
b11111101 .
1$
#15600
0$
#15605
b11111110 .
b1010110010 9
1$
#15610
0$
#15615
b1010110011 9
b11111111 .
1$
#15620
0$
#15625
b100000000 .
b1010110100 9
1$
#15630
0$
#15635
b1010110101 9
b100000001 .
1$
#15640
0$
#15645
b100000010 .
b1010110110 9
1$
#15650
0$
#15655
b1010110111 9
b100000011 .
1$
#15660
0$
#15665
b100000100 .
b1010111000 9
1$
#15670
0$
#15675
b1010111001 9
b100000101 .
1$
#15680
0$
#15685
b100000110 .
b1010111010 9
1$
#15690
0$
#15695
b1010111011 9
b100000111 .
1$
#15700
0$
#15705
b100001000 .
b1010111100 9
1$
#15710
0$
#15715
b1010111101 9
b100001001 .
1$
#15720
0$
#15725
b100001010 .
b1010111110 9
1$
#15730
0$
#15735
b1010111111 9
b100001011 .
1$
#15740
0$
#15745
b100001100 .
b1011000000 9
1$
#15750
0$
#15755
b1011000001 9
b100001101 .
1$
#15760
0$
#15765
b100001110 .
b1011000010 9
1$
#15770
0$
#15775
b1011000011 9
b100001111 .
1$
#15780
0$
#15785
b100010000 .
b1011000100 9
1$
#15790
0$
#15795
b1011000101 9
b100010001 .
1$
#15800
0$
#15805
b100010010 .
b1011000110 9
1$
#15810
0$
#15815
b1011000111 9
b100010011 .
1$
#15820
0$
#15825
b100010100 .
b1011001000 9
1$
#15830
0$
#15835
b1011001001 9
b100010101 .
1$
#15840
0$
#15845
b100010110 .
b1011001010 9
1$
#15850
0$
#15855
b1011001011 9
b100010111 .
1$
#15860
0$
#15865
b100011000 .
b1011001100 9
1$
#15870
0$
#15875
b1011001101 9
b100011001 .
1$
#15880
0$
#15885
b100011010 .
b1011001110 9
1$
#15890
0$
#15895
b1011001111 9
b100011011 .
1$
#15900
0$
#15905
b100011100 .
b1011010000 9
1$
#15910
0$
#15915
b1011010001 9
b100011101 .
1$
#15920
0$
#15925
b100011110 .
b1011010010 9
1$
#15930
0$
#15935
b1011010011 9
b100011111 .
1$
#15940
0$
#15945
b100100000 .
b1011010100 9
1$
#15950
0$
#15955
b1011010101 9
b100100001 .
1$
#15960
0$
#15965
b100100010 .
b1011010110 9
1$
#15970
0$
#15975
b1011010111 9
b100100011 .
1$
#15980
0$
#15985
b100100100 .
b1011011000 9
1$
#15990
0$
#15995
b1011011001 9
b100100101 .
1$
#16000
0$
#16005
b100100110 .
b1011011010 9
1$
#16010
0$
#16015
b1011011011 9
b100100111 .
1$
#16020
0$
#16025
b100101000 .
b1011011100 9
1$
#16030
0$
#16035
b1011011101 9
b100101001 .
1$
#16040
0$
#16045
b100101010 .
b1011011110 9
1$
#16050
0$
#16055
b1011011111 9
b100101011 .
1$
#16060
0$
#16065
b100101100 .
b1011100000 9
1$
#16070
0$
#16075
b1011100001 9
b100101101 .
1$
#16080
0$
#16085
b100101110 .
b1011100010 9
1$
#16090
0$
#16095
b1011100011 9
b100101111 .
1$
#16100
0$
#16105
b100110000 .
b1011100100 9
1$
#16110
0$
#16115
b1011100101 9
b100110001 .
1$
#16120
0$
#16125
b100110010 .
b1011100110 9
1$
#16130
0$
#16135
b1011100111 9
b100110011 .
1$
#16140
0$
#16145
b100110100 .
b1011101000 9
1$
#16150
0$
#16155
b1011101001 9
b100110101 .
1$
#16160
0$
#16165
b100110110 .
b1011101010 9
1$
#16170
0$
#16175
b1011101011 9
b100110111 .
1$
#16180
0$
#16185
b100111000 .
b1011101100 9
1$
#16190
0$
#16195
b1011101101 9
b100111001 .
1$
#16200
0$
#16205
b100111010 .
b1011101110 9
1$
#16210
0$
#16215
b1011101111 9
b100111011 .
1$
#16220
0$
#16225
b100111100 .
b1011110000 9
1$
#16230
0$
#16235
b1011110001 9
b100111101 .
1$
#16240
0$
#16245
b100111110 .
b1011110010 9
1$
#16250
0$
#16255
b1011110011 9
b100111111 .
1$
#16260
0$
#16265
b101000000 .
b1011110100 9
1$
#16270
0$
#16275
b1011110101 9
b101000001 .
1$
#16280
0$
#16285
b101000010 .
b1011110110 9
1$
#16290
0$
#16295
b1011110111 9
b101000011 .
1$
#16300
0$
#16305
b101000100 .
b1011111000 9
1$
#16310
0$
#16315
b1011111001 9
b101000101 .
1$
#16320
0$
#16325
b101000110 .
b1011111010 9
1$
#16330
0$
#16335
b1011111011 9
b101000111 .
1$
#16340
0$
#16345
b101001000 .
b1011111100 9
1$
#16350
0$
#16355
b1011111101 9
b101001001 .
1$
#16360
0$
#16365
b101001010 .
b1011111110 9
1$
#16370
0$
#16375
b1011111111 9
b101001011 .
1$
#16380
0$
#16385
b101001100 .
b1100000000 9
1$
#16390
0$
#16395
b1100000001 9
b101001101 .
1$
#16400
0$
#16405
b101001110 .
b1100000010 9
1$
#16410
0$
#16415
b1100000011 9
b101001111 .
1$
#16420
0$
#16425
b101010000 .
b1100000100 9
1$
#16430
0$
#16435
b1100000101 9
b101010001 .
1$
#16440
0$
#16445
b101010010 .
b1100000110 9
1$
#16450
0$
#16455
b1100000111 9
b101010011 .
1$
#16460
0$
#16465
b101010100 .
b1100001000 9
1$
#16470
0$
#16475
b1100001001 9
b101010101 .
1$
#16480
0$
#16485
b101010110 .
b1100001010 9
1$
#16490
0$
#16495
b1100001011 9
b101010111 .
1$
#16500
0$
#16505
b101011000 .
b1100001100 9
1$
#16510
0$
#16515
b1100001101 9
b101011001 .
1$
#16520
0$
#16525
b101011010 .
b1100001110 9
1$
#16530
0$
#16535
b1100001111 9
b101011011 .
1$
#16540
0$
#16545
b101011100 .
b1100010000 9
1$
#16550
0$
#16555
b1100010001 9
b101011101 .
1$
#16560
0$
#16565
b101011110 .
b1100010010 9
1$
#16570
0$
#16575
b1100010011 9
b101011111 .
1$
#16580
0$
#16585
b101100000 .
b1100010100 9
1$
#16590
0$
#16595
b1100010101 9
b101100001 .
1$
#16600
0$
#16605
b101100010 .
b1100010110 9
1$
#16610
0$
#16615
b1100010111 9
b101100011 .
1$
#16620
0$
#16625
b101100100 .
b1100011000 9
1$
#16630
0$
#16635
b1100011001 9
b101100101 .
1$
#16640
0$
#16645
b101100110 .
b1100011010 9
1$
#16650
0$
#16655
b1100011011 9
b101100111 .
1$
#16660
0$
#16665
b101101000 .
b1100011100 9
1$
#16670
0$
#16675
b1100011101 9
b101101001 .
1$
#16680
0$
#16685
b101101010 .
b1100011110 9
1$
#16690
0$
#16695
b1100011111 9
b101101011 .
1$
#16700
0$
#16705
b101101100 .
b1100100000 9
1$
#16710
0$
#16715
b1100100001 9
b101101101 .
1$
#16720
0$
#16725
b101101110 .
b1100100010 9
1$
#16730
0$
#16735
b1100100011 9
b101101111 .
1$
#16740
0$
#16745
b101110000 .
b1100100100 9
1$
#16750
0$
#16755
b1100100101 9
b101110001 .
1$
#16760
0$
#16765
b101110010 .
b1100100110 9
1$
#16770
0$
#16775
b1100100111 9
b101110011 .
1$
#16780
0$
#16785
b101110100 .
b1100101000 9
1$
#16790
0$
#16795
b1100101001 9
b101110101 .
1$
#16800
0$
#16805
b101110110 .
b1100101010 9
1$
#16810
0$
#16815
b1100101011 9
b101110111 .
1$
#16820
0$
#16825
b101111000 .
b1100101100 9
1$
#16830
0$
#16835
b1100101101 9
b101111001 .
1$
#16840
0$
#16845
b101111010 .
b1100101110 9
1$
#16850
0$
#16855
b1100101111 9
b101111011 .
1$
#16860
0$
#16865
b101111100 .
b1100110000 9
1$
#16870
0$
#16875
b1100110001 9
b101111101 .
1$
#16880
0$
#16885
b101111110 .
b1100110010 9
1$
#16890
0$
#16895
b1100110011 9
b101111111 .
1$
#16900
0$
#16905
b110000000 .
b1100110100 9
1$
#16910
0$
#16915
b1100110101 9
b110000001 .
1$
#16920
0$
#16925
b110000010 .
b1100110110 9
1$
#16930
0$
#16935
b1100110111 9
b110000011 .
1$
#16940
0$
#16945
b110000100 .
b1100111000 9
1$
#16950
0$
#16955
b1100111001 9
b110000101 .
1$
#16960
0$
#16965
b110000110 .
b1100111010 9
1$
#16970
0$
#16975
b1100111011 9
b110000111 .
1$
#16980
0$
#16985
b110001000 .
b1100111100 9
1$
#16990
0$
#16995
b1100111101 9
b110001001 .
1$
#17000
0$
#17005
b110001010 .
b1100111110 9
1$
#17010
0$
#17015
b1100111111 9
b110001011 .
1$
#17020
0$
#17025
b110001100 .
b1101000000 9
1$
#17030
0$
#17035
b1101000001 9
b110001101 .
1$
#17040
0$
#17045
b110001110 .
b1101000010 9
1$
#17050
0$
#17055
b1101000011 9
b110001111 .
1$
#17060
0$
#17065
b110010000 .
b1101000100 9
1$
#17070
0$
#17075
b1101000101 9
b110010001 .
1$
#17080
0$
#17085
b110010010 .
b1101000110 9
1$
#17090
0$
#17095
b1101000111 9
b110010011 .
1$
#17100
0$
#17105
b110010100 .
b1101001000 9
1$
#17110
0$
#17115
b1101001001 9
b110010101 .
1$
#17120
0$
#17125
b110010110 .
b1101001010 9
1$
#17130
0$
#17135
b1101001011 9
b110010111 .
1$
#17140
0$
#17145
b110011000 .
b1101001100 9
1$
#17150
0$
#17155
b1101001101 9
b110011001 .
1$
#17160
0$
#17165
b110011010 .
b1101001110 9
1$
#17170
0$
#17175
b1101001111 9
b110011011 .
1$
#17180
0$
#17185
b110011100 .
b1101010000 9
1$
#17190
0$
#17195
b1101010001 9
b110011101 .
1$
#17200
0$
#17205
b110011110 .
b1101010010 9
1$
#17210
0$
#17215
b1101010011 9
b110011111 .
1$
#17220
0$
#17225
b110100000 .
b1101010100 9
1$
#17230
0$
#17235
b1101010101 9
b110100001 .
1$
#17240
0$
#17245
b110100010 .
b1101010110 9
1$
#17250
0$
#17255
b1101010111 9
b110100011 .
1$
#17260
0$
#17265
b110100100 .
b1101011000 9
1$
#17270
0$
#17275
b1101011001 9
b110100101 .
1$
#17280
0$
#17285
b110100110 .
b1101011010 9
1$
#17290
0$
#17295
b1101011011 9
b110100111 .
1$
#17300
0$
#17305
b110101000 .
b1101011100 9
1$
#17310
0$
#17315
b1101011101 9
b110101001 .
1$
#17320
0$
#17325
b110101010 .
b1101011110 9
1$
#17330
0$
#17335
b1101011111 9
b110101011 .
1$
#17340
0$
#17345
b110101100 .
b1101100000 9
1$
#17350
0$
#17355
b1101100001 9
b110101101 .
1$
#17360
0$
#17365
b110101110 .
b1101100010 9
1$
#17370
0$
#17375
b1101100011 9
b110101111 .
1$
#17380
0$
#17385
b110110000 .
b1 8
b0 9
1$
#17390
0$
#17395
b1 9
0!
b110110001 .
1$
#17400
0$
#17405
b110110010 .
b10 9
1$
#17410
0$
#17415
b11 9
b110110011 .
1$
#17420
0$
#17425
b110110100 .
b100 9
1$
#17430
0$
#17435
b101 9
b110110101 .
1$
#17440
0$
#17445
b110110110 .
b110 9
1$
#17450
0$
#17455
b111 9
b110110111 .
1$
#17460
0$
#17465
b110111000 .
b1000 9
1$
#17470
0$
#17475
b1001 9
b110111001 .
1$
#17480
0$
#17485
b110111010 .
b1010 9
1$
#17490
0$
#17495
b1011 9
b110111011 .
1$
#17500
0$
#17505
b110111100 .
b1100 9
1$
#17510
0$
#17515
b1101 9
b110111101 .
1$
#17520
0$
#17525
b110111110 .
b1110 9
1$
#17530
0$
#17535
b1111 9
b110111111 .
1$
#17540
0$
#17545
b111000000 .
b10000 9
1$
#17550
0$
#17555
b10001 9
b111000001 .
1$
#17560
0$
#17565
b111000010 .
b10010 9
1$
#17570
0$
#17575
b10011 9
b111000011 .
1$
#17580
0$
#17585
b111000100 .
b10100 9
1$
#17590
0$
#17595
b10101 9
b111000101 .
1$
#17600
0$
#17605
b111000110 .
b10110 9
1$
#17610
0$
#17615
b10111 9
b111000111 .
1$
#17620
0$
#17625
b111001000 .
b11000 9
1$
#17630
0$
#17635
b11001 9
b111001001 .
1$
#17640
0$
#17645
b111001010 .
b11010 9
1$
#17650
0$
#17655
b11011 9
b111001011 .
1$
#17660
0$
#17665
b111001100 .
b11100 9
1$
#17670
0$
#17675
b11101 9
b111001101 .
1$
#17680
0$
#17685
b111001110 .
b11110 9
1$
#17690
0$
#17695
b11111 9
b111001111 .
1$
#17700
0$
#17705
b111010000 .
b100000 9
1$
#17710
0$
#17715
b100001 9
b111010001 .
1$
#17720
0$
#17725
b111010010 .
b100010 9
1$
#17730
0$
#17735
b100011 9
b111010011 .
1$
#17740
0$
#17745
b111010100 .
b100100 9
1$
#17750
0$
#17755
b100101 9
b111010101 .
1$
#17760
0$
#17765
b111010110 .
b100110 9
1$
#17770
0$
#17775
b100111 9
b111010111 .
1$
#17780
0$
#17785
b111011000 .
b101000 9
1$
#17790
0$
#17795
b101001 9
b111011001 .
1$
#17800
0$
#17805
b111011010 .
b101010 9
1$
#17810
0$
#17815
b101011 9
b111011011 .
1$
#17820
0$
#17825
b111011100 .
b101100 9
1$
#17830
0$
#17835
b101101 9
b111011101 .
1$
#17840
0$
#17845
b111011110 .
b101110 9
1$
#17850
0$
#17855
b101111 9
b111011111 .
1$
#17860
0$
#17865
b111100000 .
b110000 9
1$
#17870
0$
#17875
b110001 9
b111100001 .
1$
#17880
0$
#17885
b111100010 .
b110010 9
1$
#17890
0$
#17895
b110011 9
b111100011 .
1$
#17900
0$
#17905
b111100100 .
b110100 9
1$
#17910
0$
#17915
b110101 9
b111100101 .
1$
#17920
0$
#17925
b111100110 .
b110110 9
1$
#17930
0$
#17935
b110111 9
b111100111 .
1$
#17940
0$
#17945
b111101000 .
b111000 9
1$
#17950
0$
#17955
b111001 9
b111101001 .
1$
#17960
0$
#17965
b111101010 .
b111010 9
1$
#17970
0$
#17975
b111011 9
b111101011 .
1$
#17980
0$
#17985
b111101100 .
b111100 9
1$
#17990
0$
#17995
b111101 9
b111101101 .
1$
#18000
0$
#18005
b111101110 .
b111110 9
1$
#18010
0$
#18015
b111111 9
b111101111 .
1$
#18020
0$
#18025
b111110000 .
b1000000 9
1$
#18030
0$
#18035
b1000001 9
b111110001 .
1$
#18040
0$
#18045
b111110010 .
b1000010 9
1$
#18050
0$
#18055
b1000011 9
b111110011 .
1$
#18060
0$
#18065
b111110100 .
b1000100 9
1$
#18070
0$
#18075
b1000101 9
b111110101 .
1$
#18080
0$
#18085
b111110110 .
b1000110 9
1$
#18090
0$
#18095
b1000111 9
b111110111 .
1$
#18100
0$
#18105
b111111000 .
b1001000 9
1$
#18110
0$
#18115
b1001001 9
b111111001 .
1$
#18120
0$
#18125
b111111010 .
b1001010 9
1$
#18130
0$
#18135
b1001011 9
b111111011 .
1$
#18140
0$
#18145
b111111100 .
b1001100 9
1$
#18150
0$
#18155
b1001101 9
b111111101 .
1$
#18160
0$
#18165
b111111110 .
b1001110 9
1$
#18170
0$
#18175
b1001111 9
b111111111 .
1$
#18180
0$
#18185
b1000000000 .
b1010000 9
1$
#18190
0$
#18195
b1010001 9
b1000000001 .
1$
#18200
0$
#18205
b1000000010 .
b1010010 9
1$
#18210
0$
#18215
b1010011 9
b1000000011 .
1$
#18220
0$
#18225
b1000000100 .
b1010100 9
1$
#18230
0$
#18235
b1010101 9
b1000000101 .
1$
#18240
0$
#18245
b1000000110 .
b1010110 9
1$
#18250
0$
#18255
b1010111 9
b1000000111 .
1$
#18260
0$
#18265
b1000001000 .
b1011000 9
1$
#18270
0$
#18275
b1011001 9
b1000001001 .
1$
#18280
0$
#18285
b1000001010 .
b1011010 9
1$
#18290
0$
#18295
b1011011 9
b1000001011 .
1$
#18300
0$
#18305
b1000001100 .
b1011100 9
1$
#18310
0$
#18315
b1011101 9
b1000001101 .
1$
#18320
0$
#18325
b1000001110 .
b1011110 9
1$
#18330
0$
#18335
b1011111 9
b1000001111 .
1$
#18340
0$
#18345
b1000010000 .
b1100000 9
1$
#18350
0$
#18355
b1100001 9
b1000010001 .
1$
#18360
0$
#18365
b1000010010 .
b1100010 9
1$
#18370
0$
#18375
b1100011 9
b1000010011 .
1$
#18380
0$
#18385
b1000010100 .
b1100100 9
1$
#18390
0$
#18395
b1100101 9
b1000010101 .
1$
#18400
0$
#18405
b1000010110 .
b1100110 9
1$
#18410
0$
#18415
b1100111 9
b1000010111 .
1$
#18420
0$
#18425
b1000011000 .
b1101000 9
1$
#18430
0$
#18435
b1101001 9
b1000011001 .
1$
#18440
0$
#18445
b1000011010 .
b1101010 9
1$
#18450
0$
#18455
b1101011 9
b1000011011 .
1$
#18460
0$
#18465
b1000011100 .
b1101100 9
1$
#18470
0$
#18475
b1101101 9
b1000011101 .
1$
#18480
0$
#18485
b1000011110 .
b1101110 9
1$
#18490
0$
#18495
b1101111 9
b1000011111 .
1$
#18500
0$
#18505
b1000100000 .
b1110000 9
1$
#18510
0$
#18515
b1110001 9
b1000100001 .
1$
#18520
0$
#18525
b1000100010 .
b1110010 9
1$
#18530
0$
#18535
b1110011 9
b1000100011 .
1$
#18540
0$
#18545
b1000100100 .
b1110100 9
1$
#18550
0$
#18555
b1110101 9
b1000100101 .
1$
#18560
0$
#18565
b1000100110 .
b1110110 9
1$
#18570
0$
#18575
b1110111 9
b1000100111 .
1$
#18580
0$
#18585
b1000101000 .
b1111000 9
1$
#18590
0$
#18595
b1111001 9
b1000101001 .
1$
#18600
0$
#18605
b1000101010 .
b1111010 9
1$
#18610
0$
#18615
b1111011 9
b1000101011 .
1$
#18620
0$
#18625
b1000101100 .
b1111100 9
1$
#18630
0$
#18635
b1111101 9
b1000101101 .
1$
#18640
0$
#18645
b1000101110 .
b1111110 9
1$
#18650
0$
#18655
b1111111 9
b1000101111 .
1$
#18660
0$
#18665
b1000110000 .
b10000000 9
1$
#18670
0$
#18675
b10000001 9
b1000110001 .
1$
#18680
0$
#18685
b1000110010 .
b10000010 9
1$
#18690
0$
#18695
b10000011 9
b1000110011 .
1$
#18700
0$
#18705
b1000110100 .
b10000100 9
1$
#18710
0$
#18715
b10000101 9
b1000110101 .
1$
#18720
0$
#18725
b1000110110 .
b10000110 9
1$
#18730
0$
#18735
b10000111 9
b1000110111 .
1$
#18740
0$
#18745
b1000111000 .
b10001000 9
1$
#18750
0$
#18755
b10001001 9
b1000111001 .
1$
#18760
0$
#18765
b1000111010 .
b10001010 9
1$
#18770
0$
#18775
b10001011 9
b1000111011 .
1$
#18780
0$
#18785
b1000111100 .
b10001100 9
1$
#18790
0$
#18795
b10001101 9
b1000111101 .
1$
#18800
0$
#18805
b1000111110 .
b10001110 9
1$
#18810
0$
#18815
b10001111 9
b1000111111 .
1$
#18820
0$
#18825
b1001000000 .
b10010000 9
1$
#18830
0$
#18835
b10010001 9
b1001000001 .
1$
#18840
0$
#18845
b1001000010 .
b10010010 9
1$
#18850
0$
#18855
b10010011 9
b1001000011 .
1$
#18860
0$
#18865
b1001000100 .
b10010100 9
1$
#18870
0$
#18875
b10010101 9
b1001000101 .
1$
#18880
0$
#18885
b1001000110 .
b10010110 9
1$
#18890
0$
#18895
b10010111 9
b1001000111 .
1$
#18900
0$
#18905
b1001001000 .
b10011000 9
1$
#18910
0$
#18915
b10011001 9
b1001001001 .
1$
#18920
0$
#18925
b1001001010 .
b10011010 9
1$
#18930
0$
#18935
b10011011 9
b1001001011 .
1$
#18940
0$
#18945
b1001001100 .
b10011100 9
1$
#18950
0$
#18955
b10011101 9
b1001001101 .
1$
#18960
0$
#18965
b1001001110 .
b10011110 9
1$
#18970
0$
#18975
b10011111 9
b1001001111 .
1$
#18980
0$
#18985
b1001010000 .
b10100000 9
1$
#18990
0$
#18995
b10100001 9
b1001010001 .
1$
#19000
0$
#19005
b1001010010 .
b10100010 9
1$
#19010
0$
#19015
b10100011 9
b1001010011 .
1$
#19020
0$
#19025
b1001010100 .
b10100100 9
1$
#19030
0$
#19035
b10100101 9
b1001010101 .
1$
#19040
0$
#19045
b1001010110 .
b10100110 9
1$
#19050
0$
#19055
b10100111 9
b1001010111 .
1$
#19060
0$
#19065
b1001011000 .
b10101000 9
1$
#19070
0$
#19075
b10101001 9
b1001011001 .
1$
#19080
0$
#19085
b1001011010 .
b10101010 9
1$
#19090
0$
#19095
b10101011 9
b1001011011 .
1$
#19100
0$
#19105
b1001011100 .
b10101100 9
1$
#19110
0$
#19115
b10101101 9
b1001011101 .
1$
#19120
0$
#19125
b1001011110 .
b10101110 9
1$
#19130
0$
#19135
b10101111 9
b1001011111 .
1$
#19140
0$
#19145
b1001100000 .
b10110000 9
1$
#19150
0$
#19155
b10110001 9
b1001100001 .
1$
#19160
0$
#19165
b1001100010 .
b10110010 9
1$
#19170
0$
#19175
b10110011 9
b1001100011 .
1$
#19180
0$
#19185
b1001100100 .
b10110100 9
1$
#19190
0$
#19195
b10110101 9
b1001100101 .
1$
#19200
0$
#19205
b1001100110 .
b10110110 9
1$
#19210
0$
#19215
b10110111 9
b1001100111 .
1$
#19220
0$
#19225
b1001101000 .
b10111000 9
1$
#19230
0$
#19235
b10111001 9
b1001101001 .
1$
#19240
0$
#19245
b1001101010 .
b10111010 9
1$
#19250
0$
#19255
b10111011 9
b1001101011 .
1$
#19260
0$
#19265
b1001101100 .
b10111100 9
1$
#19270
0$
#19275
b10111101 9
b1001101101 .
1$
#19280
0$
#19285
b1001101110 .
b10111110 9
1$
#19290
0$
#19295
b10111111 9
b1001101111 .
1$
#19300
0$
#19305
b1001110000 .
b11000000 9
1$
#19310
0$
#19315
b11000001 9
b1001110001 .
1$
#19320
0$
#19325
b1001110010 .
b11000010 9
1$
#19330
0$
#19335
b11000011 9
b1001110011 .
1$
#19340
0$
#19345
b1001110100 .
b11000100 9
1$
#19350
0$
#19355
b11000101 9
b1001110101 .
1$
#19360
0$
#19365
b1001110110 .
b11000110 9
1$
#19370
0$
#19375
b11000111 9
b1001110111 .
1$
#19380
0$
#19385
b1001111000 .
b11001000 9
1$
#19390
0$
#19395
b11001001 9
b1001111001 .
1$
#19400
0$
#19405
b1001111010 .
b11001010 9
1$
#19410
0$
#19415
b11001011 9
b1001111011 .
1$
#19420
0$
#19425
b1001111100 .
b11001100 9
1$
#19430
0$
#19435
b11001101 9
b1001111101 .
1$
#19440
0$
#19445
b1001111110 .
b11001110 9
1$
#19450
0$
#19455
b11001111 9
b1001111111 .
1$
#19460
0$
#19465
b1010000000 .
b11010000 9
1$
#19470
0$
#19475
b11010001 9
b1010000001 .
1$
#19480
0$
#19485
b1010000010 .
b11010010 9
1$
#19490
0$
#19495
b11010011 9
b1010000011 .
1$
#19500
0$
#19505
b1010000100 .
b11010100 9
1$
#19510
0$
#19515
b11010101 9
b1010000101 .
1$
#19520
0$
#19525
b1010000110 .
b11010110 9
1$
#19530
0$
#19535
b11010111 9
b1010000111 .
1$
#19540
0$
#19545
b1010001000 .
b11011000 9
1$
#19550
0$
#19555
b11011001 9
b1010001001 .
1$
#19560
0$
#19565
b1010001010 .
b11011010 9
1$
#19570
0$
#19575
b11011011 9
b1010001011 .
1$
#19580
0$
#19585
b1010001100 .
b11011100 9
1$
#19590
0$
#19595
b11011101 9
b1010001101 .
1$
#19600
0$
#19605
b1010001110 .
b11011110 9
1$
#19610
0$
#19615
b11011111 9
b1010001111 .
1$
#19620
0$
#19625
b1010010000 .
b11100000 9
1$
#19630
0$
#19635
b11100001 9
b1010010001 .
1$
#19640
0$
#19645
b1010010010 .
b11100010 9
1$
#19650
0$
#19655
b11100011 9
b1010010011 .
1$
#19660
0$
#19665
b1010010100 .
b11100100 9
1$
#19670
0$
#19675
b11100101 9
b1010010101 .
1$
#19680
0$
#19685
b1010010110 .
b11100110 9
1$
#19690
0$
#19695
b11100111 9
b1010010111 .
1$
#19700
0$
#19705
b1010011000 .
b11101000 9
1$
#19710
0$
#19715
b11101001 9
b1010011001 .
1$
#19720
0$
#19725
b1010011010 .
b11101010 9
1$
#19730
0$
#19735
b11101011 9
b1010011011 .
1$
#19740
0$
#19745
b1010011100 .
b11101100 9
1$
#19750
0$
#19755
b11101101 9
b1010011101 .
1$
#19760
0$
#19765
b1010011110 .
b11101110 9
1$
#19770
0$
#19775
b11101111 9
b1010011111 .
1$
#19780
0$
#19785
b1010100000 .
b11110000 9
1$
#19790
0$
#19795
b11110001 9
b1010100001 .
1$
#19800
0$
#19805
b1010100010 .
b11110010 9
1$
#19810
0$
#19815
b11110011 9
b1010100011 .
1$
#19820
0$
#19825
b1010100100 .
b11110100 9
1$
#19830
0$
#19835
b11110101 9
b1010100101 .
1$
#19840
0$
#19845
b1010100110 .
b11110110 9
1$
#19850
0$
#19855
b11110111 9
b1010100111 .
1$
#19860
0$
#19865
b1010101000 .
b11111000 9
1$
#19870
0$
#19875
b11111001 9
b1010101001 .
1$
#19880
0$
#19885
b1010101010 .
b11111010 9
1$
#19890
0$
#19895
b11111011 9
b1010101011 .
1$
#19900
0$
#19905
b1010101100 .
b11111100 9
1$
#19910
0$
#19915
b11111101 9
b1010101101 .
1$
#19920
0$
#19925
b1010101110 .
b11111110 9
1$
#19930
0$
#19935
b11111111 9
b1010101111 .
1$
#19940
0$
#19945
b1010110000 .
b100000000 9
1$
#19950
0$
#19955
b100000001 9
b1010110001 .
1$
#19960
0$
#19965
b1010110010 .
b100000010 9
1$
#19970
0$
#19975
b100000011 9
b1010110011 .
1$
#19980
0$
#19985
b1010110100 .
b100000100 9
1$
#19990
0$
#19995
b100000101 9
b1010110101 .
1$
#20000
0$
#20005
b1010110110 .
b100000110 9
1$
#20010
0$
#20015
b100000111 9
b1010110111 .
1$
#20020
0$
#20025
b1010111000 .
b100001000 9
1$
#20030
0$
#20035
b100001001 9
b1010111001 .
1$
#20040
0$
#20045
b1010111010 .
b100001010 9
1$
#20050
0$
#20055
b100001011 9
b1010111011 .
1$
#20060
0$
#20065
b1010111100 .
b100001100 9
1$
#20070
0$
#20075
b100001101 9
b1010111101 .
1$
#20080
0$
#20085
b1010111110 .
b100001110 9
1$
#20090
0$
#20095
b100001111 9
b1010111111 .
1$
#20100
0$
#20105
b1011000000 .
b100010000 9
1$
#20110
0$
#20115
b100010001 9
b1011000001 .
1$
#20120
0$
#20125
b1011000010 .
b100010010 9
1$
#20130
0$
#20135
b100010011 9
b1011000011 .
1$
#20140
0$
#20145
b1011000100 .
b100010100 9
1$
#20150
0$
#20155
b100010101 9
b1011000101 .
1$
#20160
0$
#20165
b1011000110 .
b100010110 9
1$
#20170
0$
#20175
b100010111 9
b1011000111 .
1$
#20180
0$
#20185
b1011001000 .
b100011000 9
1$
#20190
0$
#20195
b100011001 9
b1011001001 .
1$
#20200
0$
#20205
b1011001010 .
b100011010 9
1$
#20210
0$
#20215
b100011011 9
b1011001011 .
1$
#20220
0$
#20225
b1011001100 .
b100011100 9
1$
#20230
0$
#20235
b100011101 9
b1011001101 .
1$
#20240
0$
#20245
b1011001110 .
b100011110 9
1$
#20250
0$
#20255
b100011111 9
b1011001111 .
1$
#20260
0$
#20265
b1011010000 .
b100100000 9
1$
#20270
0$
#20275
b100100001 9
b1011010001 .
1$
#20280
0$
#20285
b1011010010 .
b100100010 9
1$
#20290
0$
#20295
b100100011 9
b1011010011 .
1$
#20300
0$
#20305
b1011010100 .
b100100100 9
1$
#20310
0$
#20315
b100100101 9
b1011010101 .
1$
#20320
0$
#20325
b1011010110 .
b100100110 9
1$
#20330
0$
#20335
b100100111 9
b1011010111 .
1$
#20340
0$
#20345
b1011011000 .
b100101000 9
1$
#20350
0$
#20355
b100101001 9
b1011011001 .
1$
#20360
0$
#20365
b1011011010 .
b100101010 9
1$
#20370
0$
#20375
b100101011 9
b1011011011 .
1$
#20380
0$
#20385
b1011011100 .
b100101100 9
1$
#20390
0$
#20395
b100101101 9
b1011011101 .
1$
#20400
0$
#20405
b1011011110 .
b100101110 9
1$
#20410
0$
#20415
b100101111 9
b1011011111 .
1$
#20420
0$
#20425
b1011100000 .
b100110000 9
1$
#20430
0$
#20435
b100110001 9
b1011100001 .
1$
#20440
0$
#20445
b1011100010 .
b100110010 9
1$
#20450
0$
#20455
b100110011 9
b1011100011 .
1$
#20460
0$
#20465
b1011100100 .
b100110100 9
1$
#20470
0$
#20475
b100110101 9
b1011100101 .
1$
#20480
0$
#20485
b1011100110 .
b100110110 9
1$
#20490
0$
#20495
b100110111 9
b1011100111 .
1$
#20500
0$
#20505
b1011101000 .
b100111000 9
1$
#20510
0$
#20515
b100111001 9
b1011101001 .
1$
#20520
0$
#20525
b1011101010 .
b100111010 9
1$
#20530
0$
#20535
b100111011 9
b1011101011 .
1$
#20540
0$
#20545
b1011101100 .
b100111100 9
1$
#20550
0$
#20555
b100111101 9
b1011101101 .
1$
#20560
0$
#20565
b1011101110 .
b100111110 9
1$
#20570
0$
#20575
b100111111 9
b1011101111 .
1$
#20580
0$
#20585
b1011110000 .
b101000000 9
1$
#20590
0$
#20595
b101000001 9
b1011110001 .
1$
#20600
0$
#20605
b1011110010 .
b101000010 9
1$
#20610
0$
#20615
b101000011 9
b1011110011 .
1$
#20620
0$
#20625
b1011110100 .
b101000100 9
1$
#20630
0$
#20635
b101000101 9
b1011110101 .
1$
#20640
0$
#20645
b1011110110 .
b101000110 9
1$
#20650
0$
#20655
b101000111 9
b1011110111 .
1$
#20660
0$
#20665
b1011111000 .
b101001000 9
1$
#20670
0$
#20675
b101001001 9
b1011111001 .
1$
#20680
0$
#20685
b1011111010 .
b101001010 9
1$
#20690
0$
#20695
b101001011 9
b1011111011 .
1$
#20700
0$
#20705
b1011111100 .
b101001100 9
1$
#20710
0$
#20715
b101001101 9
b1011111101 .
1$
#20720
0$
#20725
b1011111110 .
b101001110 9
1$
#20730
0$
#20735
b101001111 9
b1011111111 .
1$
#20740
0$
#20745
b1100000000 .
b101010000 9
1$
#20750
0$
#20755
b101010001 9
b1100000001 .
1$
#20760
0$
#20765
b1100000010 .
b101010010 9
1$
#20770
0$
#20775
b101010011 9
b1100000011 .
1$
#20780
0$
#20785
b1100000100 .
b101010100 9
1$
#20790
0$
#20795
b101010101 9
b1100000101 .
1$
#20800
0$
#20805
b1100000110 .
b101010110 9
1$
#20810
0$
#20815
b101010111 9
b1100000111 .
1$
#20820
0$
#20825
b1100001000 .
b101011000 9
1$
#20830
0$
#20835
b101011001 9
b1100001001 .
1$
#20840
0$
#20845
b1100001010 .
b101011010 9
1$
#20850
0$
#20855
b101011011 9
b1100001011 .
1$
#20860
0$
#20865
b1100001100 .
b101011100 9
1$
#20870
0$
#20875
b101011101 9
b1100001101 .
1$
#20880
0$
#20885
b1100001110 .
b101011110 9
1$
#20890
0$
#20895
b101011111 9
b1100001111 .
1$
#20900
0$
#20905
b1100010000 .
b101100000 9
1$
#20910
0$
#20915
b101100001 9
b1100010001 .
1$
#20920
0$
#20925
b1100010010 .
b101100010 9
1$
#20930
0$
#20935
b101100011 9
b1100010011 .
1$
#20940
0$
#20945
b1100010100 .
b101100100 9
1$
#20950
0$
#20955
b101100101 9
b1100010101 .
1$
#20960
0$
#20965
b1100010110 .
b101100110 9
1$
#20970
0$
#20975
b101100111 9
b1100010111 .
1$
#20980
0$
#20985
b1100011000 .
b101101000 9
1$
#20990
0$
#20995
b101101001 9
b1100011001 .
1$
#21000
0$
#21005
b1100011010 .
b101101010 9
1$
#21010
0$
#21015
b101101011 9
b1100011011 .
1$
#21020
0$
#21025
b1100011100 .
b101101100 9
1$
#21030
0$
#21035
b101101101 9
b1100011101 .
1$
#21040
0$
#21045
b1100011110 .
b101101110 9
1$
#21050
0$
#21055
b101101111 9
b1100011111 .
1$
#21060
0$
#21065
b1100100000 .
b101110000 9
1$
#21070
0$
#21075
b101110001 9
b1100100001 .
1$
#21080
0$
#21085
b1100100010 .
b101110010 9
1$
#21090
0$
#21095
b101110011 9
b1100100011 .
1$
#21100
0$
#21105
b1100100100 .
b101110100 9
1$
#21110
0$
#21115
b101110101 9
b1100100101 .
1$
#21120
0$
#21125
b1100100110 .
b101110110 9
1$
#21130
0$
#21135
b101110111 9
b1100100111 .
1$
#21140
0$
#21145
b1100101000 .
b101111000 9
1$
#21150
0$
#21155
b101111001 9
b1100101001 .
1$
#21160
0$
#21165
b1100101010 .
b101111010 9
1$
#21170
0$
#21175
b101111011 9
b1100101011 .
1$
#21180
0$
#21185
b1100101100 .
b101111100 9
1$
#21190
0$
#21195
b101111101 9
b1100101101 .
1$
#21200
0$
#21205
b1100101110 .
b101111110 9
1$
#21210
0$
#21215
b101111111 9
b1100101111 .
1$
#21220
0$
#21225
b1100110000 .
b110000000 9
1$
#21230
0$
#21235
b110000001 9
b1100110001 .
1$
#21240
0$
#21245
b1100110010 .
b110000010 9
1$
#21250
0$
#21255
b110000011 9
b1100110011 .
1$
#21260
0$
#21265
b1100110100 .
b110000100 9
1$
#21270
0$
#21275
b110000101 9
b1100110101 .
1$
#21280
0$
#21285
b1100110110 .
b110000110 9
1$
#21290
0$
#21295
b110000111 9
b1100110111 .
1$
#21300
0$
#21305
b1100111000 .
b110001000 9
1$
#21310
0$
#21315
b110001001 9
b1100111001 .
1$
#21320
0$
#21325
b1100111010 .
b110001010 9
1$
#21330
0$
#21335
b110001011 9
b1100111011 .
1$
#21340
0$
#21345
b1100111100 .
b110001100 9
1$
#21350
0$
#21355
b110001101 9
b1100111101 .
1$
#21360
0$
#21365
b1100111110 .
b110001110 9
1$
#21370
0$
#21375
b110001111 9
b1100111111 .
1$
#21380
0$
#21385
b1101000000 .
b110010000 9
1$
#21390
0$
#21395
b110010001 9
b1101000001 .
1$
#21400
0$
#21405
b1101000010 .
b110010010 9
1$
#21410
0$
#21415
b110010011 9
b1101000011 .
1$
#21420
0$
#21425
b1101000100 .
b110010100 9
1$
#21430
0$
#21435
b110010101 9
b1101000101 .
1$
#21440
0$
#21445
b1101000110 .
b110010110 9
1$
#21450
0$
#21455
b110010111 9
b1101000111 .
1$
#21460
0$
#21465
b1101001000 .
b110011000 9
1$
#21470
0$
#21475
b110011001 9
b1101001001 .
1$
#21480
0$
#21485
b1101001010 .
b110011010 9
1$
#21490
0$
#21495
b110011011 9
b1101001011 .
1$
#21500
0$
#21505
b1101001100 .
b110011100 9
1$
#21510
0$
#21515
b110011101 9
b1101001101 .
1$
#21520
0$
#21525
b1101001110 .
b110011110 9
1$
#21530
0$
#21535
b110011111 9
b1101001111 .
1$
#21540
0$
#21545
b1101010000 .
b110100000 9
1$
#21550
0$
#21555
b110100001 9
b1101010001 .
1$
#21560
0$
#21565
b1101010010 .
b110100010 9
1$
#21570
0$
#21575
b110100011 9
b1101010011 .
1$
#21580
0$
#21585
b1101010100 .
b110100100 9
1$
#21590
0$
#21595
b110100101 9
b1101010101 .
1$
#21600
0$
#21605
b1101010110 .
b110100110 9
1$
#21610
0$
#21615
b110100111 9
b1101010111 .
1$
#21620
0$
#21625
b1101011000 .
b110101000 9
1$
#21630
0$
#21635
b110101001 9
b1101011001 .
1$
#21640
0$
#21645
b1101011010 .
b110101010 9
1$
#21650
0$
#21655
b110101011 9
b1101011011 .
1$
#21660
0$
#21665
b1101011100 .
b110101100 9
1$
#21670
0$
#21675
b110101101 9
b1101011101 .
1$
#21680
0$
#21685
b1101011110 .
b110101110 9
1$
#21690
0$
#21695
b110101111 9
b1101011111 .
1$
#21700
0$
#21705
b1101100000 .
b110110000 9
1$
#21710
0$
#21715
b110110001 9
b1101100001 .
1$
#21720
0$
#21725
b1101100010 .
b110110010 9
1$
#21730
0$
#21735
b110110011 9
b1101100011 .
1$
#21740
0$
#21745
b10 -
b0 .
b110110100 9
1$
#21750
0$
#21755
b110110101 9
b1 .
1$
#21760
0$
#21765
b10 .
b110110110 9
1$
#21770
0$
#21775
b110110111 9
b11 .
1$
#21780
0$
#21785
b100 .
b110111000 9
1$
#21790
0$
#21795
b110111001 9
b101 .
1$
#21800
0$
#21805
b110 .
b110111010 9
1$
#21810
0$
#21815
b110111011 9
b111 .
1$
#21820
0$
#21825
b1000 .
b110111100 9
1$
#21830
0$
#21835
b110111101 9
b1001 .
1$
#21840
0$
#21845
b1010 .
b110111110 9
1$
#21850
0$
#21855
b110111111 9
b1011 .
1$
#21860
0$
#21865
b1100 .
b111000000 9
1$
#21870
0$
#21875
b111000001 9
b1101 .
1$
#21880
0$
#21885
b1110 .
b111000010 9
1$
#21890
0$
#21895
b111000011 9
b1111 .
1$
#21900
0$
#21905
b10000 .
b111000100 9
1$
#21910
0$
#21915
b111000101 9
b10001 .
1$
#21920
0$
#21925
b10010 .
b111000110 9
1$
#21930
0$
#21935
b111000111 9
b10011 .
1$
#21940
0$
#21945
b10100 .
b111001000 9
1$
#21950
0$
#21955
b111001001 9
b10101 .
1$
#21960
0$
#21965
b10110 .
b111001010 9
1$
#21970
0$
#21975
b111001011 9
b10111 .
1$
#21980
0$
#21985
b11000 .
b111001100 9
1$
#21990
0$
#21995
b111001101 9
b11001 .
1$
#22000
0$
#22005
b11010 .
b111001110 9
1$
#22010
0$
#22015
b111001111 9
b11011 .
1$
#22020
0$
#22025
b11100 .
b111010000 9
1$
#22030
0$
#22035
b111010001 9
b11101 .
1$
#22040
0$
#22045
b11110 .
b111010010 9
1$
#22050
0$
#22055
b111010011 9
b11111 .
1$
#22060
0$
#22065
b100000 .
b111010100 9
1$
#22070
0$
#22075
b111010101 9
b100001 .
1$
#22080
0$
#22085
b100010 .
b111010110 9
1$
#22090
0$
#22095
b111010111 9
b100011 .
1$
#22100
0$
#22105
b100100 .
b111011000 9
1$
#22110
0$
#22115
b111011001 9
b100101 .
1$
#22120
0$
#22125
b100110 .
b111011010 9
1$
#22130
0$
#22135
b111011011 9
b100111 .
1$
#22140
0$
#22145
b101000 .
b111011100 9
1$
#22150
0$
#22155
b111011101 9
b101001 .
1$
#22160
0$
#22165
b101010 .
b111011110 9
1$
#22170
0$
#22175
b111011111 9
b101011 .
1$
#22180
0$
#22185
b101100 .
b111100000 9
1$
#22190
0$
#22195
b111100001 9
b101101 .
1$
#22200
0$
#22205
b101110 .
b111100010 9
1$
#22210
0$
#22215
b111100011 9
b101111 .
1$
#22220
0$
#22225
b110000 .
b111100100 9
1$
#22230
0$
#22235
b111100101 9
b110001 .
1$
#22240
0$
#22245
b110010 .
b111100110 9
1$
#22250
0$
#22255
b111100111 9
b110011 .
1$
#22260
0$
#22265
b110100 .
b111101000 9
1$
#22270
0$
#22275
b111101001 9
b110101 .
1$
#22280
0$
#22285
b110110 .
b111101010 9
1$
#22290
0$
#22295
b111101011 9
b110111 .
1$
#22300
0$
#22305
b111000 .
b111101100 9
1$
#22310
0$
#22315
b111101101 9
b111001 .
1$
#22320
0$
#22325
b111010 .
b111101110 9
1$
#22330
0$
#22335
b111101111 9
b111011 .
1$
#22340
0$
#22345
b111100 .
b111110000 9
1$
#22350
0$
#22355
b111110001 9
b111101 .
1$
#22360
0$
#22365
b111110 .
b111110010 9
1$
#22370
0$
#22375
b111110011 9
b111111 .
1$
#22380
0$
#22385
b1000000 .
b111110100 9
1$
#22390
0$
#22395
b111110101 9
b1000001 .
1$
#22400
0$
#22405
b1000010 .
b111110110 9
1$
#22410
0$
#22415
b111110111 9
b1000011 .
1$
#22420
0$
#22425
b1000100 .
b111111000 9
1$
#22430
0$
#22435
b111111001 9
b1000101 .
1$
#22440
0$
#22445
b1000110 .
b111111010 9
1$
#22450
0$
#22455
b111111011 9
b1000111 .
1$
#22460
0$
#22465
b1001000 .
b111111100 9
1$
#22470
0$
#22475
b111111101 9
b1001001 .
1$
#22480
0$
#22485
b1001010 .
b111111110 9
1$
#22490
0$
#22495
b111111111 9
b1001011 .
1$
#22500
0$
#22505
b1001100 .
b1000000000 9
1$
#22510
0$
#22515
b1000000001 9
b1001101 .
1$
#22520
0$
#22525
b1001110 .
b1000000010 9
1$
#22530
0$
#22535
b1000000011 9
b1001111 .
1$
#22540
0$
#22545
b1010000 .
b1000000100 9
1$
#22550
0$
#22555
b1000000101 9
b1010001 .
1$
#22560
0$
#22565
b1010010 .
b1000000110 9
1$
#22570
0$
#22575
b1000000111 9
b1010011 .
1$
#22580
0$
#22585
b1010100 .
b1000001000 9
1$
#22590
0$
#22595
b1000001001 9
b1010101 .
1$
#22600
0$
#22605
b1010110 .
b1000001010 9
1$
#22610
0$
#22615
b1000001011 9
b1010111 .
1$
#22620
0$
#22625
b1011000 .
b1000001100 9
1$
#22630
0$
#22635
b1000001101 9
b1011001 .
1$
#22640
0$
#22645
b1011010 .
b1000001110 9
1$
#22650
0$
#22655
b1000001111 9
b1011011 .
1$
#22660
0$
#22665
b1011100 .
b1000010000 9
1$
#22670
0$
#22675
b1000010001 9
b1011101 .
1$
#22680
0$
#22685
b1011110 .
b1000010010 9
1$
#22690
0$
#22695
b1000010011 9
b1011111 .
1$
#22700
0$
#22705
b1100000 .
b1000010100 9
1$
#22710
0$
#22715
b1000010101 9
b1100001 .
1$
#22720
0$
#22725
b1100010 .
b1000010110 9
1$
#22730
0$
#22735
b1000010111 9
b1100011 .
1$
#22740
0$
#22745
b1100100 .
b1000011000 9
1$
#22750
0$
#22755
b1000011001 9
b1100101 .
1$
#22760
0$
#22765
b1100110 .
b1000011010 9
1$
#22770
0$
#22775
b1000011011 9
b1100111 .
1$
#22780
0$
#22785
b1101000 .
b1000011100 9
1$
#22790
0$
#22795
b1000011101 9
b1101001 .
1$
#22800
0$
#22805
b1101010 .
b1000011110 9
1$
#22810
0$
#22815
b1000011111 9
b1101011 .
1$
#22820
0$
#22825
b1101100 .
b1000100000 9
1$
#22830
0$
#22835
b1000100001 9
b1101101 .
1$
#22840
0$
#22845
b1101110 .
b1000100010 9
1$
#22850
0$
#22855
b1000100011 9
b1101111 .
1$
#22860
0$
#22865
b1110000 .
b1000100100 9
1$
#22870
0$
#22875
b1000100101 9
b1110001 .
1$
#22880
0$
#22885
b1110010 .
b1000100110 9
1$
#22890
0$
#22895
b1000100111 9
b1110011 .
1$
#22900
0$
#22905
b1110100 .
b1000101000 9
1$
#22910
0$
#22915
b1000101001 9
b1110101 .
1$
#22920
0$
#22925
b1110110 .
b1000101010 9
1$
#22930
0$
#22935
b1000101011 9
b1110111 .
1$
#22940
0$
#22945
b1111000 .
b1000101100 9
1$
#22950
0$
#22955
b1000101101 9
b1111001 .
1$
#22960
0$
#22965
b1111010 .
b1000101110 9
1$
#22970
0$
#22975
b1000101111 9
b1111011 .
1$
#22980
0$
#22985
b1111100 .
b1000110000 9
1$
#22990
0$
#22995
b1000110001 9
b1111101 .
1$
#23000
0$
#23005
b1111110 .
b1000110010 9
1$
#23010
0$
#23015
b1000110011 9
b1111111 .
1$
#23020
0$
#23025
b10000000 .
b1000110100 9
1$
#23030
0$
#23035
b1000110101 9
b10000001 .
1$
#23040
0$
#23045
b10000010 .
b1000110110 9
1$
#23050
0$
#23055
b1000110111 9
b10000011 .
1$
#23060
0$
#23065
b10000100 .
b1000111000 9
1$
#23070
0$
#23075
b1000111001 9
b10000101 .
1$
#23080
0$
#23085
b10000110 .
b1000111010 9
1$
#23090
0$
#23095
b1000111011 9
b10000111 .
1$
#23100
0$
#23105
b10001000 .
b1000111100 9
1$
#23110
0$
#23115
b1000111101 9
b10001001 .
1$
#23120
0$
#23125
b10001010 .
b1000111110 9
1$
#23130
0$
#23135
b1000111111 9
b10001011 .
1$
#23140
0$
#23145
b10001100 .
b1001000000 9
1$
#23150
0$
#23155
b1001000001 9
b10001101 .
1$
#23160
0$
#23165
b10001110 .
b1001000010 9
1$
#23170
0$
#23175
b1001000011 9
b10001111 .
1$
#23180
0$
#23185
b10010000 .
b1001000100 9
1$
#23190
0$
#23195
b1001000101 9
b10010001 .
1$
#23200
0$
#23205
b10010010 .
b1001000110 9
1$
#23210
0$
#23215
b1001000111 9
b10010011 .
1$
#23220
0$
#23225
b10010100 .
b1001001000 9
1$
#23230
0$
#23235
b1001001001 9
b10010101 .
1$
#23240
0$
#23245
b10010110 .
b1001001010 9
1$
#23250
0$
#23255
b1001001011 9
b10010111 .
1$
#23260
0$
#23265
b10011000 .
b1001001100 9
1$
#23270
0$
#23275
b1001001101 9
b10011001 .
1$
#23280
0$
#23285
b10011010 .
b1001001110 9
1$
#23290
0$
#23295
b1001001111 9
b10011011 .
1$
#23300
0$
#23305
b10011100 .
b1001010000 9
1$
#23310
0$
#23315
b1001010001 9
b10011101 .
1$
#23320
0$
#23325
b10011110 .
b1001010010 9
1$
#23330
0$
#23335
b1001010011 9
b10011111 .
1$
#23340
0$
#23345
b10100000 .
b1001010100 9
1$
#23350
0$
#23355
b1001010101 9
b10100001 .
1$
#23360
0$
#23365
b10100010 .
b1001010110 9
1$
#23370
0$
#23375
b1001010111 9
b10100011 .
1$
#23380
0$
#23385
b10100100 .
b1001011000 9
1$
#23390
0$
#23395
b1001011001 9
b10100101 .
1$
#23400
0$
#23405
b10100110 .
b1001011010 9
1$
#23410
0$
#23415
b1001011011 9
b10100111 .
1$
#23420
0$
#23425
b10101000 .
b1001011100 9
1$
#23430
0$
#23435
b1001011101 9
b10101001 .
1$
#23440
0$
#23445
b10101010 .
b1001011110 9
1$
#23450
0$
#23455
b1001011111 9
b10101011 .
1$
#23460
0$
#23465
b10101100 .
b1001100000 9
1$
#23470
0$
#23475
b1001100001 9
b10101101 .
1$
#23480
0$
#23485
b10101110 .
b1001100010 9
1$
#23490
0$
#23495
b1001100011 9
b10101111 .
1$
#23500
0$
#23505
b10110000 .
b1001100100 9
1$
#23510
0$
#23515
b1001100101 9
b10110001 .
1$
#23520
0$
#23525
b10110010 .
b1001100110 9
1$
#23530
0$
#23535
b1001100111 9
b10110011 .
1$
#23540
0$
#23545
b10110100 .
b1001101000 9
1$
#23550
0$
#23555
b1001101001 9
b10110101 .
1$
#23560
0$
#23565
b10110110 .
b1001101010 9
1$
#23570
0$
#23575
b1001101011 9
b10110111 .
1$
#23580
0$
#23585
b10111000 .
b1001101100 9
1$
#23590
0$
#23595
b1001101101 9
b10111001 .
1$
#23600
0$
#23605
b10111010 .
b1001101110 9
1$
#23610
0$
#23615
b1001101111 9
b10111011 .
1$
#23620
0$
#23625
b10111100 .
b1001110000 9
1$
#23630
0$
#23635
b1001110001 9
b10111101 .
1$
#23640
0$
#23645
b10111110 .
b1001110010 9
1$
#23650
0$
#23655
b1001110011 9
b10111111 .
1$
#23660
0$
#23665
b11000000 .
b1001110100 9
1$
#23670
0$
#23675
b1001110101 9
b11000001 .
1$
#23680
0$
#23685
b11000010 .
b1001110110 9
1$
#23690
0$
#23695
b1001110111 9
b11000011 .
1$
#23700
0$
#23705
b11000100 .
b1001111000 9
1$
#23710
0$
#23715
b1001111001 9
b11000101 .
1$
#23720
0$
#23725
b11000110 .
b1001111010 9
1$
#23730
0$
#23735
b1001111011 9
b11000111 .
1$
#23740
0$
#23745
b11001000 .
b1001111100 9
1$
#23750
0$
#23755
b1001111101 9
b11001001 .
1$
#23760
0$
#23765
b11001010 .
b1001111110 9
1$
#23770
0$
#23775
b1001111111 9
b11001011 .
1$
#23780
0$
#23785
b11001100 .
b1010000000 9
1$
#23790
0$
#23795
b1010000001 9
b11001101 .
1$
#23800
0$
#23805
b11001110 .
b1010000010 9
1$
#23810
0$
#23815
b1010000011 9
b11001111 .
1$
#23820
0$
#23825
b11010000 .
b1010000100 9
1$
#23830
0$
#23835
b1010000101 9
b11010001 .
1$
#23840
0$
#23845
b11010010 .
b1010000110 9
1$
#23850
0$
#23855
b1010000111 9
b11010011 .
1$
#23860
0$
#23865
b11010100 .
b1010001000 9
1$
#23870
0$
#23875
b1010001001 9
b11010101 .
1$
#23880
0$
#23885
b11010110 .
b1010001010 9
1$
#23890
0$
#23895
b1010001011 9
b11010111 .
1$
#23900
0$
#23905
b11011000 .
b1010001100 9
1$
#23910
0$
#23915
b1010001101 9
b11011001 .
1$
#23920
0$
#23925
b11011010 .
b1010001110 9
1$
#23930
0$
#23935
b1010001111 9
b11011011 .
1$
#23940
0$
#23945
b11011100 .
b1010010000 9
1$
#23950
0$
#23955
b1010010001 9
b11011101 .
1$
#23960
0$
#23965
b11011110 .
b1010010010 9
1$
#23970
0$
#23975
b1010010011 9
b11011111 .
1$
#23980
0$
#23985
b11100000 .
b1010010100 9
1$
#23990
0$
#23995
b1010010101 9
b11100001 .
1$
#24000
0$
#24005
b11100010 .
b1010010110 9
1$
#24010
0$
#24015
b1010010111 9
b11100011 .
1$
#24020
0$
#24025
b11100100 .
b1010011000 9
1$
#24030
0$
#24035
b1010011001 9
b11100101 .
1$
#24040
0$
#24045
b11100110 .
b1010011010 9
1$
#24050
0$
#24055
b1010011011 9
b11100111 .
1$
#24060
0$
#24065
b11101000 .
b1010011100 9
1$
#24070
0$
#24075
b1010011101 9
b11101001 .
1$
#24080
0$
#24085
b11101010 .
b1010011110 9
1$
#24090
0$
#24095
b1010011111 9
b11101011 .
1$
#24100
0$
#24105
b11101100 .
b1010100000 9
1$
#24110
0$
#24115
b1010100001 9
b11101101 .
1$
#24120
0$
#24125
b11101110 .
b1010100010 9
1$
#24130
0$
#24135
b1010100011 9
b11101111 .
1$
#24140
0$
#24145
b11110000 .
b1010100100 9
1$
#24150
0$
#24155
b1010100101 9
b11110001 .
1$
#24160
0$
#24165
b11110010 .
b1010100110 9
1$
#24170
0$
#24175
b1010100111 9
b11110011 .
1$
#24180
0$
#24185
b11110100 .
b1010101000 9
1$
#24190
0$
#24195
b1010101001 9
b11110101 .
1$
#24200
0$
#24205
b11110110 .
b1010101010 9
1$
#24210
0$
#24215
b1010101011 9
b11110111 .
1$
#24220
0$
#24225
b11111000 .
b1010101100 9
1$
#24230
0$
#24235
b1010101101 9
b11111001 .
1$
#24240
0$
#24245
b11111010 .
b1010101110 9
1$
#24250
0$
#24255
b1010101111 9
b11111011 .
1$
#24260
0$
#24265
b11111100 .
b1010110000 9
1$
#24270
0$
#24275
b1010110001 9
b11111101 .
1$
#24280
0$
#24285
b11111110 .
b1010110010 9
1$
#24290
0$
#24295
b1010110011 9
b11111111 .
1$
#24300
0$
#24305
b100000000 .
b1010110100 9
1$
#24310
0$
#24315
b1010110101 9
b100000001 .
1$
#24320
0$
#24325
b100000010 .
b1010110110 9
1$
#24330
0$
#24335
b1010110111 9
b100000011 .
1$
#24340
0$
#24345
b100000100 .
b1010111000 9
1$
#24350
0$
#24355
b1010111001 9
b100000101 .
1$
#24360
0$
#24365
b100000110 .
b1010111010 9
1$
#24370
0$
#24375
b1010111011 9
b100000111 .
1$
#24380
0$
#24385
b100001000 .
b1010111100 9
1$
#24390
0$
#24395
b1010111101 9
b100001001 .
1$
#24400
0$
#24405
b100001010 .
b1010111110 9
1$
#24410
0$
#24415
b1010111111 9
b100001011 .
1$
#24420
0$
#24425
b100001100 .
b1011000000 9
1$
#24430
0$
#24435
b1011000001 9
b100001101 .
1$
#24440
0$
#24445
b100001110 .
b1011000010 9
1$
#24450
0$
#24455
b1011000011 9
b100001111 .
1$
#24460
0$
#24465
b100010000 .
b1011000100 9
1$
#24470
0$
#24475
b1011000101 9
b100010001 .
1$
#24480
0$
#24485
b100010010 .
b1011000110 9
1$
#24490
0$
#24495
b1011000111 9
b100010011 .
1$
#24500
0$
#24505
b100010100 .
b1011001000 9
1$
#24510
0$
#24515
b1011001001 9
b100010101 .
1$
#24520
0$
#24525
b100010110 .
b1011001010 9
1$
#24530
0$
#24535
b1011001011 9
b100010111 .
1$
#24540
0$
#24545
b100011000 .
b1011001100 9
1$
#24550
0$
#24555
b1011001101 9
b100011001 .
1$
#24560
0$
#24565
b100011010 .
b1011001110 9
1$
#24570
0$
#24575
b1011001111 9
b100011011 .
1$
#24580
0$
#24585
b100011100 .
b1011010000 9
1$
#24590
0$
#24595
b1011010001 9
b100011101 .
1$
#24600
0$
#24605
b100011110 .
b1011010010 9
1$
#24610
0$
#24615
b1011010011 9
b100011111 .
1$
#24620
0$
#24625
b100100000 .
b1011010100 9
1$
#24630
0$
#24635
b1011010101 9
b100100001 .
1$
#24640
0$
#24645
b100100010 .
b1011010110 9
1$
#24650
0$
#24655
b1011010111 9
b100100011 .
1$
#24660
0$
#24665
b100100100 .
b1011011000 9
1$
#24670
0$
#24675
b1011011001 9
b100100101 .
1$
#24680
0$
#24685
b100100110 .
b1011011010 9
1$
#24690
0$
#24695
b1011011011 9
b100100111 .
1$
#24700
0$
#24705
b100101000 .
b1011011100 9
1$
#24710
0$
#24715
b1011011101 9
b100101001 .
1$
#24720
0$
#24725
b100101010 .
b1011011110 9
1$
#24730
0$
#24735
b1011011111 9
b100101011 .
1$
#24740
0$
#24745
b100101100 .
b1011100000 9
1$
#24750
0$
#24755
b1011100001 9
b100101101 .
1$
#24760
0$
#24765
b100101110 .
b1011100010 9
1$
#24770
0$
#24775
b1011100011 9
b100101111 .
1$
#24780
0$
#24785
b100110000 .
b1011100100 9
1$
#24790
0$
#24795
b1011100101 9
b100110001 .
1$
#24800
0$
#24805
b100110010 .
b1011100110 9
1$
#24810
0$
#24815
b1011100111 9
b100110011 .
1$
#24820
0$
#24825
b100110100 .
b1011101000 9
1$
#24830
0$
#24835
b1011101001 9
b100110101 .
1$
#24840
0$
#24845
b100110110 .
b1011101010 9
1$
#24850
0$
#24855
b1011101011 9
b100110111 .
1$
#24860
0$
#24865
b100111000 .
b1011101100 9
1$
#24870
0$
#24875
b1011101101 9
b100111001 .
1$
#24880
0$
#24885
b100111010 .
b1011101110 9
1$
#24890
0$
#24895
b1011101111 9
b100111011 .
1$
#24900
0$
#24905
b100111100 .
b1011110000 9
1$
#24910
0$
#24915
b1011110001 9
b100111101 .
1$
#24920
0$
#24925
b100111110 .
b1011110010 9
1$
#24930
0$
#24935
b1011110011 9
b100111111 .
1$
#24940
0$
#24945
b101000000 .
b1011110100 9
1$
#24950
0$
#24955
b1011110101 9
b101000001 .
1$
#24960
0$
#24965
b101000010 .
b1011110110 9
1$
#24970
0$
#24975
b1011110111 9
b101000011 .
1$
#24980
0$
#24985
b101000100 .
b1011111000 9
1$
#24990
0$
#24995
b1011111001 9
b101000101 .
1$
#25000
0$
#25005
b101000110 .
b1011111010 9
1$
#25010
0$
#25015
b1011111011 9
b101000111 .
1$
#25020
0$
#25025
b101001000 .
b1011111100 9
1$
#25030
0$
#25035
b1011111101 9
b101001001 .
1$
#25040
0$
#25045
b101001010 .
b1011111110 9
1$
#25050
0$
#25055
b1011111111 9
b101001011 .
1$
#25060
0$
#25065
b101001100 .
b1100000000 9
1$
#25070
0$
#25075
b1100000001 9
b101001101 .
1$
#25080
0$
#25085
b101001110 .
b1100000010 9
1$
#25090
0$
#25095
b1100000011 9
b101001111 .
1$
#25100
0$
#25105
b101010000 .
b1100000100 9
1$
#25110
0$
#25115
b1100000101 9
b101010001 .
1$
#25120
0$
#25125
b101010010 .
b1100000110 9
1$
#25130
0$
#25135
b1100000111 9
b101010011 .
1$
#25140
0$
#25145
b101010100 .
b1100001000 9
1$
#25150
0$
#25155
b1100001001 9
b101010101 .
1$
#25160
0$
#25165
b101010110 .
b1100001010 9
1$
#25170
0$
#25175
b1100001011 9
b101010111 .
1$
#25180
0$
#25185
b101011000 .
b1100001100 9
1$
#25190
0$
#25195
b1100001101 9
b101011001 .
1$
#25200
0$
#25205
b101011010 .
b1100001110 9
1$
#25210
0$
#25215
b1100001111 9
b101011011 .
1$
#25220
0$
#25225
b101011100 .
b1100010000 9
1$
#25230
0$
#25235
b1100010001 9
b101011101 .
1$
#25240
0$
#25245
b101011110 .
b1100010010 9
1$
#25250
0$
#25255
b1100010011 9
b101011111 .
1$
#25260
0$
#25265
b101100000 .
b1100010100 9
1$
#25270
0$
#25275
b1100010101 9
b101100001 .
1$
#25280
0$
#25285
b101100010 .
b1100010110 9
1$
#25290
0$
#25295
b1100010111 9
b101100011 .
1$
#25300
0$
#25305
b101100100 .
b1100011000 9
1$
#25310
0$
#25315
b1100011001 9
b101100101 .
1$
#25320
0$
#25325
b101100110 .
b1100011010 9
1$
#25330
0$
#25335
b1100011011 9
b101100111 .
1$
#25340
0$
#25345
b101101000 .
b1100011100 9
1$
#25350
0$
#25355
b1100011101 9
b101101001 .
1$
#25360
0$
#25365
b101101010 .
b1100011110 9
1$
#25370
0$
#25375
b1100011111 9
b101101011 .
1$
#25380
0$
#25385
b101101100 .
b1100100000 9
1$
#25390
0$
#25395
b1100100001 9
b101101101 .
1$
#25400
0$
#25405
b101101110 .
b1100100010 9
1$
#25410
0$
#25415
b1100100011 9
b101101111 .
1$
#25420
0$
#25425
b101110000 .
b1100100100 9
1$
#25430
0$
#25435
b1100100101 9
b101110001 .
1$
#25440
0$
#25445
b101110010 .
b1100100110 9
1$
#25450
0$
#25455
b1100100111 9
b101110011 .
1$
#25460
0$
#25465
b101110100 .
b1100101000 9
1$
#25470
0$
#25475
b1100101001 9
b101110101 .
1$
#25480
0$
#25485
b101110110 .
b1100101010 9
1$
#25490
0$
#25495
b1100101011 9
b101110111 .
1$
#25500
0$
#25505
b101111000 .
b1100101100 9
1$
#25510
0$
#25515
b1100101101 9
b101111001 .
1$
#25520
0$
#25525
b101111010 .
b1100101110 9
1$
#25530
0$
#25535
b1100101111 9
b101111011 .
1$
#25540
0$
#25545
b101111100 .
b1100110000 9
1$
#25550
0$
#25555
b1100110001 9
b101111101 .
1$
#25560
0$
#25565
b101111110 .
b1100110010 9
1$
#25570
0$
#25575
b1100110011 9
b101111111 .
1$
#25580
0$
#25585
b110000000 .
b1100110100 9
1$
#25590
0$
#25595
b1100110101 9
b110000001 .
1$
#25600
0$
#25605
b110000010 .
b1100110110 9
1$
#25610
0$
#25615
b1100110111 9
b110000011 .
1$
#25620
0$
#25625
b110000100 .
b1100111000 9
1$
#25630
0$
#25635
b1100111001 9
b110000101 .
1$
#25640
0$
#25645
b110000110 .
b1100111010 9
1$
#25650
0$
#25655
b1100111011 9
b110000111 .
1$
#25660
0$
#25665
b110001000 .
b1100111100 9
1$
#25670
0$
#25675
b1100111101 9
b110001001 .
1$
#25680
0$
#25685
b110001010 .
b1100111110 9
1$
#25690
0$
#25695
b1100111111 9
b110001011 .
1$
#25700
0$
#25705
b110001100 .
b1101000000 9
1$
#25710
0$
#25715
b1101000001 9
b110001101 .
1$
#25720
0$
#25725
b110001110 .
b1101000010 9
1$
#25730
0$
#25735
b1101000011 9
b110001111 .
1$
#25740
0$
#25745
b110010000 .
b1101000100 9
1$
#25750
0$
#25755
b1101000101 9
b110010001 .
1$
#25760
0$
#25765
b110010010 .
b1101000110 9
1$
#25770
0$
#25775
b1101000111 9
b110010011 .
1$
#25780
0$
#25785
b110010100 .
b1101001000 9
1$
#25790
0$
#25795
b1101001001 9
b110010101 .
1$
#25800
0$
#25805
b110010110 .
b1101001010 9
1$
#25810
0$
#25815
b1101001011 9
b110010111 .
1$
#25820
0$
#25825
b110011000 .
b1101001100 9
1$
#25830
0$
#25835
b1101001101 9
b110011001 .
1$
#25840
0$
#25845
b110011010 .
b1101001110 9
1$
#25850
0$
#25855
b1101001111 9
b110011011 .
1$
#25860
0$
#25865
b110011100 .
b1101010000 9
1$
#25870
0$
#25875
b1101010001 9
b110011101 .
1$
#25880
0$
#25885
b110011110 .
b1101010010 9
1$
#25890
0$
#25895
b1101010011 9
b110011111 .
1$
#25900
0$
#25905
b110100000 .
b1101010100 9
1$
#25910
0$
#25915
b1101010101 9
b110100001 .
1$
#25920
0$
#25925
b110100010 .
b1101010110 9
1$
#25930
0$
#25935
b1101010111 9
b110100011 .
1$
#25940
0$
#25945
b110100100 .
b1101011000 9
1$
#25950
0$
#25955
b1101011001 9
b110100101 .
1$
#25960
0$
#25965
b110100110 .
b1101011010 9
1$
#25970
0$
#25975
b1101011011 9
b110100111 .
1$
#25980
0$
#25985
b110101000 .
b1101011100 9
1$
#25990
0$
#25995
b1101011101 9
b110101001 .
1$
#26000
0$
#26005
b110101010 .
b1101011110 9
1$
#26010
0$
#26015
b1101011111 9
b110101011 .
1$
#26020
0$
#26025
b110101100 .
b1101100000 9
1$
#26030
0$
#26035
b1101100001 9
b110101101 .
1$
#26040
0$
#26045
b110101110 .
b1101100010 9
1$
#26050
0$
#26055
b1101100011 9
b110101111 .
1$
#26060
0$
#26065
b110110000 .
b10 8
b0 9
1$
#26070
0$
#26075
b1 9
b110110001 .
1$
#26080
0$
#26085
b110110010 .
b10 9
1$
#26090
0$
#26095
b11 9
b110110011 .
1$
#26100
0$
#26105
b110110100 .
b100 9
1$
#26110
0$
#26115
b101 9
b110110101 .
1$
#26120
0$
#26125
b110110110 .
b110 9
1$
#26130
0$
#26135
b111 9
b110110111 .
1$
#26140
0$
#26145
b110111000 .
b1000 9
1$
#26150
0$
#26155
b1001 9
b110111001 .
1$
#26160
0$
#26165
b110111010 .
b1010 9
1$
#26170
0$
#26175
b1011 9
b110111011 .
1$
#26180
0$
#26185
b110111100 .
b1100 9
1$
#26190
0$
#26195
b1101 9
b110111101 .
1$
#26200
0$
#26205
b110111110 .
b1110 9
1$
#26210
0$
#26215
b1111 9
b110111111 .
1$
#26220
0$
#26225
b111000000 .
b10000 9
1$
#26230
0$
#26235
b10001 9
b111000001 .
1$
#26240
0$
#26245
b111000010 .
b10010 9
1$
#26250
0$
#26255
b10011 9
b111000011 .
1$
#26260
0$
#26265
b111000100 .
b10100 9
1$
#26270
0$
#26275
b10101 9
b111000101 .
1$
#26280
0$
#26285
b111000110 .
b10110 9
1$
#26290
0$
#26295
b10111 9
b111000111 .
1$
#26300
0$
#26305
b111001000 .
b11000 9
1$
#26310
0$
#26315
b11001 9
b111001001 .
1$
#26320
0$
#26325
b111001010 .
b11010 9
1$
#26330
0$
#26335
b11011 9
b111001011 .
1$
#26340
0$
#26345
b111001100 .
b11100 9
1$
#26350
0$
#26355
b11101 9
b111001101 .
1$
#26360
0$
#26365
b111001110 .
b11110 9
1$
#26370
0$
#26375
b11111 9
b111001111 .
1$
#26380
0$
#26385
b111010000 .
b100000 9
1$
#26390
0$
#26395
b100001 9
b111010001 .
1$
#26400
0$
#26405
b111010010 .
b100010 9
1$
#26410
0$
#26415
b100011 9
b111010011 .
1$
#26420
0$
#26425
b111010100 .
b100100 9
1$
#26430
0$
#26435
b100101 9
b111010101 .
1$
#26440
0$
#26445
b111010110 .
b100110 9
1$
#26450
0$
#26455
b100111 9
b111010111 .
1$
#26460
0$
#26465
b111011000 .
b101000 9
1$
#26470
0$
#26475
b101001 9
b111011001 .
1$
#26480
0$
#26485
b111011010 .
b101010 9
1$
#26490
0$
#26495
b101011 9
b111011011 .
1$
#26500
0$
#26505
b111011100 .
b101100 9
1$
#26510
0$
#26515
b101101 9
b111011101 .
1$
#26520
0$
#26525
b111011110 .
b101110 9
1$
#26530
0$
#26535
b101111 9
b111011111 .
1$
#26540
0$
#26545
b111100000 .
b110000 9
1$
#26550
0$
#26555
b110001 9
b111100001 .
1$
#26560
0$
#26565
b111100010 .
b110010 9
1$
#26570
0$
#26575
b110011 9
b111100011 .
1$
#26580
0$
#26585
b111100100 .
b110100 9
1$
#26590
0$
#26595
b110101 9
b111100101 .
1$
#26600
0$
#26605
b111100110 .
b110110 9
1$
#26610
0$
#26615
b110111 9
b111100111 .
1$
#26620
0$
#26625
b111101000 .
b111000 9
1$
#26630
0$
#26635
b111001 9
b111101001 .
1$
#26640
0$
#26645
b111101010 .
b111010 9
1$
#26650
0$
#26655
b111011 9
b111101011 .
1$
#26660
0$
#26665
b111101100 .
b111100 9
1$
#26670
0$
#26675
b111101 9
b111101101 .
1$
#26680
0$
#26685
b111101110 .
b111110 9
1$
#26690
0$
#26695
b111111 9
b111101111 .
1$
#26700
0$
#26705
b111110000 .
b1000000 9
1$
#26710
0$
#26715
b1000001 9
b111110001 .
1$
#26720
0$
#26725
b111110010 .
b1000010 9
1$
#26730
0$
#26735
b1000011 9
b111110011 .
1$
#26740
0$
#26745
b111110100 .
b1000100 9
1$
#26750
0$
#26755
b1000101 9
b111110101 .
1$
#26760
0$
#26765
b111110110 .
b1000110 9
1$
#26770
0$
#26775
b1000111 9
b111110111 .
1$
#26780
0$
#26785
b111111000 .
b1001000 9
1$
#26790
0$
#26795
b1001001 9
b111111001 .
1$
#26800
0$
#26805
b111111010 .
b1001010 9
1$
#26810
0$
#26815
b1001011 9
b111111011 .
1$
#26820
0$
#26825
b111111100 .
b1001100 9
1$
#26830
0$
#26835
b1001101 9
b111111101 .
1$
#26840
0$
#26845
b111111110 .
b1001110 9
1$
#26850
0$
#26855
b1001111 9
b111111111 .
1$
#26860
0$
#26865
b1000000000 .
b1010000 9
1$
#26870
0$
#26875
b1010001 9
b1000000001 .
1$
#26880
0$
#26885
b1000000010 .
b1010010 9
1$
#26890
0$
#26895
b1010011 9
b1000000011 .
1$
#26900
0$
#26905
b1000000100 .
b1010100 9
1$
#26910
0$
#26915
b1010101 9
b1000000101 .
1$
#26920
0$
#26925
b1000000110 .
b1010110 9
1$
#26930
0$
#26935
b1010111 9
b1000000111 .
1$
#26940
0$
#26945
b1000001000 .
b1011000 9
1$
#26950
0$
#26955
b1011001 9
b1000001001 .
1$
#26960
0$
#26965
b1000001010 .
b1011010 9
1$
#26970
0$
#26975
b1011011 9
b1000001011 .
1$
#26980
0$
#26985
b1000001100 .
b1011100 9
1$
#26990
0$
#26995
b1011101 9
b1000001101 .
1$
#27000
0$
#27005
b1000001110 .
b1011110 9
1$
#27010
0$
#27015
b1011111 9
b1000001111 .
1$
#27020
0$
#27025
b1000010000 .
b1100000 9
1$
#27030
0$
#27035
b1100001 9
b1000010001 .
1$
#27040
0$
#27045
b1000010010 .
b1100010 9
1$
#27050
0$
#27055
b1100011 9
b1000010011 .
1$
#27060
0$
#27065
b1000010100 .
b1100100 9
1$
#27070
0$
#27075
b1100101 9
b1000010101 .
1$
#27080
0$
#27085
b1000010110 .
b1100110 9
1$
#27090
0$
#27095
b1100111 9
b1000010111 .
1$
#27100
0$
#27105
b1000011000 .
b1101000 9
1$
#27110
0$
#27115
b1101001 9
b1000011001 .
1$
#27120
0$
#27125
b1000011010 .
b1101010 9
1$
#27130
0$
#27135
b1101011 9
b1000011011 .
1$
#27140
0$
#27145
b1000011100 .
b1101100 9
1$
#27150
0$
#27155
b1101101 9
b1000011101 .
1$
#27160
0$
#27165
b1000011110 .
b1101110 9
1$
#27170
0$
#27175
b1101111 9
b1000011111 .
1$
#27180
0$
#27185
b1000100000 .
b1110000 9
1$
#27190
0$
#27195
b1110001 9
b1000100001 .
1$
#27200
0$
#27205
b1000100010 .
b1110010 9
1$
#27210
0$
#27215
b1110011 9
b1000100011 .
1$
#27220
0$
#27225
b1000100100 .
b1110100 9
1$
#27230
0$
#27235
b1110101 9
b1000100101 .
1$
#27240
0$
#27245
b1000100110 .
b1110110 9
1$
#27250
0$
#27255
b1110111 9
b1000100111 .
1$
#27260
0$
#27265
b1000101000 .
b1111000 9
1$
#27270
0$
#27275
b1111001 9
b1000101001 .
1$
#27280
0$
#27285
b1000101010 .
b1111010 9
1$
#27290
0$
#27295
b1111011 9
b1000101011 .
1$
#27300
0$
#27305
b1000101100 .
b1111100 9
1$
#27310
0$
#27315
b1111101 9
b1000101101 .
1$
#27320
0$
#27325
b1000101110 .
b1111110 9
1$
#27330
0$
#27335
b1111111 9
b1000101111 .
1$
#27340
0$
#27345
b1000110000 .
b10000000 9
1$
#27350
0$
#27355
b10000001 9
b1000110001 .
1$
#27360
0$
#27365
b1000110010 .
b10000010 9
1$
#27370
0$
#27375
b10000011 9
b1000110011 .
1$
#27380
0$
#27385
b1000110100 .
b10000100 9
1$
#27390
0$
#27395
b10000101 9
b1000110101 .
1$
#27400
0$
#27405
b1000110110 .
b10000110 9
1$
#27410
0$
#27415
b10000111 9
b1000110111 .
1$
#27420
0$
#27425
b1000111000 .
b10001000 9
1$
#27430
0$
#27435
b10001001 9
b1000111001 .
1$
#27440
0$
#27445
b1000111010 .
b10001010 9
1$
#27450
0$
#27455
b10001011 9
b1000111011 .
1$
#27460
0$
#27465
b1000111100 .
b10001100 9
1$
#27470
0$
#27475
b10001101 9
b1000111101 .
1$
#27480
0$
#27485
b1000111110 .
b10001110 9
1$
#27490
0$
#27495
b10001111 9
b1000111111 .
1$
#27500
0$
#27505
b1001000000 .
b10010000 9
1$
#27510
0$
#27515
b10010001 9
b1001000001 .
1$
#27520
0$
#27525
b1001000010 .
b10010010 9
1$
#27530
0$
#27535
b10010011 9
b1001000011 .
1$
#27540
0$
#27545
b1001000100 .
b10010100 9
1$
#27550
0$
#27555
b10010101 9
b1001000101 .
1$
#27560
0$
#27565
b1001000110 .
b10010110 9
1$
#27570
0$
#27575
b10010111 9
b1001000111 .
1$
#27580
0$
#27585
b1001001000 .
b10011000 9
1$
#27590
0$
#27595
b10011001 9
b1001001001 .
1$
#27600
0$
#27605
b1001001010 .
b10011010 9
1$
#27610
0$
#27615
b10011011 9
b1001001011 .
1$
#27620
0$
#27625
b1001001100 .
b10011100 9
1$
#27630
0$
#27635
b10011101 9
b1001001101 .
1$
#27640
0$
#27645
b1001001110 .
b10011110 9
1$
#27650
0$
#27655
b10011111 9
b1001001111 .
1$
#27660
0$
#27665
b1001010000 .
b10100000 9
1$
#27670
0$
#27675
b10100001 9
b1001010001 .
1$
#27680
0$
#27685
b1001010010 .
b10100010 9
1$
#27690
0$
#27695
b10100011 9
b1001010011 .
1$
#27700
0$
#27705
b1001010100 .
b10100100 9
1$
#27710
0$
#27715
b10100101 9
b1001010101 .
1$
#27720
0$
#27725
b1001010110 .
b10100110 9
1$
#27730
0$
#27735
b10100111 9
b1001010111 .
1$
#27740
0$
#27745
b1001011000 .
b10101000 9
1$
#27750
0$
#27755
b10101001 9
b1001011001 .
1$
#27760
0$
#27765
b1001011010 .
b10101010 9
1$
#27770
0$
#27775
b10101011 9
b1001011011 .
1$
#27780
0$
#27785
b1001011100 .
b10101100 9
1$
#27790
0$
#27795
b10101101 9
b1001011101 .
1$
#27800
0$
#27805
b1001011110 .
b10101110 9
1$
#27810
0$
#27815
b10101111 9
b1001011111 .
1$
#27820
0$
#27825
b1001100000 .
b10110000 9
1$
#27830
0$
#27835
b10110001 9
b1001100001 .
1$
#27840
0$
#27845
b1001100010 .
b10110010 9
1$
#27850
0$
#27855
b10110011 9
b1001100011 .
1$
#27860
0$
#27865
b1001100100 .
b10110100 9
1$
#27870
0$
#27875
b10110101 9
b1001100101 .
1$
#27880
0$
#27885
b1001100110 .
b10110110 9
1$
#27890
0$
#27895
b10110111 9
b1001100111 .
1$
#27900
0$
#27905
b1001101000 .
b10111000 9
1$
#27910
0$
#27915
b10111001 9
b1001101001 .
1$
#27920
0$
#27925
b1001101010 .
b10111010 9
1$
#27930
0$
#27935
b10111011 9
b1001101011 .
1$
#27940
0$
#27945
b1001101100 .
b10111100 9
1$
#27950
0$
#27955
b10111101 9
b1001101101 .
1$
#27960
0$
#27965
b1001101110 .
b10111110 9
1$
#27970
0$
#27975
b10111111 9
b1001101111 .
1$
#27980
0$
#27985
b1001110000 .
b11000000 9
1$
#27990
0$
#27995
b11000001 9
b1001110001 .
1$
#28000
0$
#28005
b1001110010 .
b11000010 9
1$
#28010
0$
#28015
b11000011 9
b1001110011 .
1$
#28020
0$
#28025
b1001110100 .
b11000100 9
1$
#28030
0$
#28035
b11000101 9
b1001110101 .
1$
#28040
0$
#28045
b1001110110 .
b11000110 9
1$
#28050
0$
#28055
b11000111 9
b1001110111 .
1$
#28060
0$
#28065
b1001111000 .
b11001000 9
1$
#28070
0$
#28075
b11001001 9
b1001111001 .
1$
#28080
0$
#28085
b1001111010 .
b11001010 9
1$
#28090
0$
#28095
b11001011 9
b1001111011 .
1$
#28100
0$
#28105
b1001111100 .
b11001100 9
1$
#28110
0$
#28115
b11001101 9
b1001111101 .
1$
#28120
0$
#28125
b1001111110 .
b11001110 9
1$
#28130
0$
#28135
b11001111 9
b1001111111 .
1$
#28140
0$
#28145
b1010000000 .
b11010000 9
1$
#28150
0$
#28155
b11010001 9
b1010000001 .
1$
#28160
0$
#28165
b1010000010 .
b11010010 9
1$
#28170
0$
#28175
b11010011 9
b1010000011 .
1$
#28180
0$
#28185
b1010000100 .
b11010100 9
1$
#28190
0$
#28195
b11010101 9
b1010000101 .
1$
#28200
0$
#28205
b1010000110 .
b11010110 9
1$
#28210
0$
#28215
b11010111 9
b1010000111 .
1$
#28220
0$
#28225
b1010001000 .
b11011000 9
1$
#28230
0$
#28235
b11011001 9
b1010001001 .
1$
#28240
0$
#28245
b1010001010 .
b11011010 9
1$
#28250
0$
#28255
b11011011 9
b1010001011 .
1$
#28260
0$
#28265
b1010001100 .
b11011100 9
1$
#28270
0$
#28275
b11011101 9
b1010001101 .
1$
#28280
0$
#28285
b1010001110 .
b11011110 9
1$
#28290
0$
#28295
b11011111 9
b1010001111 .
1$
#28300
0$
#28305
b1010010000 .
b11100000 9
1$
#28310
0$
#28315
b11100001 9
b1010010001 .
1$
#28320
0$
#28325
b1010010010 .
b11100010 9
1$
#28330
0$
#28335
b11100011 9
b1010010011 .
1$
#28340
0$
#28345
b1010010100 .
b11100100 9
1$
#28350
0$
#28355
b11100101 9
b1010010101 .
1$
#28360
0$
#28365
b1010010110 .
b11100110 9
1$
#28370
0$
#28375
b11100111 9
b1010010111 .
1$
#28380
0$
#28385
b1010011000 .
b11101000 9
1$
#28390
0$
#28395
b11101001 9
b1010011001 .
1$
#28400
0$
#28405
b1010011010 .
b11101010 9
1$
#28410
0$
#28415
b11101011 9
b1010011011 .
1$
#28420
0$
#28425
b1010011100 .
b11101100 9
1$
#28430
0$
#28435
b11101101 9
b1010011101 .
1$
#28440
0$
#28445
b1010011110 .
b11101110 9
1$
#28450
0$
#28455
b11101111 9
b1010011111 .
1$
#28460
0$
#28465
b1010100000 .
b11110000 9
1$
#28470
0$
#28475
b11110001 9
b1010100001 .
1$
#28480
0$
#28485
b1010100010 .
b11110010 9
1$
#28490
0$
#28495
b11110011 9
b1010100011 .
1$
#28500
0$
#28505
b1010100100 .
b11110100 9
1$
#28510
0$
#28515
b11110101 9
b1010100101 .
1$
#28520
0$
#28525
b1010100110 .
b11110110 9
1$
#28530
0$
#28535
b11110111 9
b1010100111 .
1$
#28540
0$
#28545
b1010101000 .
b11111000 9
1$
#28550
0$
#28555
b11111001 9
b1010101001 .
1$
#28560
0$
#28565
b1010101010 .
b11111010 9
1$
#28570
0$
#28575
b11111011 9
b1010101011 .
1$
#28580
0$
#28585
b1010101100 .
b11111100 9
1$
#28590
0$
#28595
b11111101 9
b1010101101 .
1$
#28600
0$
#28605
b1010101110 .
b11111110 9
1$
#28610
0$
#28615
b11111111 9
b1010101111 .
1$
#28620
0$
#28625
b1010110000 .
b100000000 9
1$
#28630
0$
#28635
b100000001 9
b1010110001 .
1$
#28640
0$
#28645
b1010110010 .
b100000010 9
1$
#28650
0$
#28655
b100000011 9
b1010110011 .
1$
#28660
0$
#28665
b1010110100 .
b100000100 9
1$
#28670
0$
#28675
b100000101 9
b1010110101 .
1$
#28680
0$
#28685
b1010110110 .
b100000110 9
1$
#28690
0$
#28695
b100000111 9
b1010110111 .
1$
#28700
0$
#28705
b1010111000 .
b100001000 9
1$
#28710
0$
#28715
b100001001 9
b1010111001 .
1$
#28720
0$
#28725
b1010111010 .
b100001010 9
1$
#28730
0$
#28735
b100001011 9
b1010111011 .
1$
#28740
0$
#28745
b1010111100 .
b100001100 9
1$
#28750
0$
#28755
b100001101 9
b1010111101 .
1$
#28760
0$
#28765
b1010111110 .
b100001110 9
1$
#28770
0$
#28775
b100001111 9
b1010111111 .
1$
#28780
0$
#28785
b1011000000 .
b100010000 9
1$
#28790
0$
#28795
b100010001 9
b1011000001 .
1$
#28800
0$
#28805
b1011000010 .
b100010010 9
1$
#28810
0$
#28815
b100010011 9
b1011000011 .
1$
#28820
0$
#28825
b1011000100 .
b100010100 9
1$
#28830
0$
#28835
b100010101 9
b1011000101 .
1$
#28840
0$
#28845
b1011000110 .
b100010110 9
1$
#28850
0$
#28855
b100010111 9
b1011000111 .
1$
#28860
0$
#28865
b1011001000 .
b100011000 9
1$
#28870
0$
#28875
b100011001 9
b1011001001 .
1$
#28880
0$
#28885
b1011001010 .
b100011010 9
1$
#28890
0$
#28895
b100011011 9
b1011001011 .
1$
#28900
0$
#28905
b1011001100 .
b100011100 9
1$
#28910
0$
#28915
b100011101 9
b1011001101 .
1$
#28920
0$
#28925
b1011001110 .
b100011110 9
1$
#28930
0$
#28935
b100011111 9
b1011001111 .
1$
#28940
0$
#28945
b1011010000 .
b100100000 9
1$
#28950
0$
#28955
b100100001 9
b1011010001 .
1$
#28960
0$
#28965
b1011010010 .
b100100010 9
1$
#28970
0$
#28975
b100100011 9
b1011010011 .
1$
#28980
0$
#28985
b1011010100 .
b100100100 9
1$
#28990
0$
#28995
b100100101 9
b1011010101 .
1$
#29000
0$
#29005
b1011010110 .
b100100110 9
1$
#29010
0$
#29015
b100100111 9
b1011010111 .
1$
#29020
0$
#29025
b1011011000 .
b100101000 9
1$
#29030
0$
#29035
b100101001 9
b1011011001 .
1$
#29040
0$
#29045
b1011011010 .
b100101010 9
1$
#29050
0$
#29055
b100101011 9
b1011011011 .
1$
#29060
0$
#29065
b1011011100 .
b100101100 9
1$
#29070
0$
#29075
b100101101 9
b1011011101 .
1$
#29080
0$
#29085
b1011011110 .
b100101110 9
1$
#29090
0$
#29095
b100101111 9
b1011011111 .
1$
#29100
0$
#29105
b1011100000 .
b100110000 9
1$
#29110
0$
#29115
b100110001 9
b1011100001 .
1$
#29120
0$
#29125
b1011100010 .
b100110010 9
1$
#29130
0$
#29135
b100110011 9
b1011100011 .
1$
#29140
0$
#29145
b1011100100 .
b100110100 9
1$
#29150
0$
#29155
b100110101 9
b1011100101 .
1$
#29160
0$
#29165
b1011100110 .
b100110110 9
1$
#29170
0$
#29175
b100110111 9
b1011100111 .
1$
#29180
0$
#29185
b1011101000 .
b100111000 9
1$
#29190
0$
#29195
b100111001 9
b1011101001 .
1$
#29200
0$
#29205
b1011101010 .
b100111010 9
1$
#29210
0$
#29215
b100111011 9
b1011101011 .
1$
#29220
0$
#29225
b1011101100 .
b100111100 9
1$
#29230
0$
#29235
b100111101 9
b1011101101 .
1$
#29240
0$
#29245
b1011101110 .
b100111110 9
1$
#29250
0$
#29255
b100111111 9
b1011101111 .
1$
#29260
0$
#29265
b1011110000 .
b101000000 9
1$
#29270
0$
#29275
b101000001 9
b1011110001 .
1$
#29280
0$
#29285
b1011110010 .
b101000010 9
1$
#29290
0$
#29295
b101000011 9
b1011110011 .
1$
#29300
0$
#29305
b1011110100 .
b101000100 9
1$
#29310
0$
#29315
b101000101 9
b1011110101 .
1$
#29320
0$
#29325
b1011110110 .
b101000110 9
1$
#29330
0$
#29335
b101000111 9
b1011110111 .
1$
#29340
0$
#29345
b1011111000 .
b101001000 9
1$
#29350
0$
#29355
b101001001 9
b1011111001 .
1$
#29360
0$
#29365
b1011111010 .
b101001010 9
1$
#29370
0$
#29375
b101001011 9
b1011111011 .
1$
#29380
0$
#29385
b1011111100 .
b101001100 9
1$
#29390
0$
#29395
b101001101 9
b1011111101 .
1$
#29400
0$
#29405
b1011111110 .
b101001110 9
1$
#29410
0$
#29415
b101001111 9
b1011111111 .
1$
#29420
0$
#29425
b1100000000 .
b101010000 9
1$
#29430
0$
#29435
b101010001 9
b1100000001 .
1$
#29440
0$
#29445
b1100000010 .
b101010010 9
1$
#29450
0$
#29455
b101010011 9
b1100000011 .
1$
#29460
0$
#29465
b1100000100 .
b101010100 9
1$
#29470
0$
#29475
b101010101 9
b1100000101 .
1$
#29480
0$
#29485
b1100000110 .
b101010110 9
1$
#29490
0$
#29495
b101010111 9
b1100000111 .
1$
#29500
0$
#29505
b1100001000 .
b101011000 9
1$
#29510
0$
#29515
b101011001 9
b1100001001 .
1$
#29520
0$
#29525
b1100001010 .
b101011010 9
1$
#29530
0$
#29535
b101011011 9
b1100001011 .
1$
#29540
0$
#29545
b1100001100 .
b101011100 9
1$
#29550
0$
#29555
b101011101 9
b1100001101 .
1$
#29560
0$
#29565
b1100001110 .
b101011110 9
1$
#29570
0$
#29575
b101011111 9
b1100001111 .
1$
#29580
0$
#29585
b1100010000 .
b101100000 9
1$
#29590
0$
#29595
b101100001 9
b1100010001 .
1$
#29600
0$
#29605
b1100010010 .
b101100010 9
1$
#29610
0$
#29615
b101100011 9
b1100010011 .
1$
#29620
0$
#29625
b1100010100 .
b101100100 9
1$
#29630
0$
#29635
b101100101 9
b1100010101 .
1$
#29640
0$
#29645
b1100010110 .
b101100110 9
1$
#29650
0$
#29655
b101100111 9
b1100010111 .
1$
#29660
0$
#29665
b1100011000 .
b101101000 9
1$
#29670
0$
#29675
b101101001 9
b1100011001 .
1$
#29680
0$
#29685
b1100011010 .
b101101010 9
1$
#29690
0$
#29695
b101101011 9
b1100011011 .
1$
#29700
0$
#29705
b1100011100 .
b101101100 9
1$
#29710
0$
#29715
b101101101 9
b1100011101 .
1$
#29720
0$
#29725
b1100011110 .
b101101110 9
1$
#29730
0$
#29735
b101101111 9
b1100011111 .
1$
#29740
0$
#29745
b1100100000 .
b101110000 9
1$
#29750
0$
#29755
b101110001 9
b1100100001 .
1$
#29760
0$
#29765
b1100100010 .
b101110010 9
1$
#29770
0$
#29775
b101110011 9
b1100100011 .
1$
#29780
0$
#29785
b1100100100 .
b101110100 9
1$
#29790
0$
#29795
b101110101 9
b1100100101 .
1$
#29800
0$
#29805
b1100100110 .
b101110110 9
1$
#29810
0$
#29815
b101110111 9
b1100100111 .
1$
#29820
0$
#29825
b1100101000 .
b101111000 9
1$
#29830
0$
#29835
b101111001 9
b1100101001 .
1$
#29840
0$
#29845
b1100101010 .
b101111010 9
1$
#29850
0$
#29855
b101111011 9
b1100101011 .
1$
#29860
0$
#29865
b1100101100 .
b101111100 9
1$
#29870
0$
#29875
b101111101 9
b1100101101 .
1$
#29880
0$
#29885
b1100101110 .
b101111110 9
1$
#29890
0$
#29895
b101111111 9
b1100101111 .
1$
#29900
0$
#29905
b1100110000 .
b110000000 9
1$
#29910
0$
#29915
b110000001 9
b1100110001 .
1$
#29920
0$
#29925
b1100110010 .
b110000010 9
1$
#29930
0$
#29935
b110000011 9
b1100110011 .
1$
#29940
0$
#29945
b1100110100 .
b110000100 9
1$
#29950
0$
#29955
b110000101 9
b1100110101 .
1$
#29960
0$
#29965
b1100110110 .
b110000110 9
1$
#29970
0$
#29975
b110000111 9
b1100110111 .
1$
#29980
0$
#29985
b1100111000 .
b110001000 9
1$
#29990
0$
#29995
b110001001 9
b1100111001 .
1$
#30000
0$
#30005
b1100111010 .
b110001010 9
1$
#30010
0$
#30015
b110001011 9
b1100111011 .
1$
#30020
0$
#30025
b1100111100 .
b110001100 9
1$
#30030
0$
#30035
b110001101 9
b1100111101 .
1$
#30040
0$
#30045
b1100111110 .
b110001110 9
1$
#30050
0$
#30055
b110001111 9
b1100111111 .
1$
#30060
0$
#30065
b1101000000 .
b110010000 9
1$
#30070
0$
#30075
b110010001 9
b1101000001 .
1$
#30080
0$
#30085
b1101000010 .
b110010010 9
1$
#30090
0$
#30095
b110010011 9
b1101000011 .
1$
#30100
0$
#30105
b1101000100 .
b110010100 9
1$
#30110
0$
#30115
b110010101 9
b1101000101 .
1$
#30120
0$
#30125
b1101000110 .
b110010110 9
1$
#30130
0$
#30135
b110010111 9
b1101000111 .
1$
#30140
0$
#30145
b1101001000 .
b110011000 9
1$
#30150
0$
#30155
b110011001 9
b1101001001 .
1$
#30160
0$
#30165
b1101001010 .
b110011010 9
1$
#30170
0$
#30175
b110011011 9
b1101001011 .
1$
#30180
0$
#30185
b1101001100 .
b110011100 9
1$
#30190
0$
#30195
b110011101 9
b1101001101 .
1$
#30200
0$
#30205
b1101001110 .
b110011110 9
1$
#30210
0$
#30215
b110011111 9
b1101001111 .
1$
#30220
0$
#30225
b1101010000 .
b110100000 9
1$
#30230
0$
#30235
b110100001 9
b1101010001 .
1$
#30240
0$
#30245
b1101010010 .
b110100010 9
1$
#30250
0$
#30255
b110100011 9
b1101010011 .
1$
#30260
0$
#30265
b1101010100 .
b110100100 9
1$
#30270
0$
#30275
b110100101 9
b1101010101 .
1$
#30280
0$
#30285
b1101010110 .
b110100110 9
1$
#30290
0$
#30295
b110100111 9
b1101010111 .
1$
#30300
0$
#30305
b1101011000 .
b110101000 9
1$
#30310
0$
#30315
b110101001 9
b1101011001 .
1$
#30320
0$
#30325
b1101011010 .
b110101010 9
1$
#30330
0$
#30335
b110101011 9
b1101011011 .
1$
#30340
0$
#30345
b1101011100 .
b110101100 9
1$
#30350
0$
#30355
b110101101 9
b1101011101 .
1$
#30360
0$
#30365
b1101011110 .
b110101110 9
1$
#30370
0$
#30375
b110101111 9
b1101011111 .
1$
#30380
0$
#30385
b1101100000 .
b110110000 9
1$
#30390
0$
#30395
b110110001 9
b1101100001 .
1$
#30400
0$
#30405
b1101100010 .
b110110010 9
1$
#30410
0$
#30415
b110110011 9
b1101100011 .
1$
#30420
0$
#30425
b11 -
b0 .
b110110100 9
1$
#30430
0$
#30435
b110110101 9
b1 .
1$
#30440
0$
#30445
b10 .
b110110110 9
1$
#30450
0$
#30455
b110110111 9
b11 .
1$
#30460
0$
#30465
b100 .
b110111000 9
1$
#30470
0$
#30475
b110111001 9
b101 .
1$
#30480
0$
#30485
b110 .
b110111010 9
1$
#30490
0$
#30495
b110111011 9
b111 .
1$
#30500
0$
#30505
b1000 .
b110111100 9
1$
#30510
0$
#30515
b110111101 9
b1001 .
1$
#30520
0$
#30525
b1010 .
b110111110 9
1$
#30530
0$
#30535
b110111111 9
b1011 .
1$
#30540
0$
#30545
b1100 .
b111000000 9
1$
#30550
0$
#30555
b111000001 9
b1101 .
1$
#30560
0$
#30565
b1110 .
b111000010 9
1$
#30570
0$
#30575
b111000011 9
b1111 .
1$
#30580
0$
#30585
b10000 .
b111000100 9
1$
#30590
0$
#30595
b111000101 9
b10001 .
1$
#30600
0$
#30605
b10010 .
b111000110 9
1$
#30610
0$
#30615
b111000111 9
b10011 .
1$
#30620
0$
#30625
b10100 .
b111001000 9
1$
#30630
0$
#30635
b111001001 9
b10101 .
1$
#30640
0$
#30645
b10110 .
b111001010 9
1$
#30650
0$
#30655
b111001011 9
b10111 .
1$
#30660
0$
#30665
b11000 .
b111001100 9
1$
#30670
0$
#30675
b111001101 9
b11001 .
1$
#30680
0$
#30685
b11010 .
b111001110 9
1$
#30690
0$
#30695
b111001111 9
b11011 .
1$
#30700
0$
#30705
b11100 .
b111010000 9
1$
#30710
0$
#30715
b111010001 9
b11101 .
1$
#30720
0$
#30725
b11110 .
b111010010 9
1$
#30730
0$
#30735
b111010011 9
b11111 .
1$
#30740
0$
#30745
b100000 .
b111010100 9
1$
#30750
0$
#30755
b111010101 9
b100001 .
1$
#30760
0$
#30765
b100010 .
b111010110 9
1$
#30770
0$
#30775
b111010111 9
b100011 .
1$
#30780
0$
#30785
b100100 .
b111011000 9
1$
#30790
0$
#30795
b111011001 9
b100101 .
1$
#30800
0$
#30805
b100110 .
b111011010 9
1$
#30810
0$
#30815
b111011011 9
b100111 .
1$
#30820
0$
#30825
b101000 .
b111011100 9
1$
#30830
0$
#30835
b111011101 9
b101001 .
1$
#30840
0$
#30845
b101010 .
b111011110 9
1$
#30850
0$
#30855
b111011111 9
b101011 .
1$
#30860
0$
#30865
b101100 .
b111100000 9
1$
#30870
0$
#30875
b111100001 9
b101101 .
1$
#30880
0$
#30885
b101110 .
b111100010 9
1$
#30890
0$
#30895
b111100011 9
b101111 .
1$
#30900
0$
#30905
b110000 .
b111100100 9
1$
#30910
0$
#30915
b111100101 9
b110001 .
1$
#30920
0$
#30925
b110010 .
b111100110 9
1$
#30930
0$
#30935
b111100111 9
b110011 .
1$
#30940
0$
#30945
b110100 .
b111101000 9
1$
#30950
0$
#30955
b111101001 9
b110101 .
1$
#30960
0$
#30965
b110110 .
b111101010 9
1$
#30970
0$
#30975
b111101011 9
b110111 .
1$
#30980
0$
#30985
b111000 .
b111101100 9
1$
#30990
0$
#30995
b111101101 9
b111001 .
1$
#31000
0$
#31005
b111010 .
b111101110 9
1$
#31010
0$
#31015
b111101111 9
b111011 .
1$
#31020
0$
#31025
b111100 .
b111110000 9
1$
#31030
0$
#31035
b111110001 9
b111101 .
1$
#31040
0$
#31045
b111110 .
b111110010 9
1$
#31050
0$
#31055
b111110011 9
b111111 .
1$
#31060
0$
#31065
b1000000 .
b111110100 9
1$
#31070
0$
#31075
b111110101 9
b1000001 .
1$
#31080
0$
#31085
b1000010 .
b111110110 9
1$
#31090
0$
#31095
b111110111 9
b1000011 .
1$
#31100
0$
#31105
b1000100 .
b111111000 9
1$
#31110
0$
#31115
b111111001 9
b1000101 .
1$
#31120
0$
#31125
b1000110 .
b111111010 9
1$
#31130
0$
#31135
b111111011 9
b1000111 .
1$
#31140
0$
#31145
b1001000 .
b111111100 9
1$
#31150
0$
#31155
b111111101 9
b1001001 .
1$
#31160
0$
#31165
b1001010 .
b111111110 9
1$
#31170
0$
#31175
b111111111 9
b1001011 .
1$
#31180
0$
#31185
b1001100 .
b1000000000 9
1$
#31190
0$
#31195
b1000000001 9
b1001101 .
1$
#31200
0$
#31205
b1001110 .
b1000000010 9
1$
#31210
0$
#31215
b1000000011 9
b1001111 .
1$
#31220
0$
#31225
b1010000 .
b1000000100 9
1$
#31230
0$
#31235
b1000000101 9
b1010001 .
1$
#31240
0$
#31245
b1010010 .
b1000000110 9
1$
#31250
0$
#31255
b1000000111 9
b1010011 .
1$
#31260
0$
#31265
b1010100 .
b1000001000 9
1$
#31270
0$
#31275
b1000001001 9
b1010101 .
1$
#31280
0$
#31285
b1010110 .
b1000001010 9
1$
#31290
0$
#31295
b1000001011 9
b1010111 .
1$
#31300
0$
#31305
b1011000 .
b1000001100 9
1$
#31310
0$
#31315
b1000001101 9
b1011001 .
1$
#31320
0$
#31325
b1011010 .
b1000001110 9
1$
#31330
0$
#31335
b1000001111 9
b1011011 .
1$
#31340
0$
#31345
b1011100 .
b1000010000 9
1$
#31350
0$
#31355
b1000010001 9
b1011101 .
1$
#31360
0$
#31365
b1011110 .
b1000010010 9
1$
#31370
0$
#31375
b1000010011 9
b1011111 .
1$
#31380
0$
#31385
b1100000 .
b1000010100 9
1$
#31390
0$
#31395
b1000010101 9
b1100001 .
1$
#31400
0$
#31405
b1100010 .
b1000010110 9
1$
#31410
0$
#31415
b1000010111 9
b1100011 .
1$
#31420
0$
#31425
b1100100 .
b1000011000 9
1$
#31430
0$
#31435
b1000011001 9
b1100101 .
1$
#31440
0$
#31445
b1100110 .
b1000011010 9
1$
#31450
0$
#31455
b1000011011 9
b1100111 .
1$
#31460
0$
#31465
b1101000 .
b1000011100 9
1$
#31470
0$
#31475
b1000011101 9
b1101001 .
1$
#31480
0$
#31485
b1101010 .
b1000011110 9
1$
#31490
0$
#31495
b1000011111 9
b1101011 .
1$
#31500
0$
#31505
b1101100 .
b1000100000 9
1$
#31510
0$
#31515
b1000100001 9
b1101101 .
1$
#31520
0$
#31525
b1101110 .
b1000100010 9
1$
#31530
0$
#31535
b1000100011 9
b1101111 .
1$
#31540
0$
#31545
b1110000 .
b1000100100 9
1$
#31550
0$
#31555
b1000100101 9
b1110001 .
1$
#31560
0$
#31565
b1110010 .
b1000100110 9
1$
#31570
0$
#31575
b1000100111 9
b1110011 .
1$
#31580
0$
#31585
b1110100 .
b1000101000 9
1$
#31590
0$
#31595
b1000101001 9
b1110101 .
1$
#31600
0$
#31605
b1110110 .
b1000101010 9
1$
#31610
0$
#31615
b1000101011 9
b1110111 .
1$
#31620
0$
#31625
b1111000 .
b1000101100 9
1$
#31630
0$
#31635
b1000101101 9
b1111001 .
1$
#31640
0$
#31645
b1111010 .
b1000101110 9
1$
#31650
0$
#31655
b1000101111 9
b1111011 .
1$
#31660
0$
#31665
b1111100 .
b1000110000 9
1$
#31670
0$
#31675
b1000110001 9
b1111101 .
1$
#31680
0$
#31685
b1111110 .
b1000110010 9
1$
#31690
0$
#31695
b1000110011 9
b1111111 .
1$
#31700
0$
#31705
b10000000 .
b1000110100 9
1$
#31710
0$
#31715
b1000110101 9
b10000001 .
1$
#31720
0$
#31725
b10000010 .
b1000110110 9
1$
#31730
0$
#31735
b1000110111 9
b10000011 .
1$
#31740
0$
#31745
b10000100 .
b1000111000 9
1$
#31750
0$
#31755
b1000111001 9
b10000101 .
1$
#31760
0$
#31765
b10000110 .
b1000111010 9
1$
#31770
0$
#31775
b1000111011 9
b10000111 .
1$
#31780
0$
#31785
b10001000 .
b1000111100 9
1$
#31790
0$
#31795
b1000111101 9
b10001001 .
1$
#31800
0$
#31805
b10001010 .
b1000111110 9
1$
#31810
0$
#31815
b1000111111 9
b10001011 .
1$
#31820
0$
#31825
b10001100 .
b1001000000 9
1$
#31830
0$
#31835
b1001000001 9
b10001101 .
1$
#31840
0$
#31845
b10001110 .
b1001000010 9
1$
#31850
0$
#31855
b1001000011 9
b10001111 .
1$
#31860
0$
#31865
b10010000 .
b1001000100 9
1$
#31870
0$
#31875
b1001000101 9
b10010001 .
1$
#31880
0$
#31885
b10010010 .
b1001000110 9
1$
#31890
0$
#31895
b1001000111 9
b10010011 .
1$
#31900
0$
#31905
b10010100 .
b1001001000 9
1$
#31910
0$
#31915
b1001001001 9
b10010101 .
1$
#31920
0$
#31925
b10010110 .
b1001001010 9
1$
#31930
0$
#31935
b1001001011 9
b10010111 .
1$
#31940
0$
#31945
b10011000 .
b1001001100 9
1$
#31950
0$
#31955
b1001001101 9
b10011001 .
1$
#31960
0$
#31965
b10011010 .
b1001001110 9
1$
#31970
0$
#31975
b1001001111 9
b10011011 .
1$
#31980
0$
#31985
b10011100 .
b1001010000 9
1$
#31990
0$
#31995
b1001010001 9
b10011101 .
1$
#32000
0$
#32005
b10011110 .
b1001010010 9
1$
#32010
0$
#32015
b1001010011 9
b10011111 .
1$
#32020
0$
#32025
b10100000 .
b1001010100 9
1$
#32030
0$
#32035
b1001010101 9
b10100001 .
1$
#32040
0$
#32045
b10100010 .
b1001010110 9
1$
#32050
0$
#32055
b1001010111 9
b10100011 .
1$
#32060
0$
#32065
b10100100 .
b1001011000 9
1$
#32070
0$
#32075
b1001011001 9
b10100101 .
1$
#32080
0$
#32085
b10100110 .
b1001011010 9
1$
#32090
0$
#32095
b1001011011 9
b10100111 .
1$
#32100
0$
#32105
b10101000 .
b1001011100 9
1$
#32110
0$
#32115
b1001011101 9
b10101001 .
1$
#32120
0$
#32125
b10101010 .
b1001011110 9
1$
#32130
0$
#32135
b1001011111 9
b10101011 .
1$
#32140
0$
#32145
b10101100 .
b1001100000 9
1$
#32150
0$
#32155
b1001100001 9
b10101101 .
1$
#32160
0$
#32165
b10101110 .
b1001100010 9
1$
#32170
0$
#32175
b1001100011 9
b10101111 .
1$
#32180
0$
#32185
b10110000 .
b1001100100 9
1$
#32190
0$
#32195
b1001100101 9
b10110001 .
1$
#32200
0$
#32205
b10110010 .
b1001100110 9
1$
#32210
0$
#32215
b1001100111 9
b10110011 .
1$
#32220
0$
#32225
b10110100 .
b1001101000 9
1$
#32230
0$
#32235
b1001101001 9
b10110101 .
1$
#32240
0$
#32245
b10110110 .
b1001101010 9
1$
#32250
0$
#32255
b1001101011 9
b10110111 .
1$
#32260
0$
#32265
b10111000 .
b1001101100 9
1$
#32270
0$
#32275
b1001101101 9
b10111001 .
1$
#32280
0$
#32285
b10111010 .
b1001101110 9
1$
#32290
0$
#32295
b1001101111 9
b10111011 .
1$
#32300
0$
#32305
b10111100 .
b1001110000 9
1$
#32310
0$
#32315
b1001110001 9
b10111101 .
1$
#32320
0$
#32325
b10111110 .
b1001110010 9
1$
#32330
0$
#32335
b1001110011 9
b10111111 .
1$
#32340
0$
#32345
b11000000 .
b1001110100 9
1$
#32350
0$
#32355
b1001110101 9
b11000001 .
1$
#32360
0$
#32365
b11000010 .
b1001110110 9
1$
#32370
0$
#32375
b1001110111 9
b11000011 .
1$
#32380
0$
#32385
b11000100 .
b1001111000 9
1$
#32390
0$
#32395
b1001111001 9
b11000101 .
1$
#32400
0$
#32405
b11000110 .
b1001111010 9
1$
#32410
0$
#32415
b1001111011 9
b11000111 .
1$
#32420
0$
#32425
b11001000 .
b1001111100 9
1$
#32430
0$
#32435
b1001111101 9
b11001001 .
1$
#32440
0$
#32445
b11001010 .
b1001111110 9
1$
#32450
0$
#32455
b1001111111 9
b11001011 .
1$
#32460
0$
#32465
b11001100 .
b1010000000 9
1$
#32470
0$
#32475
b1010000001 9
b11001101 .
1$
#32480
0$
#32485
b11001110 .
b1010000010 9
1$
#32490
0$
#32495
b1010000011 9
b11001111 .
1$
#32500
0$
#32505
b11010000 .
b1010000100 9
1$
#32510
0$
#32515
b1010000101 9
b11010001 .
1$
#32520
0$
#32525
b11010010 .
b1010000110 9
1$
#32530
0$
#32535
b1010000111 9
b11010011 .
1$
#32540
0$
#32545
b11010100 .
b1010001000 9
1$
#32550
0$
#32555
b1010001001 9
b11010101 .
1$
#32560
0$
#32565
b11010110 .
b1010001010 9
1$
#32570
0$
#32575
b1010001011 9
b11010111 .
1$
#32580
0$
#32585
b11011000 .
b1010001100 9
1$
#32590
0$
#32595
b1010001101 9
b11011001 .
1$
#32600
0$
#32605
b11011010 .
b1010001110 9
1$
#32610
0$
#32615
b1010001111 9
b11011011 .
1$
#32620
0$
#32625
b11011100 .
b1010010000 9
1$
#32630
0$
#32635
b1010010001 9
b11011101 .
1$
#32640
0$
#32645
b11011110 .
b1010010010 9
1$
#32650
0$
#32655
b1010010011 9
b11011111 .
1$
#32660
0$
#32665
b11100000 .
b1010010100 9
1$
#32670
0$
#32675
b1010010101 9
b11100001 .
1$
#32680
0$
#32685
b11100010 .
b1010010110 9
1$
#32690
0$
#32695
b1010010111 9
b11100011 .
1$
#32700
0$
#32705
b11100100 .
b1010011000 9
1$
#32710
0$
#32715
b1010011001 9
b11100101 .
1$
#32720
0$
#32725
b11100110 .
b1010011010 9
1$
#32730
0$
#32735
b1010011011 9
b11100111 .
1$
#32740
0$
#32745
b11101000 .
b1010011100 9
1$
#32750
0$
#32755
b1010011101 9
b11101001 .
1$
#32760
0$
#32765
b11101010 .
b1010011110 9
1$
#32770
0$
#32775
b1010011111 9
b11101011 .
1$
#32780
0$
#32785
b11101100 .
b1010100000 9
1$
#32790
0$
#32795
b1010100001 9
b11101101 .
1$
#32800
0$
#32805
b11101110 .
b1010100010 9
1$
#32810
0$
#32815
b1010100011 9
b11101111 .
1$
#32820
0$
#32825
b11110000 .
b1010100100 9
1$
#32830
0$
#32835
b1010100101 9
b11110001 .
1$
#32840
0$
#32845
b11110010 .
b1010100110 9
1$
#32850
0$
#32855
b1010100111 9
b11110011 .
1$
#32860
0$
#32865
b11110100 .
b1010101000 9
1$
#32870
0$
#32875
b1010101001 9
b11110101 .
1$
#32880
0$
#32885
b11110110 .
b1010101010 9
1$
#32890
0$
#32895
b1010101011 9
b11110111 .
1$
#32900
0$
#32905
b11111000 .
b1010101100 9
1$
#32910
0$
#32915
b1010101101 9
b11111001 .
1$
#32920
0$
#32925
b11111010 .
b1010101110 9
1$
#32930
0$
#32935
b1010101111 9
b11111011 .
1$
#32940
0$
#32945
b11111100 .
b1010110000 9
1$
#32950
0$
#32955
b1010110001 9
b11111101 .
1$
#32960
0$
#32965
b11111110 .
b1010110010 9
1$
#32970
0$
#32975
b1010110011 9
b11111111 .
1$
#32980
0$
#32985
b100000000 .
b1010110100 9
1$
#32990
0$
#32995
b1010110101 9
b100000001 .
1$
#33000
0$
#33005
b100000010 .
b1010110110 9
1$
#33010
0$
#33015
b1010110111 9
b100000011 .
1$
#33020
0$
#33025
b100000100 .
b1010111000 9
1$
#33030
0$
#33035
b1010111001 9
b100000101 .
1$
#33040
0$
#33045
b100000110 .
b1010111010 9
1$
#33050
0$
#33055
b1010111011 9
b100000111 .
1$
#33060
0$
#33065
b100001000 .
b1010111100 9
1$
#33070
0$
#33075
b1010111101 9
b100001001 .
1$
#33080
0$
#33085
b100001010 .
b1010111110 9
1$
#33090
0$
#33095
b1010111111 9
b100001011 .
1$
#33100
0$
#33105
b100001100 .
b1011000000 9
1$
#33110
0$
#33115
b1011000001 9
b100001101 .
1$
#33120
0$
#33125
b100001110 .
b1011000010 9
1$
#33130
0$
#33135
b1011000011 9
b100001111 .
1$
#33140
0$
#33145
b100010000 .
b1011000100 9
1$
#33150
0$
#33155
b1011000101 9
b100010001 .
1$
#33160
0$
#33165
b100010010 .
b1011000110 9
1$
#33170
0$
#33175
b1011000111 9
b100010011 .
1$
#33180
0$
#33185
b100010100 .
b1011001000 9
1$
#33190
0$
#33195
b1011001001 9
b100010101 .
1$
#33200
0$
#33205
b100010110 .
b1011001010 9
1$
#33210
0$
#33215
b1011001011 9
b100010111 .
1$
#33220
0$
#33225
b100011000 .
b1011001100 9
1$
#33230
0$
#33235
b1011001101 9
b100011001 .
1$
#33240
0$
#33245
b100011010 .
b1011001110 9
1$
#33250
0$
#33255
b1011001111 9
b100011011 .
1$
#33260
0$
#33265
b100011100 .
b1011010000 9
1$
#33270
0$
#33275
b1011010001 9
b100011101 .
1$
#33280
0$
#33285
b100011110 .
b1011010010 9
1$
#33290
0$
#33295
b1011010011 9
b100011111 .
1$
#33300
0$
#33305
b100100000 .
b1011010100 9
1$
#33310
0$
#33315
b1011010101 9
b100100001 .
1$
#33320
0$
#33325
b100100010 .
b1011010110 9
1$
#33330
0$
#33335
b1011010111 9
b100100011 .
1$
#33340
0$
#33345
b100100100 .
b1011011000 9
1$
#33350
0$
#33355
b1011011001 9
b100100101 .
1$
#33360
0$
#33365
b100100110 .
b1011011010 9
1$
#33370
0$
#33375
b1011011011 9
b100100111 .
1$
#33380
0$
#33385
b100101000 .
b1011011100 9
1$
#33390
0$
#33395
b1011011101 9
b100101001 .
1$
#33400
0$
#33405
b100101010 .
b1011011110 9
1$
#33410
0$
#33415
b1011011111 9
b100101011 .
1$
#33420
0$
#33425
b100101100 .
b1011100000 9
1$
#33430
0$
#33435
b1011100001 9
b100101101 .
1$
#33440
0$
#33445
b100101110 .
b1011100010 9
1$
#33450
0$
#33455
b1011100011 9
b100101111 .
1$
#33460
0$
#33465
b100110000 .
b1011100100 9
1$
#33470
0$
#33475
b1011100101 9
b100110001 .
1$
#33480
0$
#33485
b100110010 .
b1011100110 9
1$
#33490
0$
#33495
b1011100111 9
b100110011 .
1$
#33500
0$
#33505
b100110100 .
b1011101000 9
1$
#33510
0$
#33515
b1011101001 9
b100110101 .
1$
#33520
0$
#33525
b100110110 .
b1011101010 9
1$
#33530
0$
#33535
b1011101011 9
b100110111 .
1$
#33540
0$
#33545
b100111000 .
b1011101100 9
1$
#33550
0$
#33555
b1011101101 9
b100111001 .
1$
#33560
0$
#33565
b100111010 .
b1011101110 9
1$
#33570
0$
#33575
b1011101111 9
b100111011 .
1$
#33580
0$
#33585
b100111100 .
b1011110000 9
1$
#33590
0$
#33595
b1011110001 9
b100111101 .
1$
#33600
0$
#33605
b100111110 .
b1011110010 9
1$
#33610
0$
#33615
b1011110011 9
b100111111 .
1$
#33620
0$
#33625
b101000000 .
b1011110100 9
1$
#33630
0$
#33635
b1011110101 9
b101000001 .
1$
#33640
0$
#33645
b101000010 .
b1011110110 9
1$
#33650
0$
#33655
b1011110111 9
b101000011 .
1$
#33660
0$
#33665
b101000100 .
b1011111000 9
1$
#33670
0$
#33675
b1011111001 9
b101000101 .
1$
#33680
0$
#33685
b101000110 .
b1011111010 9
1$
#33690
0$
#33695
b1011111011 9
b101000111 .
1$
#33700
0$
#33705
b101001000 .
b1011111100 9
1$
#33710
0$
#33715
b1011111101 9
b101001001 .
1$
#33720
0$
#33725
b101001010 .
b1011111110 9
1$
#33730
0$
#33735
b1011111111 9
b101001011 .
1$
#33740
0$
#33745
b101001100 .
b1100000000 9
1$
#33750
0$
#33755
b1100000001 9
b101001101 .
1$
#33760
0$
#33765
b101001110 .
b1100000010 9
1$
#33770
0$
#33775
b1100000011 9
b101001111 .
1$
#33780
0$
#33785
b101010000 .
b1100000100 9
1$
#33790
0$
#33795
b1100000101 9
b101010001 .
1$
#33800
0$
#33805
b101010010 .
b1100000110 9
1$
#33810
0$
#33815
b1100000111 9
b101010011 .
1$
#33820
0$
#33825
b101010100 .
b1100001000 9
1$
#33830
0$
#33835
b1100001001 9
b101010101 .
1$
#33840
0$
#33845
b101010110 .
b1100001010 9
1$
#33850
0$
#33855
b1100001011 9
b101010111 .
1$
#33860
0$
#33865
b101011000 .
b1100001100 9
1$
#33870
0$
#33875
b1100001101 9
b101011001 .
1$
#33880
0$
#33885
b101011010 .
b1100001110 9
1$
#33890
0$
#33895
b1100001111 9
b101011011 .
1$
#33900
0$
#33905
b101011100 .
b1100010000 9
1$
#33910
0$
#33915
b1100010001 9
b101011101 .
1$
#33920
0$
#33925
b101011110 .
b1100010010 9
1$
#33930
0$
#33935
b1100010011 9
b101011111 .
1$
#33940
0$
#33945
b101100000 .
b1100010100 9
1$
#33950
0$
#33955
b1100010101 9
b101100001 .
1$
#33960
0$
#33965
b101100010 .
b1100010110 9
1$
#33970
0$
#33975
b1100010111 9
b101100011 .
1$
#33980
0$
#33985
b101100100 .
b1100011000 9
1$
#33990
0$
#33995
b1100011001 9
b101100101 .
1$
#34000
0$
#34005
b101100110 .
b1100011010 9
1$
#34010
0$
#34015
b1100011011 9
b101100111 .
1$
#34020
0$
#34025
b101101000 .
b1100011100 9
1$
#34030
0$
#34035
b1100011101 9
b101101001 .
1$
#34040
0$
#34045
b101101010 .
b1100011110 9
1$
#34050
0$
#34055
b1100011111 9
b101101011 .
1$
#34060
0$
#34065
b101101100 .
b1100100000 9
1$
#34070
0$
#34075
b1100100001 9
b101101101 .
1$
#34080
0$
#34085
b101101110 .
b1100100010 9
1$
#34090
0$
#34095
b1100100011 9
b101101111 .
1$
#34100
0$
#34105
b101110000 .
b1100100100 9
1$
#34110
0$
#34115
b1100100101 9
b101110001 .
1$
#34120
0$
#34125
b101110010 .
b1100100110 9
1$
#34130
0$
#34135
b1100100111 9
b101110011 .
1$
#34140
0$
#34145
b101110100 .
b1100101000 9
1$
#34150
0$
#34155
b1100101001 9
b101110101 .
1$
#34160
0$
#34165
b101110110 .
b1100101010 9
1$
#34170
0$
#34175
b1100101011 9
b101110111 .
1$
#34180
0$
#34185
b101111000 .
b1100101100 9
1$
#34190
0$
#34195
b1100101101 9
b101111001 .
1$
#34200
0$
#34205
b101111010 .
b1100101110 9
1$
#34210
0$
#34215
b1100101111 9
b101111011 .
1$
#34220
0$
#34225
b101111100 .
b1100110000 9
1$
#34230
0$
#34235
b1100110001 9
b101111101 .
1$
#34240
0$
#34245
b101111110 .
b1100110010 9
1$
#34250
0$
#34255
b1100110011 9
b101111111 .
1$
#34260
0$
#34265
b110000000 .
b1100110100 9
1$
#34270
0$
#34275
b1100110101 9
b110000001 .
1$
#34280
0$
#34285
b110000010 .
b1100110110 9
1$
#34290
0$
#34295
b1100110111 9
b110000011 .
1$
#34300
0$
#34305
b110000100 .
b1100111000 9
1$
#34310
0$
#34315
b1100111001 9
b110000101 .
1$
#34320
0$
#34325
b110000110 .
b1100111010 9
1$
#34330
0$
#34335
b1100111011 9
b110000111 .
1$
#34340
0$
#34345
b110001000 .
b1100111100 9
1$
#34350
0$
#34355
b1100111101 9
b110001001 .
1$
#34360
0$
#34365
b110001010 .
b1100111110 9
1$
#34370
0$
#34375
b1100111111 9
b110001011 .
1$
#34380
0$
#34385
b110001100 .
b1101000000 9
1$
#34390
0$
#34395
b1101000001 9
b110001101 .
1$
#34400
0$
#34405
b110001110 .
b1101000010 9
1$
#34410
0$
#34415
b1101000011 9
b110001111 .
1$
#34420
0$
#34425
b110010000 .
b1101000100 9
1$
#34430
0$
#34435
b1101000101 9
b110010001 .
1$
#34440
0$
#34445
b110010010 .
b1101000110 9
1$
#34450
0$
#34455
b1101000111 9
b110010011 .
1$
#34460
0$
#34465
b110010100 .
b1101001000 9
1$
#34470
0$
#34475
b1101001001 9
b110010101 .
1$
#34480
0$
#34485
b110010110 .
b1101001010 9
1$
#34490
0$
#34495
b1101001011 9
b110010111 .
1$
#34500
0$
#34505
b110011000 .
b1101001100 9
1$
#34510
0$
#34515
b1101001101 9
b110011001 .
1$
#34520
0$
#34525
b110011010 .
b1101001110 9
1$
#34530
0$
#34535
b1101001111 9
b110011011 .
1$
#34540
0$
#34545
b110011100 .
b1101010000 9
1$
#34550
0$
#34555
b1101010001 9
b110011101 .
1$
#34560
0$
#34565
b110011110 .
b1101010010 9
1$
#34570
0$
#34575
b1101010011 9
b110011111 .
1$
#34580
0$
#34585
b110100000 .
b1101010100 9
1$
#34590
0$
#34595
b1101010101 9
b110100001 .
1$
#34600
0$
#34605
b110100010 .
b1101010110 9
1$
#34610
0$
#34615
b1101010111 9
b110100011 .
1$
#34620
0$
#34625
b110100100 .
b1101011000 9
1$
#34630
0$
#34635
b1101011001 9
b110100101 .
1$
#34640
0$
#34645
b110100110 .
b1101011010 9
1$
#34650
0$
#34655
b1101011011 9
b110100111 .
1$
#34660
0$
#34665
b110101000 .
b1101011100 9
1$
#34670
0$
#34675
b1101011101 9
b110101001 .
1$
#34680
0$
#34685
b110101010 .
b1101011110 9
1$
#34690
0$
#34695
b1101011111 9
b110101011 .
1$
#34700
0$
#34705
b110101100 .
b1101100000 9
1$
#34710
0$
#34715
b1101100001 9
b110101101 .
1$
#34720
0$
#34725
b110101110 .
b1101100010 9
1$
#34730
0$
#34735
b1101100011 9
b110101111 .
1$
#34740
0$
#34745
b110110000 .
b11 8
b0 9
1$
#34750
0$
#34755
b1 9
1!
b110110001 .
1$
#34760
0$
#34765
b110110010 .
b10 9
1$
#34770
0$
#34775
b11 9
b110110011 .
1$
#34780
0$
#34785
b110110100 .
b100 9
1$
#34790
0$
#34795
b101 9
b110110101 .
1$
#34800
0$
#34805
b110110110 .
b110 9
1$
#34810
0$
#34815
b111 9
b110110111 .
1$
#34820
0$
#34825
b110111000 .
b1000 9
1$
#34830
0$
#34835
b1001 9
b110111001 .
1$
#34840
0$
#34845
b110111010 .
b1010 9
1$
#34850
0$
#34855
b1011 9
b110111011 .
1$
#34860
0$
#34865
b110111100 .
b1100 9
1$
#34870
0$
#34875
b1101 9
b110111101 .
1$
#34880
0$
#34885
b110111110 .
b1110 9
1$
#34890
0$
#34895
b1111 9
b110111111 .
1$
#34900
0$
#34905
b111000000 .
b10000 9
1$
#34910
0$
#34915
b10001 9
b111000001 .
1$
#34920
0$
#34925
b111000010 .
b10010 9
1$
#34930
0$
#34935
b10011 9
b111000011 .
1$
#34940
0$
#34945
b111000100 .
b10100 9
1$
#34950
0$
#34955
b10101 9
b111000101 .
1$
#34960
0$
#34965
b111000110 .
b10110 9
1$
#34970
0$
#34975
b10111 9
b111000111 .
1$
#34980
0$
#34985
b111001000 .
b11000 9
1$
#34990
0$
#34995
b11001 9
b111001001 .
1$
#35000
0$
#35005
b111001010 .
b11010 9
1$
#35010
0$
#35015
b11011 9
b111001011 .
1$
#35020
0$
#35025
b111001100 .
b11100 9
1$
#35030
0$
#35035
b11101 9
b111001101 .
1$
#35040
0$
#35045
b111001110 .
b11110 9
1$
#35050
0$
#35055
b11111 9
b111001111 .
1$
#35060
0$
#35065
b111010000 .
b100000 9
1$
#35070
0$
#35075
b100001 9
b111010001 .
1$
#35080
0$
#35085
b111010010 .
b100010 9
1$
#35090
0$
#35095
b100011 9
b111010011 .
1$
#35100
0$
#35105
b111010100 .
b100100 9
1$
#35110
0$
#35115
b100101 9
b111010101 .
1$
#35120
0$
#35125
b111010110 .
b100110 9
1$
#35130
0$
#35135
b100111 9
b111010111 .
1$
#35140
0$
#35145
b111011000 .
b101000 9
1$
#35150
0$
#35155
b101001 9
b111011001 .
1$
#35160
0$
#35165
b111011010 .
b101010 9
1$
#35170
0$
#35175
b101011 9
b111011011 .
1$
#35180
0$
#35185
b111011100 .
b101100 9
1$
#35190
0$
#35195
b101101 9
b111011101 .
1$
#35200
0$
#35205
b111011110 .
b101110 9
1$
#35210
0$
#35215
b101111 9
b111011111 .
1$
#35220
0$
#35225
b111100000 .
b110000 9
1$
#35230
0$
#35235
b110001 9
b111100001 .
1$
#35240
0$
#35245
b111100010 .
b110010 9
1$
#35250
0$
#35255
b110011 9
b111100011 .
1$
#35260
0$
#35265
b111100100 .
b110100 9
1$
#35270
0$
#35275
b110101 9
b111100101 .
1$
#35280
0$
#35285
b111100110 .
b110110 9
1$
#35290
0$
#35295
b110111 9
b111100111 .
1$
#35300
0$
#35305
b111101000 .
b111000 9
1$
#35310
0$
#35315
b111001 9
b111101001 .
1$
#35320
0$
#35325
b111101010 .
b111010 9
1$
#35330
0$
#35335
b111011 9
b111101011 .
1$
#35340
0$
#35345
b111101100 .
b111100 9
1$
#35350
0$
#35355
b111101 9
b111101101 .
1$
#35360
0$
#35365
b111101110 .
b111110 9
1$
#35370
0$
#35375
b111111 9
b111101111 .
1$
#35380
0$
#35385
b111110000 .
b1000000 9
1$
#35390
0$
#35395
b1000001 9
b111110001 .
1$
#35400
0$
#35405
b111110010 .
b1000010 9
1$
#35410
0$
#35415
b1000011 9
b111110011 .
1$
#35420
0$
#35425
b111110100 .
b1000100 9
1$
#35430
0$
#35435
b1000101 9
b111110101 .
1$
#35440
0$
#35445
b111110110 .
b1000110 9
1$
#35450
0$
#35455
b1000111 9
b111110111 .
1$
#35460
0$
#35465
b111111000 .
b1001000 9
1$
#35470
0$
#35475
b1001001 9
b111111001 .
1$
#35480
0$
#35485
b111111010 .
b1001010 9
1$
#35490
0$
#35495
b1001011 9
b111111011 .
1$
#35500
0$
#35505
b111111100 .
b1001100 9
1$
#35510
0$
#35515
b1001101 9
b111111101 .
1$
#35520
0$
#35525
b111111110 .
b1001110 9
1$
#35530
0$
#35535
b1001111 9
b111111111 .
1$
#35540
0$
#35545
b1000000000 .
b1010000 9
1$
#35550
0$
#35555
b1010001 9
b1000000001 .
1$
#35560
0$
#35565
b1000000010 .
b1010010 9
1$
#35570
0$
#35575
b1010011 9
b1000000011 .
1$
#35580
0$
#35585
b1000000100 .
b1010100 9
1$
#35590
0$
#35595
b1010101 9
b1000000101 .
1$
#35600
0$
#35605
b1000000110 .
b1010110 9
1$
#35610
0$
#35615
b1010111 9
b1000000111 .
1$
#35620
0$
#35625
b1000001000 .
b1011000 9
1$
#35630
0$
#35635
b1011001 9
b1000001001 .
1$
#35640
0$
#35645
b1000001010 .
b1011010 9
1$
#35650
0$
#35655
b1011011 9
b1000001011 .
1$
#35660
0$
#35665
b1000001100 .
b1011100 9
1$
#35670
0$
#35675
b1011101 9
b1000001101 .
1$
#35680
0$
#35685
b1000001110 .
b1011110 9
1$
#35690
0$
#35695
b1011111 9
b1000001111 .
1$
#35700
0$
#35705
b1000010000 .
b1100000 9
1$
#35710
0$
#35715
b1100001 9
b1000010001 .
1$
#35720
0$
#35725
b1000010010 .
b1100010 9
1$
#35730
0$
#35735
b1100011 9
b1000010011 .
1$
#35740
0$
#35745
b1000010100 .
b1100100 9
1$
#35750
0$
#35755
b1100101 9
b1000010101 .
1$
#35760
0$
#35765
b1000010110 .
b1100110 9
1$
#35770
0$
#35775
b1100111 9
b1000010111 .
1$
#35780
0$
#35785
b1000011000 .
b1101000 9
1$
#35790
0$
#35795
b1101001 9
b1000011001 .
1$
#35800
0$
#35805
b1000011010 .
b1101010 9
1$
#35810
0$
#35815
b1101011 9
b1000011011 .
1$
#35820
0$
#35825
b1000011100 .
b1101100 9
1$
#35830
0$
#35835
b1101101 9
b1000011101 .
1$
#35840
0$
#35845
b1000011110 .
b1101110 9
1$
#35850
0$
#35855
b1101111 9
b1000011111 .
1$
#35860
0$
#35865
b1000100000 .
b1110000 9
1$
#35870
0$
#35875
b1110001 9
b1000100001 .
1$
#35880
0$
#35885
b1000100010 .
b1110010 9
1$
#35890
0$
#35895
b1110011 9
b1000100011 .
1$
#35900
0$
#35905
b1000100100 .
b1110100 9
1$
#35910
0$
#35915
b1110101 9
b1000100101 .
1$
#35920
0$
#35925
b1000100110 .
b1110110 9
1$
#35930
0$
#35935
b1110111 9
b1000100111 .
1$
#35940
0$
#35945
b1000101000 .
b1111000 9
1$
#35950
0$
#35955
b1111001 9
b1000101001 .
1$
#35960
0$
#35965
b1000101010 .
b1111010 9
1$
#35970
0$
#35975
b1111011 9
b1000101011 .
1$
#35980
0$
#35985
b1000101100 .
b1111100 9
1$
#35990
0$
#35995
b1111101 9
b1000101101 .
1$
#36000
0$
#36005
b1000101110 .
b1111110 9
1$
#36010
0$
#36015
b1111111 9
b1000101111 .
1$
#36020
0$
#36025
b1000110000 .
b10000000 9
1$
#36030
0$
#36035
b10000001 9
b1000110001 .
1$
#36040
0$
#36045
b1000110010 .
b10000010 9
1$
#36050
0$
#36055
b10000011 9
b1000110011 .
1$
#36060
0$
#36065
b1000110100 .
b10000100 9
1$
#36070
0$
#36075
b10000101 9
b1000110101 .
1$
#36080
0$
#36085
b1000110110 .
b10000110 9
1$
#36090
0$
#36095
b10000111 9
b1000110111 .
1$
#36100
0$
#36105
b1000111000 .
b10001000 9
1$
#36110
0$
#36115
b10001001 9
b1000111001 .
1$
#36120
0$
#36125
b1000111010 .
b10001010 9
1$
#36130
0$
#36135
b10001011 9
b1000111011 .
1$
#36140
0$
#36145
b1000111100 .
b10001100 9
1$
#36150
0$
#36155
b10001101 9
b1000111101 .
1$
#36160
0$
#36165
b1000111110 .
b10001110 9
1$
#36170
0$
#36175
b10001111 9
b1000111111 .
1$
#36180
0$
#36185
b1001000000 .
b10010000 9
1$
#36190
0$
#36195
b10010001 9
b1001000001 .
1$
#36200
0$
#36205
b1001000010 .
b10010010 9
1$
#36210
0$
#36215
b10010011 9
b1001000011 .
1$
#36220
0$
#36225
b1001000100 .
b10010100 9
1$
#36230
0$
#36235
b10010101 9
b1001000101 .
1$
#36240
0$
#36245
b1001000110 .
b10010110 9
1$
#36250
0$
#36255
b10010111 9
b1001000111 .
1$
#36260
0$
#36265
b1001001000 .
b10011000 9
1$
#36270
0$
#36275
b10011001 9
b1001001001 .
1$
#36280
0$
#36285
b1001001010 .
b10011010 9
1$
#36290
0$
#36295
b10011011 9
b1001001011 .
1$
#36300
0$
#36305
b1001001100 .
b10011100 9
1$
#36310
0$
#36315
b10011101 9
b1001001101 .
1$
#36320
0$
#36325
b1001001110 .
b10011110 9
1$
#36330
0$
#36335
b10011111 9
b1001001111 .
1$
#36340
0$
#36345
b1001010000 .
b10100000 9
1$
#36350
0$
#36355
b10100001 9
b1001010001 .
1$
#36360
0$
#36365
b1001010010 .
b10100010 9
1$
#36370
0$
#36375
b10100011 9
b1001010011 .
1$
#36380
0$
#36385
b1001010100 .
b10100100 9
1$
#36390
0$
#36395
b10100101 9
b1001010101 .
1$
#36400
0$
#36405
b1001010110 .
b10100110 9
1$
#36410
0$
#36415
b10100111 9
b1001010111 .
1$
#36420
0$
#36425
b1001011000 .
b10101000 9
1$
#36430
0$
#36435
b10101001 9
b1001011001 .
1$
#36440
0$
#36445
b1001011010 .
b10101010 9
1$
#36450
0$
#36455
b10101011 9
b1001011011 .
1$
#36460
0$
#36465
b1001011100 .
b10101100 9
1$
#36470
0$
#36475
b10101101 9
b1001011101 .
1$
#36480
0$
#36485
b1001011110 .
b10101110 9
1$
#36490
0$
#36495
b10101111 9
b1001011111 .
1$
#36500
0$
#36505
b1001100000 .
b10110000 9
1$
#36510
0$
#36515
b10110001 9
b1001100001 .
1$
#36520
0$
#36525
b1001100010 .
b10110010 9
1$
#36530
0$
#36535
b10110011 9
b1001100011 .
1$
#36540
0$
#36545
b1001100100 .
b10110100 9
1$
#36550
0$
#36555
b10110101 9
b1001100101 .
1$
#36560
0$
#36565
b1001100110 .
b10110110 9
1$
#36570
0$
#36575
b10110111 9
b1001100111 .
1$
#36580
0$
#36585
b1001101000 .
b10111000 9
1$
#36590
0$
#36595
b10111001 9
b1001101001 .
1$
#36600
0$
#36605
b1001101010 .
b10111010 9
1$
#36610
0$
#36615
b10111011 9
b1001101011 .
1$
#36620
0$
#36625
b1001101100 .
b10111100 9
1$
#36630
0$
#36635
b10111101 9
b1001101101 .
1$
#36640
0$
#36645
b1001101110 .
b10111110 9
1$
#36650
0$
#36655
b10111111 9
b1001101111 .
1$
#36660
0$
#36665
b1001110000 .
b11000000 9
1$
#36670
0$
#36675
b11000001 9
b1001110001 .
1$
#36680
0$
#36685
b1001110010 .
b11000010 9
1$
#36690
0$
#36695
b11000011 9
b1001110011 .
1$
#36700
0$
#36705
b1001110100 .
b11000100 9
1$
#36710
0$
#36715
b11000101 9
b1001110101 .
1$
#36720
0$
#36725
b1001110110 .
b11000110 9
1$
#36730
0$
#36735
b11000111 9
b1001110111 .
1$
#36740
0$
#36745
b1001111000 .
b11001000 9
1$
#36750
0$
#36755
b11001001 9
b1001111001 .
1$
#36760
0$
#36765
b1001111010 .
b11001010 9
1$
#36770
0$
#36775
b11001011 9
b1001111011 .
1$
#36780
0$
#36785
b1001111100 .
b11001100 9
1$
#36790
0$
#36795
b11001101 9
b1001111101 .
1$
#36800
0$
#36805
b1001111110 .
b11001110 9
1$
#36810
0$
#36815
b11001111 9
b1001111111 .
1$
#36820
0$
#36825
b1010000000 .
b11010000 9
1$
#36830
0$
#36835
b11010001 9
b1010000001 .
1$
#36840
0$
#36845
b1010000010 .
b11010010 9
1$
#36850
0$
#36855
b11010011 9
b1010000011 .
1$
#36860
0$
#36865
b1010000100 .
b11010100 9
1$
#36870
0$
#36875
b11010101 9
b1010000101 .
1$
#36880
0$
#36885
b1010000110 .
b11010110 9
1$
#36890
0$
#36895
b11010111 9
b1010000111 .
1$
#36900
0$
#36905
b1010001000 .
b11011000 9
1$
#36910
0$
#36915
b11011001 9
b1010001001 .
1$
#36920
0$
#36925
b1010001010 .
b11011010 9
1$
#36930
0$
#36935
b11011011 9
b1010001011 .
1$
#36940
0$
#36945
b1010001100 .
b11011100 9
1$
#36950
0$
#36955
b11011101 9
b1010001101 .
1$
#36960
0$
#36965
b1010001110 .
b11011110 9
1$
#36970
0$
#36975
b11011111 9
b1010001111 .
1$
#36980
0$
#36985
b1010010000 .
b11100000 9
1$
#36990
0$
#36995
b11100001 9
b1010010001 .
1$
#37000
0$
#37005
b1010010010 .
b11100010 9
1$
#37010
0$
#37015
b11100011 9
b1010010011 .
1$
#37020
0$
#37025
b1010010100 .
b11100100 9
1$
#37030
0$
#37035
b11100101 9
b1010010101 .
1$
#37040
0$
#37045
b1010010110 .
b11100110 9
1$
#37050
0$
#37055
b11100111 9
b1010010111 .
1$
#37060
0$
#37065
b1010011000 .
b11101000 9
1$
#37070
0$
#37075
b11101001 9
b1010011001 .
1$
#37080
0$
#37085
b1010011010 .
b11101010 9
1$
#37090
0$
#37095
b11101011 9
b1010011011 .
1$
#37100
0$
#37105
b1010011100 .
b11101100 9
1$
#37110
0$
#37115
b11101101 9
b1010011101 .
1$
#37120
0$
#37125
b1010011110 .
b11101110 9
1$
#37130
0$
#37135
b11101111 9
b1010011111 .
1$
#37140
0$
#37145
b1010100000 .
b11110000 9
1$
#37150
0$
#37155
b11110001 9
b1010100001 .
1$
#37160
0$
#37165
b1010100010 .
b11110010 9
1$
#37170
0$
#37175
b11110011 9
b1010100011 .
1$
#37180
0$
#37185
b1010100100 .
b11110100 9
1$
#37190
0$
#37195
b11110101 9
b1010100101 .
1$
#37200
0$
#37205
b1010100110 .
b11110110 9
1$
#37210
0$
#37215
b11110111 9
b1010100111 .
1$
#37220
0$
#37225
b1010101000 .
b11111000 9
1$
#37230
0$
#37235
b11111001 9
b1010101001 .
1$
#37240
0$
#37245
b1010101010 .
b11111010 9
1$
#37250
0$
#37255
b11111011 9
b1010101011 .
1$
#37260
0$
#37265
b1010101100 .
b11111100 9
1$
#37270
0$
#37275
b11111101 9
b1010101101 .
1$
#37280
0$
#37285
b1010101110 .
b11111110 9
1$
#37290
0$
#37295
b11111111 9
b1010101111 .
1$
#37300
0$
#37305
b1010110000 .
b100000000 9
1$
#37310
0$
#37315
b100000001 9
b1010110001 .
1$
#37320
0$
#37325
b1010110010 .
b100000010 9
1$
#37330
0$
#37335
b100000011 9
b1010110011 .
1$
#37340
0$
#37345
b1010110100 .
b100000100 9
1$
#37350
0$
#37355
b100000101 9
b1010110101 .
1$
#37360
0$
#37365
b1010110110 .
b100000110 9
1$
#37370
0$
#37375
b100000111 9
b1010110111 .
1$
#37380
0$
#37385
b1010111000 .
b100001000 9
1$
#37390
0$
#37395
b100001001 9
b1010111001 .
1$
#37400
0$
#37405
b1010111010 .
b100001010 9
1$
#37410
0$
#37415
b100001011 9
b1010111011 .
1$
#37420
0$
#37425
b1010111100 .
b100001100 9
1$
#37430
0$
#37435
b100001101 9
b1010111101 .
1$
#37440
0$
#37445
b1010111110 .
b100001110 9
1$
#37450
0$
#37455
b100001111 9
b1010111111 .
1$
#37460
0$
#37465
b1011000000 .
b100010000 9
1$
#37470
0$
#37475
b100010001 9
b1011000001 .
1$
#37480
0$
#37485
b1011000010 .
b100010010 9
1$
#37490
0$
#37495
b100010011 9
b1011000011 .
1$
#37500
0$
#37505
b1011000100 .
b100010100 9
1$
#37510
0$
#37515
b100010101 9
b1011000101 .
1$
#37520
0$
#37525
b1011000110 .
b100010110 9
1$
#37530
0$
#37535
b100010111 9
b1011000111 .
1$
#37540
0$
#37545
b1011001000 .
b100011000 9
1$
#37550
0$
#37555
b100011001 9
b1011001001 .
1$
#37560
0$
#37565
b1011001010 .
b100011010 9
1$
#37570
0$
#37575
b100011011 9
b1011001011 .
1$
#37580
0$
#37585
b1011001100 .
b100011100 9
1$
#37590
0$
#37595
b100011101 9
b1011001101 .
1$
#37600
0$
#37605
b1011001110 .
b100011110 9
1$
#37610
0$
#37615
b100011111 9
b1011001111 .
1$
#37620
0$
#37625
b1011010000 .
b100100000 9
1$
#37630
0$
#37635
b100100001 9
b1011010001 .
1$
#37640
0$
#37645
b1011010010 .
b100100010 9
1$
#37650
0$
#37655
b100100011 9
b1011010011 .
1$
#37660
0$
#37665
b1011010100 .
b100100100 9
1$
#37670
0$
#37675
b100100101 9
b1011010101 .
1$
#37680
0$
#37685
b1011010110 .
b100100110 9
1$
#37690
0$
#37695
b100100111 9
b1011010111 .
1$
#37700
0$
#37705
b1011011000 .
b100101000 9
1$
#37710
0$
#37715
b100101001 9
b1011011001 .
1$
#37720
0$
#37725
b1011011010 .
b100101010 9
1$
#37730
0$
#37735
b100101011 9
b1011011011 .
1$
#37740
0$
#37745
b1011011100 .
b100101100 9
1$
#37750
0$
#37755
b100101101 9
b1011011101 .
1$
#37760
0$
#37765
b1011011110 .
b100101110 9
1$
#37770
0$
#37775
b100101111 9
b1011011111 .
1$
#37780
0$
#37785
b1011100000 .
b100110000 9
1$
#37790
0$
#37795
b100110001 9
b1011100001 .
1$
#37800
0$
#37805
b1011100010 .
b100110010 9
1$
#37810
0$
#37815
b100110011 9
b1011100011 .
1$
#37820
0$
#37825
b1011100100 .
b100110100 9
1$
#37830
0$
#37835
b100110101 9
b1011100101 .
1$
#37840
0$
#37845
b1011100110 .
b100110110 9
1$
#37850
0$
#37855
b100110111 9
b1011100111 .
1$
#37860
0$
#37865
b1011101000 .
b100111000 9
1$
#37870
0$
#37875
b100111001 9
b1011101001 .
1$
#37880
0$
#37885
b1011101010 .
b100111010 9
1$
#37890
0$
#37895
b100111011 9
b1011101011 .
1$
#37900
0$
#37905
b1011101100 .
b100111100 9
1$
#37910
0$
#37915
b100111101 9
b1011101101 .
1$
#37920
0$
#37925
b1011101110 .
b100111110 9
1$
#37930
0$
#37935
b100111111 9
b1011101111 .
1$
#37940
0$
#37945
b1011110000 .
b101000000 9
1$
#37950
0$
#37955
b101000001 9
b1011110001 .
1$
#37960
0$
#37965
b1011110010 .
b101000010 9
1$
#37970
0$
#37975
b101000011 9
b1011110011 .
1$
#37980
0$
#37985
b1011110100 .
b101000100 9
1$
#37990
0$
#37995
b101000101 9
b1011110101 .
1$
#38000
0$
#38005
b1011110110 .
b101000110 9
1$
#38010
0$
#38015
b101000111 9
b1011110111 .
1$
#38020
0$
#38025
b1011111000 .
b101001000 9
1$
#38030
0$
#38035
b101001001 9
b1011111001 .
1$
#38040
0$
#38045
b1011111010 .
b101001010 9
1$
#38050
0$
#38055
b101001011 9
b1011111011 .
1$
#38060
0$
#38065
b1011111100 .
b101001100 9
1$
#38070
0$
#38075
b101001101 9
b1011111101 .
1$
#38080
0$
#38085
b1011111110 .
b101001110 9
1$
#38090
0$
#38095
b101001111 9
b1011111111 .
1$
#38100
0$
#38105
b1100000000 .
b101010000 9
1$
#38110
0$
#38115
b101010001 9
b1100000001 .
1$
#38120
0$
#38125
b1100000010 .
b101010010 9
1$
#38130
0$
#38135
b101010011 9
b1100000011 .
1$
#38140
0$
#38145
b1100000100 .
b101010100 9
1$
#38150
0$
#38155
b101010101 9
b1100000101 .
1$
#38160
0$
#38165
b1100000110 .
b101010110 9
1$
#38170
0$
#38175
b101010111 9
b1100000111 .
1$
#38180
0$
#38185
b1100001000 .
b101011000 9
1$
#38190
0$
#38195
b101011001 9
b1100001001 .
1$
#38200
0$
#38205
b1100001010 .
b101011010 9
1$
#38210
0$
#38215
b101011011 9
b1100001011 .
1$
#38220
0$
#38225
b1100001100 .
b101011100 9
1$
#38230
0$
#38235
b101011101 9
b1100001101 .
1$
#38240
0$
#38245
b1100001110 .
b101011110 9
1$
#38250
0$
#38255
b101011111 9
b1100001111 .
1$
#38260
0$
#38265
b1100010000 .
b101100000 9
1$
#38270
0$
#38275
b101100001 9
b1100010001 .
1$
#38280
0$
#38285
b1100010010 .
b101100010 9
1$
#38290
0$
#38295
b101100011 9
b1100010011 .
1$
#38300
0$
#38305
b1100010100 .
b101100100 9
1$
#38310
0$
#38315
b101100101 9
b1100010101 .
1$
#38320
0$
#38325
b1100010110 .
b101100110 9
1$
#38330
0$
#38335
b101100111 9
b1100010111 .
1$
#38340
0$
#38345
b1100011000 .
b101101000 9
1$
#38350
0$
#38355
b101101001 9
b1100011001 .
1$
#38360
0$
#38365
b1100011010 .
b101101010 9
1$
#38370
0$
#38375
b101101011 9
b1100011011 .
1$
#38380
0$
#38385
b1100011100 .
b101101100 9
1$
#38390
0$
#38395
b101101101 9
b1100011101 .
1$
#38400
0$
#38405
b1100011110 .
b101101110 9
1$
#38410
0$
#38415
b101101111 9
b1100011111 .
1$
#38420
0$
#38425
b1100100000 .
b101110000 9
1$
#38430
0$
#38435
b101110001 9
b1100100001 .
1$
#38440
0$
#38445
b1100100010 .
b101110010 9
1$
#38450
0$
#38455
b101110011 9
b1100100011 .
1$
#38460
0$
#38465
b1100100100 .
b101110100 9
1$
#38470
0$
#38475
b101110101 9
b1100100101 .
1$
#38480
0$
#38485
b1100100110 .
b101110110 9
1$
#38490
0$
#38495
b101110111 9
b1100100111 .
1$
#38500
0$
#38505
b1100101000 .
b101111000 9
1$
#38510
0$
#38515
b101111001 9
b1100101001 .
1$
#38520
0$
#38525
b1100101010 .
b101111010 9
1$
#38530
0$
#38535
b101111011 9
b1100101011 .
1$
#38540
0$
#38545
b1100101100 .
b101111100 9
1$
#38550
0$
#38555
b101111101 9
b1100101101 .
1$
#38560
0$
#38565
b1100101110 .
b101111110 9
1$
#38570
0$
#38575
b101111111 9
b1100101111 .
1$
#38580
0$
#38585
b1100110000 .
b110000000 9
1$
#38590
0$
#38595
b110000001 9
b1100110001 .
1$
#38600
0$
#38605
b1100110010 .
b110000010 9
1$
#38610
0$
#38615
b110000011 9
b1100110011 .
1$
#38620
0$
#38625
b1100110100 .
b110000100 9
1$
#38630
0$
#38635
b110000101 9
b1100110101 .
1$
#38640
0$
#38645
b1100110110 .
b110000110 9
1$
#38650
0$
#38655
b110000111 9
b1100110111 .
1$
#38660
0$
#38665
b1100111000 .
b110001000 9
1$
#38670
0$
#38675
b110001001 9
b1100111001 .
1$
#38680
0$
#38685
b1100111010 .
b110001010 9
1$
#38690
0$
#38695
b110001011 9
b1100111011 .
1$
#38700
0$
#38705
b1100111100 .
b110001100 9
1$
#38710
0$
#38715
b110001101 9
b1100111101 .
1$
#38720
0$
#38725
b1100111110 .
b110001110 9
1$
#38730
0$
#38735
b110001111 9
b1100111111 .
1$
#38740
0$
#38745
b1101000000 .
b110010000 9
1$
#38750
0$
#38755
b110010001 9
b1101000001 .
1$
#38760
0$
#38765
b1101000010 .
b110010010 9
1$
#38770
0$
#38775
b110010011 9
b1101000011 .
1$
#38780
0$
#38785
b1101000100 .
b110010100 9
1$
#38790
0$
#38795
b110010101 9
b1101000101 .
1$
#38800
0$
#38805
b1101000110 .
b110010110 9
1$
#38810
0$
#38815
b110010111 9
b1101000111 .
1$
#38820
0$
#38825
b1101001000 .
b110011000 9
1$
#38830
0$
#38835
b110011001 9
b1101001001 .
1$
#38840
0$
#38845
b1101001010 .
b110011010 9
1$
#38850
0$
#38855
b110011011 9
b1101001011 .
1$
#38860
0$
#38865
b1101001100 .
b110011100 9
1$
#38870
0$
#38875
b110011101 9
b1101001101 .
1$
#38880
0$
#38885
b1101001110 .
b110011110 9
1$
#38890
0$
#38895
b110011111 9
b1101001111 .
1$
#38900
0$
#38905
b1101010000 .
b110100000 9
1$
#38910
0$
#38915
b110100001 9
b1101010001 .
1$
#38920
0$
#38925
b1101010010 .
b110100010 9
1$
#38930
0$
#38935
b110100011 9
b1101010011 .
1$
#38940
0$
#38945
b1101010100 .
b110100100 9
1$
#38950
0$
#38955
b110100101 9
b1101010101 .
1$
#38960
0$
#38965
b1101010110 .
b110100110 9
1$
#38970
0$
#38975
b110100111 9
b1101010111 .
1$
#38980
0$
#38985
b1101011000 .
b110101000 9
1$
#38990
0$
#38995
b110101001 9
b1101011001 .
1$
#39000
0$
#39005
b1101011010 .
b110101010 9
1$
#39010
0$
#39015
b110101011 9
b1101011011 .
1$
#39020
0$
#39025
b1101011100 .
b110101100 9
1$
#39030
0$
#39035
b110101101 9
b1101011101 .
1$
#39040
0$
#39045
b1101011110 .
b110101110 9
1$
#39050
0$
#39055
b110101111 9
b1101011111 .
1$
#39060
0$
#39065
b1101100000 .
b110110000 9
1$
#39070
0$
#39075
b110110001 9
b1101100001 .
1$
#39080
0$
#39085
b1101100010 .
b110110010 9
1$
#39090
0$
#39095
b110110011 9
b1101100011 .
1$
#39100
0$
#39105
b100 -
b1001 /
b0 .
b110110100 9
1$
#39110
0$
#39115
b110110101 9
b1 .
1$
#39120
0$
#39125
b10 .
b110110110 9
1$
#39130
0$
#39135
b110110111 9
b11 .
1$
#39140
0$
#39145
b100 .
b110111000 9
1$
#39150
0$
#39155
b110111001 9
b101 .
1$
#39160
0$
#39165
b110 .
b110111010 9
1$
#39170
0$
#39175
b110111011 9
b111 .
1$
#39180
0$
#39185
b1000 .
b110111100 9
1$
#39190
0$
#39195
b110111101 9
b1001 .
1$
#39200
0$
#39205
b1010 .
b110111110 9
1$
#39210
0$
#39215
b110111111 9
b1011 .
1$
#39220
0$
#39225
b1100 .
b111000000 9
1$
#39230
0$
#39235
b111000001 9
b1101 .
1$
#39240
0$
#39245
b1110 .
b111000010 9
1$
#39250
0$
#39255
b111000011 9
b1111 .
1$
#39260
0$
#39265
b10000 .
b111000100 9
1$
#39270
0$
#39275
b111000101 9
b10001 .
1$
#39280
0$
#39285
b10010 .
b111000110 9
1$
#39290
0$
#39295
b111000111 9
b10011 .
1$
#39300
0$
#39305
b10100 .
b111001000 9
1$
#39310
0$
#39315
b111001001 9
b10101 .
1$
#39320
0$
#39325
b10110 .
b111001010 9
1$
#39330
0$
#39335
b111001011 9
b10111 .
1$
#39340
0$
#39345
b11000 .
b111001100 9
1$
#39350
0$
#39355
b111001101 9
b11001 .
1$
#39360
0$
#39365
b11010 .
b111001110 9
1$
#39370
0$
#39375
b111001111 9
b11011 .
1$
#39380
0$
#39385
b11100 .
b111010000 9
1$
#39390
0$
#39395
b111010001 9
b11101 .
1$
#39400
0$
#39405
b11110 .
b111010010 9
1$
#39410
0$
#39415
b111010011 9
b11111 .
1$
#39420
0$
#39425
b100000 .
b111010100 9
1$
#39430
0$
#39435
b111010101 9
b100001 .
1$
#39440
0$
#39445
b100010 .
b111010110 9
1$
#39450
0$
#39455
b111010111 9
b100011 .
1$
#39460
0$
#39465
b100100 .
b111011000 9
1$
#39470
0$
#39475
b111011001 9
b100101 .
1$
#39480
0$
#39485
b100110 .
b111011010 9
1$
#39490
0$
#39495
b111011011 9
b100111 .
1$
#39500
0$
#39505
b101000 .
b111011100 9
1$
#39510
0$
#39515
b111011101 9
b101001 .
1$
#39520
0$
#39525
b101010 .
b111011110 9
1$
#39530
0$
#39535
b111011111 9
b101011 .
1$
#39540
0$
#39545
b101100 .
b111100000 9
1$
#39550
0$
#39555
b111100001 9
b101101 .
1$
#39560
0$
#39565
b101110 .
b111100010 9
1$
#39570
0$
#39575
b111100011 9
b101111 .
1$
#39580
0$
#39585
b110000 .
b111100100 9
1$
#39590
0$
#39595
b111100101 9
b110001 .
1$
#39600
0$
#39605
b110010 .
b111100110 9
1$
#39610
0$
#39615
b111100111 9
b110011 .
1$
#39620
0$
#39625
b110100 .
b111101000 9
1$
#39630
0$
#39635
b111101001 9
b110101 .
1$
#39640
0$
#39645
b110110 .
b111101010 9
1$
#39650
0$
#39655
b111101011 9
b110111 .
1$
#39660
0$
#39665
b111000 .
b111101100 9
1$
#39670
0$
#39675
b111101101 9
b111001 .
1$
#39680
0$
#39685
b111010 .
b111101110 9
1$
#39690
0$
#39695
b111101111 9
b111011 .
1$
#39700
0$
#39705
b111100 .
b111110000 9
1$
#39710
0$
#39715
b111110001 9
b111101 .
1$
#39720
0$
#39725
b111110 .
b111110010 9
1$
#39730
0$
#39735
b111110011 9
b111111 .
1$
#39740
0$
#39745
b1000000 .
b111110100 9
1$
#39750
0$
#39755
b111110101 9
b1000001 .
1$
#39760
0$
#39765
b1000010 .
b111110110 9
1$
#39770
0$
#39775
b111110111 9
b1000011 .
1$
#39780
0$
#39785
b1000100 .
b111111000 9
1$
#39790
0$
#39795
b111111001 9
b1000101 .
1$
#39800
0$
#39805
b1000110 .
b111111010 9
1$
#39810
0$
#39815
b111111011 9
b1000111 .
1$
#39820
0$
#39825
b1001000 .
b111111100 9
1$
#39830
0$
#39835
b111111101 9
b1001001 .
1$
#39840
0$
#39845
b1001010 .
b111111110 9
1$
#39850
0$
#39855
b111111111 9
b1001011 .
1$
#39860
0$
#39865
b1001100 .
b1000000000 9
1$
#39870
0$
#39875
b1000000001 9
b1001101 .
1$
#39880
0$
#39885
b1001110 .
b1000000010 9
1$
#39890
0$
#39895
b1000000011 9
b1001111 .
1$
#39900
0$
#39905
b1010000 .
b1000000100 9
1$
#39910
0$
#39915
b1000000101 9
b1010001 .
1$
#39920
0$
#39925
b1010010 .
b1000000110 9
1$
#39930
0$
#39935
b1000000111 9
b1010011 .
1$
#39940
0$
#39945
b1010100 .
b1000001000 9
1$
#39950
0$
#39955
b1000001001 9
b1010101 .
1$
#39960
0$
#39965
b1010110 .
b1000001010 9
1$
#39970
0$
#39975
b1000001011 9
b1010111 .
1$
#39980
0$
#39985
b1011000 .
b1000001100 9
1$
#39990
0$
#39995
b1000001101 9
b1011001 .
1$
#40000
0$
#40005
b1011010 .
b1000001110 9
1$
#40010
0$
#40015
b1000001111 9
b1011011 .
1$
#40020
0$
#40025
b1011100 .
b1000010000 9
1$
#40030
0$
#40035
b1000010001 9
b1011101 .
1$
#40040
0$
#40045
b1011110 .
b1000010010 9
1$
#40050
0$
#40055
b1000010011 9
b1011111 .
1$
#40060
0$
#40065
b1100000 .
b1000010100 9
1$
#40070
0$
#40075
b1000010101 9
b1100001 .
1$
#40080
0$
#40085
b1100010 .
b1000010110 9
1$
#40090
0$
#40095
b1000010111 9
b1100011 .
1$
#40100
0$
#40105
b1100100 .
b1000011000 9
1$
#40110
0$
#40115
b1000011001 9
b1100101 .
1$
#40120
0$
#40125
b1100110 .
b1000011010 9
1$
#40130
0$
#40135
b1000011011 9
b1100111 .
1$
#40140
0$
#40145
b1101000 .
b1000011100 9
1$
#40150
0$
#40155
b1000011101 9
b1101001 .
1$
#40160
0$
#40165
b1101010 .
b1000011110 9
1$
#40170
0$
#40175
b1000011111 9
b1101011 .
1$
#40180
0$
#40185
b1101100 .
b1000100000 9
1$
#40190
0$
#40195
b1000100001 9
b1101101 .
1$
#40200
0$
#40205
b1101110 .
b1000100010 9
1$
#40210
0$
#40215
b1000100011 9
b1101111 .
1$
#40220
0$
#40225
b1110000 .
b1000100100 9
1$
#40230
0$
#40235
b1000100101 9
b1110001 .
1$
#40240
0$
#40245
b1110010 .
b1000100110 9
1$
#40250
0$
#40255
b1000100111 9
b1110011 .
1$
#40260
0$
#40265
b1110100 .
b1000101000 9
1$
#40270
0$
#40275
b1000101001 9
b1110101 .
1$
#40280
0$
#40285
b1110110 .
b1000101010 9
1$
#40290
0$
#40295
b1000101011 9
b1110111 .
1$
#40300
0$
#40305
b1111000 .
b1000101100 9
1$
#40310
0$
#40315
b1000101101 9
b1111001 .
1$
#40320
0$
#40325
b1111010 .
b1000101110 9
1$
#40330
0$
#40335
b1000101111 9
b1111011 .
1$
#40340
0$
#40345
b1111100 .
b1000110000 9
1$
#40350
0$
#40355
b1000110001 9
b1111101 .
1$
#40360
0$
#40365
b1111110 .
b1000110010 9
1$
#40370
0$
#40375
b1000110011 9
b1111111 .
1$
#40380
0$
#40385
b10000000 .
b1000110100 9
1$
#40390
0$
#40395
b1000110101 9
b10000001 .
1$
#40400
0$
#40405
b10000010 .
b1000110110 9
1$
#40410
0$
#40415
b1000110111 9
b10000011 .
1$
#40420
0$
#40425
b10000100 .
b1000111000 9
1$
#40430
0$
#40435
b1000111001 9
b10000101 .
1$
#40440
0$
#40445
b10000110 .
b1000111010 9
1$
#40450
0$
#40455
b1000111011 9
b10000111 .
1$
#40460
0$
#40465
b10001000 .
b1000111100 9
1$
#40470
0$
#40475
b1000111101 9
b10001001 .
1$
#40480
0$
#40485
b10001010 .
b1000111110 9
1$
#40490
0$
#40495
b1000111111 9
b10001011 .
1$
#40500
0$
#40505
b10001100 .
b1001000000 9
1$
#40510
0$
#40515
b1001000001 9
b10001101 .
1$
#40520
0$
#40525
b10001110 .
b1001000010 9
1$
#40530
0$
#40535
b1001000011 9
b10001111 .
1$
#40540
0$
#40545
b10010000 .
b1001000100 9
1$
#40550
0$
#40555
b1001000101 9
b10010001 .
1$
#40560
0$
#40565
b10010010 .
b1001000110 9
1$
#40570
0$
#40575
b1001000111 9
b10010011 .
1$
#40580
0$
#40585
b10010100 .
b1001001000 9
1$
#40590
0$
#40595
b1001001001 9
b10010101 .
1$
#40600
0$
#40605
b10010110 .
b1001001010 9
1$
#40610
0$
#40615
b1001001011 9
b10010111 .
1$
#40620
0$
#40625
b10011000 .
b1001001100 9
1$
#40630
0$
#40635
b1001001101 9
b10011001 .
1$
#40640
0$
#40645
b10011010 .
b1001001110 9
1$
#40650
0$
#40655
b1001001111 9
b10011011 .
1$
#40660
0$
#40665
b10011100 .
b1001010000 9
1$
#40670
0$
#40675
b1001010001 9
b10011101 .
1$
#40680
0$
#40685
b10011110 .
b1001010010 9
1$
#40690
0$
#40695
b1001010011 9
b10011111 .
1$
#40700
0$
#40705
b10100000 .
b1001010100 9
1$
#40710
0$
#40715
b1001010101 9
b10100001 .
1$
#40720
0$
#40725
b10100010 .
b1001010110 9
1$
#40730
0$
#40735
b1001010111 9
b10100011 .
1$
#40740
0$
#40745
b10100100 .
b1001011000 9
1$
#40750
0$
#40755
b1001011001 9
b10100101 .
1$
#40760
0$
#40765
b10100110 .
b1001011010 9
1$
#40770
0$
#40775
b1001011011 9
b10100111 .
1$
#40780
0$
#40785
b10101000 .
b1001011100 9
1$
#40790
0$
#40795
b1001011101 9
b10101001 .
1$
#40800
0$
#40805
b10101010 .
b1001011110 9
1$
#40810
0$
#40815
b1001011111 9
b10101011 .
1$
#40820
0$
#40825
b10101100 .
b1001100000 9
1$
#40830
0$
#40835
b1001100001 9
b10101101 .
1$
#40840
0$
#40845
b10101110 .
b1001100010 9
1$
#40850
0$
#40855
b1001100011 9
b10101111 .
1$
#40860
0$
#40865
b10110000 .
b1001100100 9
1$
#40870
0$
#40875
b1001100101 9
b10110001 .
1$
#40880
0$
#40885
b10110010 .
b1001100110 9
1$
#40890
0$
#40895
b1001100111 9
b10110011 .
1$
#40900
0$
#40905
b10110100 .
b1001101000 9
1$
#40910
0$
#40915
b1001101001 9
b10110101 .
1$
#40920
0$
#40925
b10110110 .
b1001101010 9
1$
#40930
0$
#40935
b1001101011 9
b10110111 .
1$
#40940
0$
#40945
b10111000 .
b1001101100 9
1$
#40950
0$
#40955
b1001101101 9
b10111001 .
1$
#40960
0$
#40965
b10111010 .
b1001101110 9
1$
#40970
0$
#40975
b1001101111 9
b10111011 .
1$
#40980
0$
#40985
b10111100 .
b1001110000 9
1$
#40990
0$
#40995
b1001110001 9
b10111101 .
1$
#41000
0$
#41005
b10111110 .
b1001110010 9
1$
#41010
0$
#41015
b1001110011 9
b10111111 .
1$
#41020
0$
#41025
b11000000 .
b1001110100 9
1$
#41030
0$
#41035
b1001110101 9
b11000001 .
1$
#41040
0$
#41045
b11000010 .
b1001110110 9
1$
#41050
0$
#41055
b1001110111 9
b11000011 .
1$
#41060
0$
#41065
b11000100 .
b1001111000 9
1$
#41070
0$
#41075
b1001111001 9
b11000101 .
1$
#41080
0$
#41085
b11000110 .
b1001111010 9
1$
#41090
0$
#41095
b1001111011 9
b11000111 .
1$
#41100
0$
#41105
b11001000 .
b1001111100 9
1$
#41110
0$
#41115
b1001111101 9
b11001001 .
1$
#41120
0$
#41125
b11001010 .
b1001111110 9
1$
#41130
0$
#41135
b1001111111 9
b11001011 .
1$
#41140
0$
#41145
b11001100 .
b1010000000 9
1$
#41150
0$
#41155
b1010000001 9
b11001101 .
1$
#41160
0$
#41165
b11001110 .
b1010000010 9
1$
#41170
0$
#41175
b1010000011 9
b11001111 .
1$
#41180
0$
#41185
b11010000 .
b1010000100 9
1$
#41190
0$
#41195
b1010000101 9
b11010001 .
1$
#41200
0$
#41205
b11010010 .
b1010000110 9
1$
#41210
0$
#41215
b1010000111 9
b11010011 .
1$
#41220
0$
#41225
b11010100 .
b1010001000 9
1$
#41230
0$
#41235
b1010001001 9
b11010101 .
1$
#41240
0$
#41245
b11010110 .
b1010001010 9
1$
#41250
0$
#41255
b1010001011 9
b11010111 .
1$
#41260
0$
#41265
b11011000 .
b1010001100 9
1$
#41270
0$
#41275
b1010001101 9
b11011001 .
1$
#41280
0$
#41285
b11011010 .
b1010001110 9
1$
#41290
0$
#41295
b1010001111 9
b11011011 .
1$
#41300
0$
#41305
b11011100 .
b1010010000 9
1$
#41310
0$
#41315
b1010010001 9
b11011101 .
1$
#41320
0$
#41325
b11011110 .
b1010010010 9
1$
#41330
0$
#41335
b1010010011 9
b11011111 .
1$
#41340
0$
#41345
b11100000 .
b1010010100 9
1$
#41350
0$
#41355
b1010010101 9
b11100001 .
1$
#41360
0$
#41365
b11100010 .
b1010010110 9
1$
#41370
0$
#41375
b1010010111 9
b11100011 .
1$
#41380
0$
#41385
b11100100 .
b1010011000 9
1$
#41390
0$
#41395
b1010011001 9
b11100101 .
1$
#41400
0$
#41405
b11100110 .
b1010011010 9
1$
#41410
0$
#41415
b1010011011 9
b11100111 .
1$
#41420
0$
#41425
b11101000 .
b1010011100 9
1$
#41430
0$
#41435
b1010011101 9
b11101001 .
1$
#41440
0$
#41445
b11101010 .
b1010011110 9
1$
#41450
0$
#41455
b1010011111 9
b11101011 .
1$
#41460
0$
#41465
b11101100 .
b1010100000 9
1$
#41470
0$
#41475
b1010100001 9
b11101101 .
1$
#41480
0$
#41485
b11101110 .
b1010100010 9
1$
#41490
0$
#41495
b1010100011 9
b11101111 .
1$
#41500
0$
#41505
b11110000 .
b1010100100 9
1$
#41510
0$
#41515
b1010100101 9
b11110001 .
1$
#41520
0$
#41525
b11110010 .
b1010100110 9
1$
#41530
0$
#41535
b1010100111 9
b11110011 .
1$
#41540
0$
#41545
b11110100 .
b1010101000 9
1$
#41550
0$
#41555
b1010101001 9
b11110101 .
1$
#41560
0$
#41565
b11110110 .
b1010101010 9
1$
#41570
0$
#41575
b1010101011 9
b11110111 .
1$
#41580
0$
#41585
b11111000 .
b1010101100 9
1$
#41590
0$
#41595
b1010101101 9
b11111001 .
1$
#41600
0$
#41605
b11111010 .
b1010101110 9
1$
#41610
0$
#41615
b1010101111 9
b11111011 .
1$
#41620
0$
#41625
b11111100 .
b1010110000 9
1$
#41630
0$
#41635
b1010110001 9
b11111101 .
1$
#41640
0$
#41645
b11111110 .
b1010110010 9
1$
#41650
0$
#41655
b1010110011 9
b11111111 .
1$
#41660
0$
#41665
b100000000 .
b1010110100 9
1$
#41670
0$
#41675
b1010110101 9
b100000001 .
1$
#41680
0$
#41685
b100000010 .
b1010110110 9
1$
#41690
0$
#41695
b1010110111 9
b100000011 .
1$
#41700
0$
#41705
b100000100 .
b1010111000 9
1$
#41710
0$
#41715
b1010111001 9
b100000101 .
1$
#41720
0$
#41725
b100000110 .
b1010111010 9
1$
#41730
0$
#41735
b1010111011 9
b100000111 .
1$
#41740
0$
#41745
b100001000 .
b1010111100 9
1$
#41750
0$
#41755
b1010111101 9
b100001001 .
1$
#41760
0$
#41765
b100001010 .
b1010111110 9
1$
#41770
0$
#41775
b1010111111 9
b100001011 .
1$
#41780
0$
#41785
b100001100 .
b1011000000 9
1$
#41790
0$
#41795
b1011000001 9
b100001101 .
1$
#41800
0$
#41805
b100001110 .
b1011000010 9
1$
#41810
0$
#41815
b1011000011 9
b100001111 .
1$
#41820
0$
#41825
b100010000 .
b1011000100 9
1$
#41830
0$
#41835
b1011000101 9
b100010001 .
1$
#41840
0$
#41845
b100010010 .
b1011000110 9
1$
#41850
0$
#41855
b1011000111 9
b100010011 .
1$
#41860
0$
#41865
b100010100 .
b1011001000 9
1$
#41870
0$
#41875
b1011001001 9
b100010101 .
1$
#41880
0$
#41885
b100010110 .
b1011001010 9
1$
#41890
0$
#41895
b1011001011 9
b100010111 .
1$
#41900
0$
#41905
b100011000 .
b1011001100 9
1$
#41910
0$
#41915
b1011001101 9
b100011001 .
1$
#41920
0$
#41925
b100011010 .
b1011001110 9
1$
#41930
0$
#41935
b1011001111 9
b100011011 .
1$
#41940
0$
#41945
b100011100 .
b1011010000 9
1$
#41950
0$
#41955
b1011010001 9
b100011101 .
1$
#41960
0$
#41965
b100011110 .
b1011010010 9
1$
#41970
0$
#41975
b1011010011 9
b100011111 .
1$
#41980
0$
#41985
b100100000 .
b1011010100 9
1$
#41990
0$
#41995
b1011010101 9
b100100001 .
1$
#42000
0$
#42005
b100100010 .
b1011010110 9
1$
#42010
0$
#42015
b1011010111 9
b100100011 .
1$
#42020
0$
#42025
b100100100 .
b1011011000 9
1$
#42030
0$
#42035
b1011011001 9
b100100101 .
1$
#42040
0$
#42045
b100100110 .
b1011011010 9
1$
#42050
0$
#42055
b1011011011 9
b100100111 .
1$
#42060
0$
#42065
b100101000 .
b1011011100 9
1$
#42070
0$
#42075
b1011011101 9
b100101001 .
1$
#42080
0$
#42085
b100101010 .
b1011011110 9
1$
#42090
0$
#42095
b1011011111 9
b100101011 .
1$
#42100
0$
#42105
b100101100 .
b1011100000 9
1$
#42110
0$
#42115
b1011100001 9
b100101101 .
1$
#42120
0$
#42125
b100101110 .
b1011100010 9
1$
#42130
0$
#42135
b1011100011 9
b100101111 .
1$
#42140
0$
#42145
b100110000 .
b1011100100 9
1$
#42150
0$
#42155
b1011100101 9
b100110001 .
1$
#42160
0$
#42165
b100110010 .
b1011100110 9
1$
#42170
0$
#42175
b1011100111 9
b100110011 .
1$
#42180
0$
#42185
b100110100 .
b1011101000 9
1$
#42190
0$
#42195
b1011101001 9
b100110101 .
1$
#42200
0$
#42205
b100110110 .
b1011101010 9
1$
#42210
0$
#42215
b1011101011 9
b100110111 .
1$
#42220
0$
#42225
b100111000 .
b1011101100 9
1$
#42230
0$
#42235
b1011101101 9
b100111001 .
1$
#42240
0$
#42245
b100111010 .
b1011101110 9
1$
#42250
0$
#42255
b1011101111 9
b100111011 .
1$
#42260
0$
#42265
b100111100 .
b1011110000 9
1$
#42270
0$
#42275
b1011110001 9
b100111101 .
1$
#42280
0$
#42285
b100111110 .
b1011110010 9
1$
#42290
0$
#42295
b1011110011 9
b100111111 .
1$
#42300
0$
#42305
b101000000 .
b1011110100 9
1$
#42310
0$
#42315
b1011110101 9
b101000001 .
1$
#42320
0$
#42325
b101000010 .
b1011110110 9
1$
#42330
0$
#42335
b1011110111 9
b101000011 .
1$
#42340
0$
#42345
b101000100 .
b1011111000 9
1$
#42350
0$
#42355
b1011111001 9
b101000101 .
1$
#42360
0$
#42365
b101000110 .
b1011111010 9
1$
#42370
0$
#42375
b1011111011 9
b101000111 .
1$
#42380
0$
#42385
b101001000 .
b1011111100 9
1$
#42390
0$
#42395
b1011111101 9
b101001001 .
1$
#42400
0$
#42405
b101001010 .
b1011111110 9
1$
#42410
0$
#42415
b1011111111 9
b101001011 .
1$
#42420
0$
#42425
b101001100 .
b1100000000 9
1$
#42430
0$
#42435
b1100000001 9
b101001101 .
1$
#42440
0$
#42445
b101001110 .
b1100000010 9
1$
#42450
0$
#42455
b1100000011 9
b101001111 .
1$
#42460
0$
#42465
b101010000 .
b1100000100 9
1$
#42470
0$
#42475
b1100000101 9
b101010001 .
1$
#42480
0$
#42485
b101010010 .
b1100000110 9
1$
#42490
0$
#42495
b1100000111 9
b101010011 .
1$
#42500
0$
#42505
b101010100 .
b1100001000 9
1$
#42510
0$
#42515
b1100001001 9
b101010101 .
1$
#42520
0$
#42525
b101010110 .
b1100001010 9
1$
#42530
0$
#42535
b1100001011 9
b101010111 .
1$
#42540
0$
#42545
b101011000 .
b1100001100 9
1$
#42550
0$
#42555
b1100001101 9
b101011001 .
1$
#42560
0$
#42565
b101011010 .
b1100001110 9
1$
#42570
0$
#42575
b1100001111 9
b101011011 .
1$
#42580
0$
#42585
b101011100 .
b1100010000 9
1$
#42590
0$
#42595
b1100010001 9
b101011101 .
1$
#42600
0$
#42605
b101011110 .
b1100010010 9
1$
#42610
0$
#42615
b1100010011 9
b101011111 .
1$
#42620
0$
#42625
b101100000 .
b1100010100 9
1$
#42630
0$
#42635
b1100010101 9
b101100001 .
1$
#42640
0$
#42645
b101100010 .
b1100010110 9
1$
#42650
0$
#42655
b1100010111 9
b101100011 .
1$
#42660
0$
#42665
b101100100 .
b1100011000 9
1$
#42670
0$
#42675
b1100011001 9
b101100101 .
1$
#42680
0$
#42685
b101100110 .
b1100011010 9
1$
#42690
0$
#42695
b1100011011 9
b101100111 .
1$
#42700
0$
#42705
b101101000 .
b1100011100 9
1$
#42710
0$
#42715
b1100011101 9
b101101001 .
1$
#42720
0$
#42725
b101101010 .
b1100011110 9
1$
#42730
0$
#42735
b1100011111 9
b101101011 .
1$
#42740
0$
#42745
b101101100 .
b1100100000 9
1$
#42750
0$
#42755
b1100100001 9
b101101101 .
1$
#42760
0$
#42765
b101101110 .
b1100100010 9
1$
#42770
0$
#42775
b1100100011 9
b101101111 .
1$
#42780
0$
#42785
b101110000 .
b1100100100 9
1$
#42790
0$
#42795
b1100100101 9
b101110001 .
1$
#42800
0$
#42805
b101110010 .
b1100100110 9
1$
#42810
0$
#42815
b1100100111 9
b101110011 .
1$
#42820
0$
#42825
b101110100 .
b1100101000 9
1$
#42830
0$
#42835
b1100101001 9
b101110101 .
1$
#42840
0$
#42845
b101110110 .
b1100101010 9
1$
#42850
0$
#42855
b1100101011 9
b101110111 .
1$
#42860
0$
#42865
b101111000 .
b1100101100 9
1$
#42870
0$
#42875
b1100101101 9
b101111001 .
1$
#42880
0$
#42885
b101111010 .
b1100101110 9
1$
#42890
0$
#42895
b1100101111 9
b101111011 .
1$
#42900
0$
#42905
b101111100 .
b1100110000 9
1$
#42910
0$
#42915
b1100110001 9
b101111101 .
1$
#42920
0$
#42925
b101111110 .
b1100110010 9
1$
#42930
0$
#42935
b1100110011 9
b101111111 .
1$
#42940
0$
#42945
b110000000 .
b1100110100 9
1$
#42950
0$
#42955
b1100110101 9
b110000001 .
1$
#42960
0$
#42965
b110000010 .
b1100110110 9
1$
#42970
0$
#42975
b1100110111 9
b110000011 .
1$
#42980
0$
#42985
b110000100 .
b1100111000 9
1$
#42990
0$
#42995
b1100111001 9
b110000101 .
1$
#43000
0$
#43005
b110000110 .
b1100111010 9
1$
#43010
0$
#43015
b1100111011 9
b110000111 .
1$
#43020
0$
#43025
b110001000 .
b1100111100 9
1$
#43030
0$
#43035
b1100111101 9
b110001001 .
1$
#43040
0$
#43045
b110001010 .
b1100111110 9
1$
#43050
0$
#43055
b1100111111 9
b110001011 .
1$
#43060
0$
#43065
b110001100 .
b1101000000 9
1$
#43070
0$
#43075
b1101000001 9
b110001101 .
1$
#43080
0$
#43085
b110001110 .
b1101000010 9
1$
#43090
0$
#43095
b1101000011 9
b110001111 .
1$
#43100
0$
#43105
b110010000 .
b1101000100 9
1$
#43110
0$
#43115
b1101000101 9
b110010001 .
1$
#43120
0$
#43125
b110010010 .
b1101000110 9
1$
#43130
0$
#43135
b1101000111 9
b110010011 .
1$
#43140
0$
#43145
b110010100 .
b1101001000 9
1$
#43150
0$
#43155
b1101001001 9
b110010101 .
1$
#43160
0$
#43165
b110010110 .
b1101001010 9
1$
#43170
0$
#43175
b1101001011 9
b110010111 .
1$
#43180
0$
#43185
b110011000 .
b1101001100 9
1$
#43190
0$
#43195
b1101001101 9
b110011001 .
1$
#43200
0$
#43205
b110011010 .
b1101001110 9
1$
#43210
0$
#43215
b1101001111 9
b110011011 .
1$
#43220
0$
#43225
b110011100 .
b1101010000 9
1$
#43230
0$
#43235
b1101010001 9
b110011101 .
1$
#43240
0$
#43245
b110011110 .
b1101010010 9
1$
#43250
0$
#43255
b1101010011 9
b110011111 .
1$
#43260
0$
#43265
b110100000 .
b1101010100 9
1$
#43270
0$
#43275
b1101010101 9
b110100001 .
1$
#43280
0$
#43285
b110100010 .
b1101010110 9
1$
#43290
0$
#43295
b1101010111 9
b110100011 .
1$
#43300
0$
#43305
b110100100 .
b1101011000 9
1$
#43310
0$
#43315
b1101011001 9
b110100101 .
1$
#43320
0$
#43325
b110100110 .
b1101011010 9
1$
#43330
0$
#43335
b1101011011 9
b110100111 .
1$
#43340
0$
#43345
b110101000 .
b1101011100 9
1$
#43350
0$
#43355
b1101011101 9
b110101001 .
1$
#43360
0$
#43365
b110101010 .
b1101011110 9
1$
#43370
0$
#43375
b1101011111 9
b110101011 .
1$
#43380
0$
#43385
b110101100 .
b1101100000 9
1$
#43390
0$
#43395
b1101100001 9
b110101101 .
1$
#43400
0$
#43405
b110101110 .
b1101100010 9
1$
#43410
0$
#43415
b1101100011 9
b110101111 .
1$
#43420
0$
#43425
b110110000 .
b100 8
b0 9
1$
#43430
0$
#43435
b1 9
0!
b110110001 .
1$
#43440
0$
#43445
b110110010 .
b10 9
1$
#43450
0$
#43455
b11 9
b110110011 .
1$
#43460
0$
#43465
b110110100 .
b100 9
1$
#43470
0$
#43475
b101 9
b110110101 .
1$
#43480
0$
#43485
b110110110 .
b110 9
1$
#43490
0$
#43495
b111 9
b110110111 .
1$
#43500
0$
#43505
b110111000 .
b1000 9
1$
#43510
0$
#43515
b1001 9
b110111001 .
1$
#43520
0$
#43525
b110111010 .
b1010 9
1$
#43530
0$
#43535
b1011 9
b110111011 .
1$
#43540
0$
#43545
b110111100 .
b1100 9
1$
#43550
0$
#43555
b1101 9
b110111101 .
1$
#43560
0$
#43565
b110111110 .
b1110 9
1$
#43570
0$
#43575
b1111 9
b110111111 .
1$
#43580
0$
#43585
b111000000 .
b10000 9
1$
#43590
0$
#43595
b10001 9
b111000001 .
1$
#43600
0$
#43605
b111000010 .
b10010 9
1$
#43610
0$
#43615
b10011 9
b111000011 .
1$
#43620
0$
#43625
b111000100 .
b10100 9
1$
#43630
0$
#43635
b10101 9
b111000101 .
1$
#43640
0$
#43645
b111000110 .
b10110 9
1$
#43650
0$
#43655
b10111 9
b111000111 .
1$
#43660
0$
#43665
b111001000 .
b11000 9
1$
#43670
0$
#43675
b11001 9
b111001001 .
1$
#43680
0$
#43685
b111001010 .
b11010 9
1$
#43690
0$
#43695
b11011 9
b111001011 .
1$
#43700
0$
#43705
b111001100 .
b11100 9
1$
#43710
0$
#43715
b11101 9
b111001101 .
1$
#43720
0$
#43725
b111001110 .
b11110 9
1$
#43730
0$
#43735
b11111 9
b111001111 .
1$
#43740
0$
#43745
b111010000 .
b100000 9
1$
#43750
0$
#43755
b100001 9
b111010001 .
1$
#43760
0$
#43765
b111010010 .
b100010 9
1$
#43770
0$
#43775
b100011 9
b111010011 .
1$
#43780
0$
#43785
b111010100 .
b100100 9
1$
#43790
0$
#43795
b100101 9
b111010101 .
1$
#43800
0$
#43805
b111010110 .
b100110 9
1$
#43810
0$
#43815
b100111 9
b111010111 .
1$
#43820
0$
#43825
b111011000 .
b101000 9
1$
#43830
0$
#43835
b101001 9
b111011001 .
1$
#43840
0$
#43845
b111011010 .
b101010 9
1$
#43850
0$
#43855
b101011 9
b111011011 .
1$
#43860
0$
#43865
b111011100 .
b101100 9
1$
#43870
0$
#43875
b101101 9
b111011101 .
1$
#43880
0$
#43885
b111011110 .
b101110 9
1$
#43890
0$
#43895
b101111 9
b111011111 .
1$
#43900
0$
#43905
b111100000 .
b110000 9
1$
#43910
0$
#43915
b110001 9
b111100001 .
1$
#43920
0$
#43925
b111100010 .
b110010 9
1$
#43930
0$
#43935
b110011 9
b111100011 .
1$
#43940
0$
#43945
b111100100 .
b110100 9
1$
#43950
0$
#43955
b110101 9
b111100101 .
1$
#43960
0$
#43965
b111100110 .
b110110 9
1$
#43970
0$
#43975
b110111 9
b111100111 .
1$
#43980
0$
#43985
b111101000 .
b111000 9
1$
#43990
0$
#43995
b111001 9
b111101001 .
1$
#44000
0$
#44005
b111101010 .
b111010 9
1$
#44010
0$
#44015
b111011 9
b111101011 .
1$
#44020
0$
#44025
b111101100 .
b111100 9
1$
#44030
0$
#44035
b111101 9
b111101101 .
1$
#44040
0$
#44045
b111101110 .
b111110 9
1$
#44050
0$
#44055
b111111 9
b111101111 .
1$
#44060
0$
#44065
b111110000 .
b1000000 9
1$
#44070
0$
#44075
b1000001 9
b111110001 .
1$
#44080
0$
#44085
b111110010 .
b1000010 9
1$
#44090
0$
#44095
b1000011 9
b111110011 .
1$
#44100
0$
#44105
b111110100 .
b1000100 9
1$
#44110
0$
#44115
b1000101 9
b111110101 .
1$
#44120
0$
#44125
b111110110 .
b1000110 9
1$
#44130
0$
#44135
b1000111 9
b111110111 .
1$
#44140
0$
#44145
b111111000 .
b1001000 9
1$
#44150
0$
#44155
b1001001 9
b111111001 .
1$
#44160
0$
#44165
b111111010 .
b1001010 9
1$
#44170
0$
#44175
b1001011 9
b111111011 .
1$
#44180
0$
#44185
b111111100 .
b1001100 9
1$
#44190
0$
#44195
b1001101 9
b111111101 .
1$
#44200
0$
#44205
b111111110 .
b1001110 9
1$
#44210
0$
#44215
b1001111 9
b111111111 .
1$
#44220
0$
#44225
b1000000000 .
b1010000 9
1$
#44230
0$
#44235
b1010001 9
b1000000001 .
1$
#44240
0$
#44245
b1000000010 .
b1010010 9
1$
#44250
0$
#44255
b1010011 9
b1000000011 .
1$
#44260
0$
#44265
b1000000100 .
b1010100 9
1$
#44270
0$
#44275
b1010101 9
b1000000101 .
1$
#44280
0$
#44285
b1000000110 .
b1010110 9
1$
#44290
0$
#44295
b1010111 9
b1000000111 .
1$
#44300
0$
#44305
b1000001000 .
b1011000 9
1$
#44310
0$
#44315
b1011001 9
b1000001001 .
1$
#44320
0$
#44325
b1000001010 .
b1011010 9
1$
#44330
0$
#44335
b1011011 9
b1000001011 .
1$
#44340
0$
#44345
b1000001100 .
b1011100 9
1$
#44350
0$
#44355
b1011101 9
b1000001101 .
1$
#44360
0$
#44365
b1000001110 .
b1011110 9
1$
#44370
0$
#44375
b1011111 9
b1000001111 .
1$
#44380
0$
#44385
b1000010000 .
b1100000 9
1$
#44390
0$
#44395
b1100001 9
b1000010001 .
1$
#44400
0$
#44405
b1000010010 .
b1100010 9
1$
#44410
0$
#44415
b1100011 9
b1000010011 .
1$
#44420
0$
#44425
b1000010100 .
b1100100 9
1$
#44430
0$
#44435
b1100101 9
b1000010101 .
1$
#44440
0$
#44445
b1000010110 .
b1100110 9
1$
#44450
0$
#44455
b1100111 9
b1000010111 .
1$
#44460
0$
#44465
b1000011000 .
b1101000 9
1$
#44470
0$
#44475
b1101001 9
b1000011001 .
1$
#44480
0$
#44485
b1000011010 .
b1101010 9
1$
#44490
0$
#44495
b1101011 9
b1000011011 .
1$
#44500
0$
#44505
b1000011100 .
b1101100 9
1$
#44510
0$
#44515
b1101101 9
b1000011101 .
1$
#44520
0$
#44525
b1000011110 .
b1101110 9
1$
#44530
0$
#44535
b1101111 9
b1000011111 .
1$
#44540
0$
#44545
b1000100000 .
b1110000 9
1$
#44550
0$
#44555
b1110001 9
b1000100001 .
1$
#44560
0$
#44565
b1000100010 .
b1110010 9
1$
#44570
0$
#44575
b1110011 9
b1000100011 .
1$
#44580
0$
#44585
b1000100100 .
b1110100 9
1$
#44590
0$
#44595
b1110101 9
b1000100101 .
1$
#44600
0$
#44605
b1000100110 .
b1110110 9
1$
#44610
0$
#44615
b1110111 9
b1000100111 .
1$
#44620
0$
#44625
b1000101000 .
b1111000 9
1$
#44630
0$
#44635
b1111001 9
b1000101001 .
1$
#44640
0$
#44645
b1000101010 .
b1111010 9
1$
#44650
0$
#44655
b1111011 9
b1000101011 .
1$
#44660
0$
#44665
b1000101100 .
b1111100 9
1$
#44670
0$
#44675
b1111101 9
b1000101101 .
1$
#44680
0$
#44685
b1000101110 .
b1111110 9
1$
#44690
0$
#44695
b1111111 9
b1000101111 .
1$
#44700
0$
#44705
b1000110000 .
b10000000 9
1$
#44710
0$
#44715
b10000001 9
b1000110001 .
1$
#44720
0$
#44725
b1000110010 .
b10000010 9
1$
#44730
0$
#44735
b10000011 9
b1000110011 .
1$
#44740
0$
#44745
b1000110100 .
b10000100 9
1$
#44750
0$
#44755
b10000101 9
b1000110101 .
1$
#44760
0$
#44765
b1000110110 .
b10000110 9
1$
#44770
0$
#44775
b10000111 9
b1000110111 .
1$
#44780
0$
#44785
b1000111000 .
b10001000 9
1$
#44790
0$
#44795
b10001001 9
b1000111001 .
1$
#44800
0$
#44805
b1000111010 .
b10001010 9
1$
#44810
0$
#44815
b10001011 9
b1000111011 .
1$
#44820
0$
#44825
b1000111100 .
b10001100 9
1$
#44830
0$
#44835
b10001101 9
b1000111101 .
1$
#44840
0$
#44845
b1000111110 .
b10001110 9
1$
#44850
0$
#44855
b10001111 9
b1000111111 .
1$
#44860
0$
#44865
b1001000000 .
b10010000 9
1$
#44870
0$
#44875
b10010001 9
b1001000001 .
1$
#44880
0$
#44885
b1001000010 .
b10010010 9
1$
#44890
0$
#44895
b10010011 9
b1001000011 .
1$
#44900
0$
#44905
b1001000100 .
b10010100 9
1$
#44910
0$
#44915
b10010101 9
b1001000101 .
1$
#44920
0$
#44925
b1001000110 .
b10010110 9
1$
#44930
0$
#44935
b10010111 9
b1001000111 .
1$
#44940
0$
#44945
b1001001000 .
b10011000 9
1$
#44950
0$
#44955
b10011001 9
b1001001001 .
1$
#44960
0$
#44965
b1001001010 .
b10011010 9
1$
#44970
0$
#44975
b10011011 9
b1001001011 .
1$
#44980
0$
#44985
b1001001100 .
b10011100 9
1$
#44990
0$
#44995
b10011101 9
b1001001101 .
1$
#45000
0$
#45005
b1001001110 .
b10011110 9
1$
#45010
0$
#45015
b10011111 9
b1001001111 .
1$
#45020
0$
#45025
b1001010000 .
b10100000 9
1$
#45030
0$
#45035
b10100001 9
b1001010001 .
1$
#45040
0$
#45045
b1001010010 .
b10100010 9
1$
#45050
0$
#45055
b10100011 9
b1001010011 .
1$
#45060
0$
#45065
b1001010100 .
b10100100 9
1$
#45070
0$
#45075
b10100101 9
b1001010101 .
1$
#45080
0$
#45085
b1001010110 .
b10100110 9
1$
#45090
0$
#45095
b10100111 9
b1001010111 .
1$
#45100
0$
#45105
b1001011000 .
b10101000 9
1$
#45110
0$
#45115
b10101001 9
b1001011001 .
1$
#45120
0$
#45125
b1001011010 .
b10101010 9
1$
#45130
0$
#45135
b10101011 9
b1001011011 .
1$
#45140
0$
#45145
b1001011100 .
b10101100 9
1$
#45150
0$
#45155
b10101101 9
b1001011101 .
1$
#45160
0$
#45165
b1001011110 .
b10101110 9
1$
#45170
0$
#45175
b10101111 9
b1001011111 .
1$
#45180
0$
#45185
b1001100000 .
b10110000 9
1$
#45190
0$
#45195
b10110001 9
b1001100001 .
1$
#45200
0$
#45205
b1001100010 .
b10110010 9
1$
#45210
0$
#45215
b10110011 9
b1001100011 .
1$
#45220
0$
#45225
b1001100100 .
b10110100 9
1$
#45230
0$
#45235
b10110101 9
b1001100101 .
1$
#45240
0$
#45245
b1001100110 .
b10110110 9
1$
#45250
0$
#45255
b10110111 9
b1001100111 .
1$
#45260
0$
#45265
b1001101000 .
b10111000 9
1$
#45270
0$
#45275
b10111001 9
b1001101001 .
1$
#45280
0$
#45285
b1001101010 .
b10111010 9
1$
#45290
0$
#45295
b10111011 9
b1001101011 .
1$
#45300
0$
#45305
b1001101100 .
b10111100 9
1$
#45310
0$
#45315
b10111101 9
b1001101101 .
1$
#45320
0$
#45325
b1001101110 .
b10111110 9
1$
#45330
0$
#45335
b10111111 9
b1001101111 .
1$
#45340
0$
#45345
b1001110000 .
b11000000 9
1$
#45350
0$
#45355
b11000001 9
b1001110001 .
1$
#45360
0$
#45365
b1001110010 .
b11000010 9
1$
#45370
0$
#45375
b11000011 9
b1001110011 .
1$
#45380
0$
#45385
b1001110100 .
b11000100 9
1$
#45390
0$
#45395
b11000101 9
b1001110101 .
1$
#45400
0$
#45405
b1001110110 .
b11000110 9
1$
#45410
0$
#45415
b11000111 9
b1001110111 .
1$
#45420
0$
#45425
b1001111000 .
b11001000 9
1$
#45430
0$
#45435
b11001001 9
b1001111001 .
1$
#45440
0$
#45445
b1001111010 .
b11001010 9
1$
#45450
0$
#45455
b11001011 9
b1001111011 .
1$
#45460
0$
#45465
b1001111100 .
b11001100 9
1$
#45470
0$
#45475
b11001101 9
b1001111101 .
1$
#45480
0$
#45485
b1001111110 .
b11001110 9
1$
#45490
0$
#45495
b11001111 9
b1001111111 .
1$
#45500
0$
#45505
b1010000000 .
b11010000 9
1$
#45510
0$
#45515
b11010001 9
b1010000001 .
1$
#45520
0$
#45525
b1010000010 .
b11010010 9
1$
#45530
0$
#45535
b11010011 9
b1010000011 .
1$
#45540
0$
#45545
b1010000100 .
b11010100 9
1$
#45550
0$
#45555
b11010101 9
b1010000101 .
1$
#45560
0$
#45565
b1010000110 .
b11010110 9
1$
#45570
0$
#45575
b11010111 9
b1010000111 .
1$
#45580
0$
#45585
b1010001000 .
b11011000 9
1$
#45590
0$
#45595
b11011001 9
b1010001001 .
1$
#45600
0$
#45605
b1010001010 .
b11011010 9
1$
#45610
0$
#45615
b11011011 9
b1010001011 .
1$
#45620
0$
#45625
b1010001100 .
b11011100 9
1$
#45630
0$
#45635
b11011101 9
b1010001101 .
1$
#45640
0$
#45645
b1010001110 .
b11011110 9
1$
#45650
0$
#45655
b11011111 9
b1010001111 .
1$
#45660
0$
#45665
b1010010000 .
b11100000 9
1$
#45670
0$
#45675
b11100001 9
b1010010001 .
1$
#45680
0$
#45685
b1010010010 .
b11100010 9
1$
#45690
0$
#45695
b11100011 9
b1010010011 .
1$
#45700
0$
#45705
b1010010100 .
b11100100 9
1$
#45710
0$
#45715
b11100101 9
b1010010101 .
1$
#45720
0$
#45725
b1010010110 .
b11100110 9
1$
#45730
0$
#45735
b11100111 9
b1010010111 .
1$
#45740
0$
#45745
b1010011000 .
b11101000 9
1$
#45750
0$
#45755
b11101001 9
b1010011001 .
1$
#45760
0$
#45765
b1010011010 .
b11101010 9
1$
#45770
0$
#45775
b11101011 9
b1010011011 .
1$
#45780
0$
#45785
b1010011100 .
b11101100 9
1$
#45790
0$
#45795
b11101101 9
b1010011101 .
1$
#45800
0$
#45805
b1010011110 .
b11101110 9
1$
#45810
0$
#45815
b11101111 9
b1010011111 .
1$
#45820
0$
#45825
b1010100000 .
b11110000 9
1$
#45830
0$
#45835
b11110001 9
b1010100001 .
1$
#45840
0$
#45845
b1010100010 .
b11110010 9
1$
#45850
0$
#45855
b11110011 9
b1010100011 .
1$
#45860
0$
#45865
b1010100100 .
b11110100 9
1$
#45870
0$
#45875
b11110101 9
b1010100101 .
1$
#45880
0$
#45885
b1010100110 .
b11110110 9
1$
#45890
0$
#45895
b11110111 9
b1010100111 .
1$
#45900
0$
#45905
b1010101000 .
b11111000 9
1$
#45910
0$
#45915
b11111001 9
b1010101001 .
1$
#45920
0$
#45925
b1010101010 .
b11111010 9
1$
#45930
0$
#45935
b11111011 9
b1010101011 .
1$
#45940
0$
#45945
b1010101100 .
b11111100 9
1$
#45950
0$
#45955
b11111101 9
b1010101101 .
1$
#45960
0$
#45965
b1010101110 .
b11111110 9
1$
#45970
0$
#45975
b11111111 9
b1010101111 .
1$
#45980
0$
#45985
b1010110000 .
b100000000 9
1$
#45990
0$
#45995
b100000001 9
b1010110001 .
1$
#46000
0$
#46005
b1010110010 .
b100000010 9
1$
#46010
0$
#46015
b100000011 9
b1010110011 .
1$
#46020
0$
#46025
b1010110100 .
b100000100 9
1$
#46030
0$
#46035
b100000101 9
b1010110101 .
1$
#46040
0$
#46045
b1010110110 .
b100000110 9
1$
#46050
0$
#46055
b100000111 9
b1010110111 .
1$
#46060
0$
#46065
b1010111000 .
b100001000 9
1$
#46070
0$
#46075
b100001001 9
b1010111001 .
1$
#46080
0$
#46085
b1010111010 .
b100001010 9
1$
#46090
0$
#46095
b100001011 9
b1010111011 .
1$
#46100
0$
#46105
b1010111100 .
b100001100 9
1$
#46110
0$
#46115
b100001101 9
b1010111101 .
1$
#46120
0$
#46125
b1010111110 .
b100001110 9
1$
#46130
0$
#46135
b100001111 9
b1010111111 .
1$
#46140
0$
#46145
b1011000000 .
b100010000 9
1$
#46150
0$
#46155
b100010001 9
b1011000001 .
1$
#46160
0$
#46165
b1011000010 .
b100010010 9
1$
#46170
0$
#46175
b100010011 9
b1011000011 .
1$
#46180
0$
#46185
b1011000100 .
b100010100 9
1$
#46190
0$
#46195
b100010101 9
b1011000101 .
1$
#46200
0$
#46205
b1011000110 .
b100010110 9
1$
#46210
0$
#46215
b100010111 9
b1011000111 .
1$
#46220
0$
#46225
b1011001000 .
b100011000 9
1$
#46230
0$
#46235
b100011001 9
b1011001001 .
1$
#46240
0$
#46245
b1011001010 .
b100011010 9
1$
#46250
0$
#46255
b100011011 9
b1011001011 .
1$
#46260
0$
#46265
b1011001100 .
b100011100 9
1$
#46270
0$
#46275
b100011101 9
b1011001101 .
1$
#46280
0$
#46285
b1011001110 .
b100011110 9
1$
#46290
0$
#46295
b100011111 9
b1011001111 .
1$
#46300
0$
#46305
b1011010000 .
b100100000 9
1$
#46310
0$
#46315
b100100001 9
b1011010001 .
1$
#46320
0$
#46325
b1011010010 .
b100100010 9
1$
#46330
0$
#46335
b100100011 9
b1011010011 .
1$
#46340
0$
#46345
b1011010100 .
b100100100 9
1$
#46350
0$
#46355
b100100101 9
b1011010101 .
1$
#46360
0$
#46365
b1011010110 .
b100100110 9
1$
#46370
0$
#46375
b100100111 9
b1011010111 .
1$
#46380
0$
#46385
b1011011000 .
b100101000 9
1$
#46390
0$
#46395
b100101001 9
b1011011001 .
1$
#46400
0$
#46405
b1011011010 .
b100101010 9
1$
#46410
0$
#46415
b100101011 9
b1011011011 .
1$
#46420
0$
#46425
b1011011100 .
b100101100 9
1$
#46430
0$
#46435
b100101101 9
b1011011101 .
1$
#46440
0$
#46445
b1011011110 .
b100101110 9
1$
#46450
0$
#46455
b100101111 9
b1011011111 .
1$
#46460
0$
#46465
b1011100000 .
b100110000 9
1$
#46470
0$
#46475
b100110001 9
b1011100001 .
1$
#46480
0$
#46485
b1011100010 .
b100110010 9
1$
#46490
0$
#46495
b100110011 9
b1011100011 .
1$
#46500
0$
#46505
b1011100100 .
b100110100 9
1$
#46510
0$
#46515
b100110101 9
b1011100101 .
1$
#46520
0$
#46525
b1011100110 .
b100110110 9
1$
#46530
0$
#46535
b100110111 9
b1011100111 .
1$
#46540
0$
#46545
b1011101000 .
b100111000 9
1$
#46550
0$
#46555
b100111001 9
b1011101001 .
1$
#46560
0$
#46565
b1011101010 .
b100111010 9
1$
#46570
0$
#46575
b100111011 9
b1011101011 .
1$
#46580
0$
#46585
b1011101100 .
b100111100 9
1$
#46590
0$
#46595
b100111101 9
b1011101101 .
1$
#46600
0$
#46605
b1011101110 .
b100111110 9
1$
#46610
0$
#46615
b100111111 9
b1011101111 .
1$
#46620
0$
#46625
b1011110000 .
b101000000 9
1$
#46630
0$
#46635
b101000001 9
b1011110001 .
1$
#46640
0$
#46645
b1011110010 .
b101000010 9
1$
#46650
0$
#46655
b101000011 9
b1011110011 .
1$
#46660
0$
#46665
b1011110100 .
b101000100 9
1$
#46670
0$
#46675
b101000101 9
b1011110101 .
1$
#46680
0$
#46685
b1011110110 .
b101000110 9
1$
#46690
0$
#46695
b101000111 9
b1011110111 .
1$
#46700
0$
#46705
b1011111000 .
b101001000 9
1$
#46710
0$
#46715
b101001001 9
b1011111001 .
1$
#46720
0$
#46725
b1011111010 .
b101001010 9
1$
#46730
0$
#46735
b101001011 9
b1011111011 .
1$
#46740
0$
#46745
b1011111100 .
b101001100 9
1$
#46750
0$
#46755
b101001101 9
b1011111101 .
1$
#46760
0$
#46765
b1011111110 .
b101001110 9
1$
#46770
0$
#46775
b101001111 9
b1011111111 .
1$
#46780
0$
#46785
b1100000000 .
b101010000 9
1$
#46790
0$
#46795
b101010001 9
b1100000001 .
1$
#46800
0$
#46805
b1100000010 .
b101010010 9
1$
#46810
0$
#46815
b101010011 9
b1100000011 .
1$
#46820
0$
#46825
b1100000100 .
b101010100 9
1$
#46830
0$
#46835
b101010101 9
b1100000101 .
1$
#46840
0$
#46845
b1100000110 .
b101010110 9
1$
#46850
0$
#46855
b101010111 9
b1100000111 .
1$
#46860
0$
#46865
b1100001000 .
b101011000 9
1$
#46870
0$
#46875
b101011001 9
b1100001001 .
1$
#46880
0$
#46885
b1100001010 .
b101011010 9
1$
#46890
0$
#46895
b101011011 9
b1100001011 .
1$
#46900
0$
#46905
b1100001100 .
b101011100 9
1$
#46910
0$
#46915
b101011101 9
b1100001101 .
1$
#46920
0$
#46925
b1100001110 .
b101011110 9
1$
#46930
0$
#46935
b101011111 9
b1100001111 .
1$
#46940
0$
#46945
b1100010000 .
b101100000 9
1$
#46950
0$
#46955
b101100001 9
b1100010001 .
1$
#46960
0$
#46965
b1100010010 .
b101100010 9
1$
#46970
0$
#46975
b101100011 9
b1100010011 .
1$
#46980
0$
#46985
b1100010100 .
b101100100 9
1$
#46990
0$
#46995
b101100101 9
b1100010101 .
1$
#47000
0$
#47005
b1100010110 .
b101100110 9
1$
#47010
0$
#47015
b101100111 9
b1100010111 .
1$
#47020
0$
#47025
b1100011000 .
b101101000 9
1$
#47030
0$
#47035
b101101001 9
b1100011001 .
1$
#47040
0$
#47045
b1100011010 .
b101101010 9
1$
#47050
0$
#47055
b101101011 9
b1100011011 .
1$
#47060
0$
#47065
b1100011100 .
b101101100 9
1$
#47070
0$
#47075
b101101101 9
b1100011101 .
1$
#47080
0$
#47085
b1100011110 .
b101101110 9
1$
#47090
0$
#47095
b101101111 9
b1100011111 .
1$
#47100
0$
#47105
b1100100000 .
b101110000 9
1$
#47110
0$
#47115
b101110001 9
b1100100001 .
1$
#47120
0$
#47125
b1100100010 .
b101110010 9
1$
#47130
0$
#47135
b101110011 9
b1100100011 .
1$
#47140
0$
#47145
b1100100100 .
b101110100 9
1$
#47150
0$
#47155
b101110101 9
b1100100101 .
1$
#47160
0$
#47165
b1100100110 .
b101110110 9
1$
#47170
0$
#47175
b101110111 9
b1100100111 .
1$
#47180
0$
#47185
b1100101000 .
b101111000 9
1$
#47190
0$
#47195
b101111001 9
b1100101001 .
1$
#47200
0$
#47205
b1100101010 .
b101111010 9
1$
#47210
0$
#47215
b101111011 9
b1100101011 .
1$
#47220
0$
#47225
b1100101100 .
b101111100 9
1$
#47230
0$
#47235
b101111101 9
b1100101101 .
1$
#47240
0$
#47245
b1100101110 .
b101111110 9
1$
#47250
0$
#47255
b101111111 9
b1100101111 .
1$
#47260
0$
#47265
b1100110000 .
b110000000 9
1$
#47270
0$
#47275
b110000001 9
b1100110001 .
1$
#47280
0$
#47285
b1100110010 .
b110000010 9
1$
#47290
0$
#47295
b110000011 9
b1100110011 .
1$
#47300
0$
#47305
b1100110100 .
b110000100 9
1$
#47310
0$
#47315
b110000101 9
b1100110101 .
1$
#47320
0$
#47325
b1100110110 .
b110000110 9
1$
#47330
0$
#47335
b110000111 9
b1100110111 .
1$
#47340
0$
#47345
b1100111000 .
b110001000 9
1$
#47350
0$
#47355
b110001001 9
b1100111001 .
1$
#47360
0$
#47365
b1100111010 .
b110001010 9
1$
#47370
0$
#47375
b110001011 9
b1100111011 .
1$
#47380
0$
#47385
b1100111100 .
b110001100 9
1$
#47390
0$
#47395
b110001101 9
b1100111101 .
1$
#47400
0$
#47405
b1100111110 .
b110001110 9
1$
#47410
0$
#47415
b110001111 9
b1100111111 .
1$
#47420
0$
#47425
b1101000000 .
b110010000 9
1$
#47430
0$
#47435
b110010001 9
b1101000001 .
1$
#47440
0$
#47445
b1101000010 .
b110010010 9
1$
#47450
0$
#47455
b110010011 9
b1101000011 .
1$
#47460
0$
#47465
b1101000100 .
b110010100 9
1$
#47470
0$
#47475
b110010101 9
b1101000101 .
1$
#47480
0$
#47485
b1101000110 .
b110010110 9
1$
#47490
0$
#47495
b110010111 9
b1101000111 .
1$
#47500
0$
#47505
b1101001000 .
b110011000 9
1$
#47510
0$
#47515
b110011001 9
b1101001001 .
1$
#47520
0$
#47525
b1101001010 .
b110011010 9
1$
#47530
0$
#47535
b110011011 9
b1101001011 .
1$
#47540
0$
#47545
b1101001100 .
b110011100 9
1$
#47550
0$
#47555
b110011101 9
b1101001101 .
1$
#47560
0$
#47565
b1101001110 .
b110011110 9
1$
#47570
0$
#47575
b110011111 9
b1101001111 .
1$
#47580
0$
#47585
b1101010000 .
b110100000 9
1$
#47590
0$
#47595
b110100001 9
b1101010001 .
1$
#47600
0$
#47605
b1101010010 .
b110100010 9
1$
#47610
0$
#47615
b110100011 9
b1101010011 .
1$
#47620
0$
#47625
b1101010100 .
b110100100 9
1$
#47630
0$
#47635
b110100101 9
b1101010101 .
1$
#47640
0$
#47645
b1101010110 .
b110100110 9
1$
#47650
0$
#47655
b110100111 9
b1101010111 .
1$
#47660
0$
#47665
b1101011000 .
b110101000 9
1$
#47670
0$
#47675
b110101001 9
b1101011001 .
1$
#47680
0$
#47685
b1101011010 .
b110101010 9
1$
#47690
0$
#47695
b110101011 9
b1101011011 .
1$
#47700
0$
#47705
b1101011100 .
b110101100 9
1$
#47710
0$
#47715
b110101101 9
b1101011101 .
1$
#47720
0$
#47725
b1101011110 .
b110101110 9
1$
#47730
0$
#47735
b110101111 9
b1101011111 .
1$
#47740
0$
#47745
b1101100000 .
b110110000 9
1$
#47750
0$
#47755
b110110001 9
b1101100001 .
1$
#47760
0$
#47765
b1101100010 .
b110110010 9
1$
#47770
0$
#47775
b110110011 9
b1101100011 .
1$
#47780
0$
#47785
b101 -
b0 .
b110110100 9
1$
#47790
0$
#47795
b110110101 9
b1 .
1$
#47800
0$
#47805
b10 .
b110110110 9
1$
#47810
0$
#47815
b110110111 9
b11 .
1$
#47820
0$
#47825
b100 .
b110111000 9
1$
#47830
0$
#47835
b110111001 9
b101 .
1$
#47840
0$
#47845
b110 .
b110111010 9
1$
#47850
0$
#47855
b110111011 9
b111 .
1$
#47860
0$
#47865
b1000 .
b110111100 9
1$
#47870
0$
#47875
b110111101 9
b1001 .
1$
#47880
0$
#47885
b1010 .
b110111110 9
1$
#47890
0$
#47895
b110111111 9
b1011 .
1$
#47900
0$
#47905
b1100 .
b111000000 9
1$
#47910
0$
#47915
b111000001 9
b1101 .
1$
#47920
0$
#47925
b1110 .
b111000010 9
1$
#47930
0$
#47935
b111000011 9
b1111 .
1$
#47940
0$
#47945
b10000 .
b111000100 9
1$
#47950
0$
#47955
b111000101 9
b10001 .
1$
#47960
0$
#47965
b10010 .
b111000110 9
1$
#47970
0$
#47975
b111000111 9
b10011 .
1$
#47980
0$
#47985
b10100 .
b111001000 9
1$
#47990
0$
#47995
b111001001 9
b10101 .
1$
#48000
0$
#48005
b10110 .
b111001010 9
1$
#48010
0$
#48015
b111001011 9
b10111 .
1$
#48020
0$
#48025
b11000 .
b111001100 9
1$
#48030
0$
#48035
b111001101 9
b11001 .
1$
#48040
0$
#48045
b11010 .
b111001110 9
1$
#48050
0$
#48055
b111001111 9
b11011 .
1$
#48060
0$
#48065
b11100 .
b111010000 9
1$
#48070
0$
#48075
b111010001 9
b11101 .
1$
#48080
0$
#48085
b11110 .
b111010010 9
1$
#48090
0$
#48095
b111010011 9
b11111 .
1$
#48100
0$
#48105
b100000 .
b111010100 9
1$
#48110
0$
#48115
b111010101 9
b100001 .
1$
#48120
0$
#48125
b100010 .
b111010110 9
1$
#48130
0$
#48135
b111010111 9
b100011 .
1$
#48140
0$
#48145
b100100 .
b111011000 9
1$
#48150
0$
#48155
b111011001 9
b100101 .
1$
#48160
0$
#48165
b100110 .
b111011010 9
1$
#48170
0$
#48175
b111011011 9
b100111 .
1$
#48180
0$
#48185
b101000 .
b111011100 9
1$
#48190
0$
#48195
b111011101 9
b101001 .
1$
#48200
0$
#48205
b101010 .
b111011110 9
1$
#48210
0$
#48215
b111011111 9
b101011 .
1$
#48220
0$
#48225
b101100 .
b111100000 9
1$
#48230
0$
#48235
b111100001 9
b101101 .
1$
#48240
0$
#48245
b101110 .
b111100010 9
1$
#48250
0$
#48255
b111100011 9
b101111 .
1$
#48260
0$
#48265
b110000 .
b111100100 9
1$
#48270
0$
#48275
b111100101 9
b110001 .
1$
#48280
0$
#48285
b110010 .
b111100110 9
1$
#48290
0$
#48295
b111100111 9
b110011 .
1$
#48300
0$
#48305
b110100 .
b111101000 9
1$
#48310
0$
#48315
b111101001 9
b110101 .
1$
#48320
0$
#48325
b110110 .
b111101010 9
1$
#48330
0$
#48335
b111101011 9
b110111 .
1$
#48340
0$
#48345
b111000 .
b111101100 9
1$
#48350
0$
#48355
b111101101 9
b111001 .
1$
#48360
0$
#48365
b111010 .
b111101110 9
1$
#48370
0$
#48375
b111101111 9
b111011 .
1$
#48380
0$
#48385
b111100 .
b111110000 9
1$
#48390
0$
#48395
b111110001 9
b111101 .
1$
#48400
0$
#48405
b111110 .
b111110010 9
1$
#48410
0$
#48415
b111110011 9
b111111 .
1$
#48420
0$
#48425
b1000000 .
b111110100 9
1$
#48430
0$
#48435
b111110101 9
b1000001 .
1$
#48440
0$
#48445
b1000010 .
b111110110 9
1$
#48450
0$
#48455
b111110111 9
b1000011 .
1$
#48460
0$
#48465
b1000100 .
b111111000 9
1$
#48470
0$
#48475
b111111001 9
b1000101 .
1$
#48480
0$
#48485
b1000110 .
b111111010 9
1$
#48490
0$
#48495
b111111011 9
b1000111 .
1$
#48500
0$
#48505
b1001000 .
b111111100 9
1$
#48510
0$
#48515
b111111101 9
b1001001 .
1$
#48520
0$
#48525
b1001010 .
b111111110 9
1$
#48530
0$
#48535
b111111111 9
b1001011 .
1$
#48540
0$
#48545
b1001100 .
b1000000000 9
1$
#48550
0$
#48555
b1000000001 9
b1001101 .
1$
#48560
0$
#48565
b1001110 .
b1000000010 9
1$
#48570
0$
#48575
b1000000011 9
b1001111 .
1$
#48580
0$
#48585
b1010000 .
b1000000100 9
1$
#48590
0$
#48595
b1000000101 9
b1010001 .
1$
#48600
0$
#48605
b1010010 .
b1000000110 9
1$
#48610
0$
#48615
b1000000111 9
b1010011 .
1$
#48620
0$
#48625
b1010100 .
b1000001000 9
1$
#48630
0$
#48635
b1000001001 9
b1010101 .
1$
#48640
0$
#48645
b1010110 .
b1000001010 9
1$
#48650
0$
#48655
b1000001011 9
b1010111 .
1$
#48660
0$
#48665
b1011000 .
b1000001100 9
1$
#48670
0$
#48675
b1000001101 9
b1011001 .
1$
#48680
0$
#48685
b1011010 .
b1000001110 9
1$
#48690
0$
#48695
b1000001111 9
b1011011 .
1$
#48700
0$
#48705
b1011100 .
b1000010000 9
1$
#48710
0$
#48715
b1000010001 9
b1011101 .
1$
#48720
0$
#48725
b1011110 .
b1000010010 9
1$
#48730
0$
#48735
b1000010011 9
b1011111 .
1$
#48740
0$
#48745
b1100000 .
b1000010100 9
1$
#48750
0$
#48755
b1000010101 9
b1100001 .
1$
#48760
0$
#48765
b1100010 .
b1000010110 9
1$
#48770
0$
#48775
b1000010111 9
b1100011 .
1$
#48780
0$
#48785
b1100100 .
b1000011000 9
1$
#48790
0$
#48795
b1000011001 9
b1100101 .
1$
#48800
0$
#48805
b1100110 .
b1000011010 9
1$
#48810
0$
#48815
b1000011011 9
b1100111 .
1$
#48820
0$
#48825
b1101000 .
b1000011100 9
1$
#48830
0$
#48835
b1000011101 9
b1101001 .
1$
#48840
0$
#48845
b1101010 .
b1000011110 9
1$
#48850
0$
#48855
b1000011111 9
b1101011 .
1$
#48860
0$
#48865
b1101100 .
b1000100000 9
1$
#48870
0$
#48875
b1000100001 9
b1101101 .
1$
#48880
0$
#48885
b1101110 .
b1000100010 9
1$
#48890
0$
#48895
b1000100011 9
b1101111 .
1$
#48900
0$
#48905
b1110000 .
b1000100100 9
1$
#48910
0$
#48915
b1000100101 9
b1110001 .
1$
#48920
0$
#48925
b1110010 .
b1000100110 9
1$
#48930
0$
#48935
b1000100111 9
b1110011 .
1$
#48940
0$
#48945
b1110100 .
b1000101000 9
1$
#48950
0$
#48955
b1000101001 9
b1110101 .
1$
#48960
0$
#48965
b1110110 .
b1000101010 9
1$
#48970
0$
#48975
b1000101011 9
b1110111 .
1$
#48980
0$
#48985
b1111000 .
b1000101100 9
1$
#48990
0$
#48995
b1000101101 9
b1111001 .
1$
#49000
0$
#49005
b1111010 .
b1000101110 9
1$
#49010
0$
#49015
b1000101111 9
b1111011 .
1$
#49020
0$
#49025
b1111100 .
b1000110000 9
1$
#49030
0$
#49035
b1000110001 9
b1111101 .
1$
#49040
0$
#49045
b1111110 .
b1000110010 9
1$
#49050
0$
#49055
b1000110011 9
b1111111 .
1$
#49060
0$
#49065
b10000000 .
b1000110100 9
1$
#49070
0$
#49075
b1000110101 9
b10000001 .
1$
#49080
0$
#49085
b10000010 .
b1000110110 9
1$
#49090
0$
#49095
b1000110111 9
b10000011 .
1$
#49100
0$
#49105
b10000100 .
b1000111000 9
1$
#49110
0$
#49115
b1000111001 9
b10000101 .
1$
#49120
0$
#49125
b10000110 .
b1000111010 9
1$
#49130
0$
#49135
b1000111011 9
b10000111 .
1$
#49140
0$
#49145
b10001000 .
b1000111100 9
1$
#49150
0$
#49155
b1000111101 9
b10001001 .
1$
#49160
0$
#49165
b10001010 .
b1000111110 9
1$
#49170
0$
#49175
b1000111111 9
b10001011 .
1$
#49180
0$
#49185
b10001100 .
b1001000000 9
1$
#49190
0$
#49195
b1001000001 9
b10001101 .
1$
#49200
0$
#49205
b10001110 .
b1001000010 9
1$
#49210
0$
#49215
b1001000011 9
b10001111 .
1$
#49220
0$
#49225
b10010000 .
b1001000100 9
1$
#49230
0$
#49235
b1001000101 9
b10010001 .
1$
#49240
0$
#49245
b10010010 .
b1001000110 9
1$
#49250
0$
#49255
b1001000111 9
b10010011 .
1$
#49260
0$
#49265
b10010100 .
b1001001000 9
1$
#49270
0$
#49275
b1001001001 9
b10010101 .
1$
#49280
0$
#49285
b10010110 .
b1001001010 9
1$
#49290
0$
#49295
b1001001011 9
b10010111 .
1$
#49300
0$
#49305
b10011000 .
b1001001100 9
1$
#49310
0$
#49315
b1001001101 9
b10011001 .
1$
#49320
0$
#49325
b10011010 .
b1001001110 9
1$
#49330
0$
#49335
b1001001111 9
b10011011 .
1$
#49340
0$
#49345
b10011100 .
b1001010000 9
1$
#49350
0$
#49355
b1001010001 9
b10011101 .
1$
#49360
0$
#49365
b10011110 .
b1001010010 9
1$
#49370
0$
#49375
b1001010011 9
b10011111 .
1$
#49380
0$
#49385
b10100000 .
b1001010100 9
1$
#49390
0$
#49395
b1001010101 9
b10100001 .
1$
#49400
0$
#49405
b10100010 .
b1001010110 9
1$
#49410
0$
#49415
b1001010111 9
b10100011 .
1$
#49420
0$
#49425
b10100100 .
b1001011000 9
1$
#49430
0$
#49435
b1001011001 9
b10100101 .
1$
#49440
0$
#49445
b10100110 .
b1001011010 9
1$
#49450
0$
#49455
b1001011011 9
b10100111 .
1$
#49460
0$
#49465
b10101000 .
b1001011100 9
1$
#49470
0$
#49475
b1001011101 9
b10101001 .
1$
#49480
0$
#49485
b10101010 .
b1001011110 9
1$
#49490
0$
#49495
b1001011111 9
b10101011 .
1$
#49500
0$
#49505
b10101100 .
b1001100000 9
1$
#49510
0$
#49515
b1001100001 9
b10101101 .
1$
#49520
0$
#49525
b10101110 .
b1001100010 9
1$
#49530
0$
#49535
b1001100011 9
b10101111 .
1$
#49540
0$
#49545
b10110000 .
b1001100100 9
1$
#49550
0$
#49555
b1001100101 9
b10110001 .
1$
#49560
0$
#49565
b10110010 .
b1001100110 9
1$
#49570
0$
#49575
b1001100111 9
b10110011 .
1$
#49580
0$
#49585
b10110100 .
b1001101000 9
1$
#49590
0$
#49595
b1001101001 9
b10110101 .
1$
#49600
0$
#49605
b10110110 .
b1001101010 9
1$
#49610
0$
#49615
b1001101011 9
b10110111 .
1$
#49620
0$
#49625
b10111000 .
b1001101100 9
1$
#49630
0$
#49635
b1001101101 9
b10111001 .
1$
#49640
0$
#49645
b10111010 .
b1001101110 9
1$
#49650
0$
#49655
b1001101111 9
b10111011 .
1$
#49660
0$
#49665
b10111100 .
b1001110000 9
1$
#49670
0$
#49675
b1001110001 9
b10111101 .
1$
#49680
0$
#49685
b10111110 .
b1001110010 9
1$
#49690
0$
#49695
b1001110011 9
b10111111 .
1$
#49700
0$
#49705
b11000000 .
b1001110100 9
1$
#49710
0$
#49715
b1001110101 9
b11000001 .
1$
#49720
0$
#49725
b11000010 .
b1001110110 9
1$
#49730
0$
#49735
b1001110111 9
b11000011 .
1$
#49740
0$
#49745
b11000100 .
b1001111000 9
1$
#49750
0$
#49755
b1001111001 9
b11000101 .
1$
#49760
0$
#49765
b11000110 .
b1001111010 9
1$
#49770
0$
#49775
b1001111011 9
b11000111 .
1$
#49780
0$
#49785
b11001000 .
b1001111100 9
1$
#49790
0$
#49795
b1001111101 9
b11001001 .
1$
#49800
0$
#49805
b11001010 .
b1001111110 9
1$
#49810
0$
#49815
b1001111111 9
b11001011 .
1$
#49820
0$
#49825
b11001100 .
b1010000000 9
1$
#49830
0$
#49835
b1010000001 9
b11001101 .
1$
#49840
0$
#49845
b11001110 .
b1010000010 9
1$
#49850
0$
#49855
b1010000011 9
b11001111 .
1$
#49860
0$
#49865
b11010000 .
b1010000100 9
1$
#49870
0$
#49875
b1010000101 9
b11010001 .
1$
#49880
0$
#49885
b11010010 .
b1010000110 9
1$
#49890
0$
#49895
b1010000111 9
b11010011 .
1$
#49900
0$
#49905
b11010100 .
b1010001000 9
1$
#49910
0$
#49915
b1010001001 9
b11010101 .
1$
#49920
0$
#49925
b11010110 .
b1010001010 9
1$
#49930
0$
#49935
b1010001011 9
b11010111 .
1$
#49940
0$
#49945
b11011000 .
b1010001100 9
1$
#49950
0$
#49955
b1010001101 9
b11011001 .
1$
#49960
0$
#49965
b11011010 .
b1010001110 9
1$
#49970
0$
#49975
b1010001111 9
b11011011 .
1$
#49980
0$
#49985
b11011100 .
b1010010000 9
1$
#49990
0$
#49995
b1010010001 9
b11011101 .
1$
#50000
0$
#50005
b11011110 .
b1010010010 9
1$
#50010
0$
#50015
b1010010011 9
b11011111 .
1$
#50020
0$
#50025
b11100000 .
b1010010100 9
1$
#50030
0$
#50035
b1010010101 9
b11100001 .
1$
#50040
0$
#50045
b11100010 .
b1010010110 9
1$
#50050
0$
#50055
b1010010111 9
b11100011 .
1$
#50060
0$
#50065
b11100100 .
b1010011000 9
1$
#50070
0$
#50075
b1010011001 9
b11100101 .
1$
#50080
0$
#50085
b11100110 .
b1010011010 9
1$
#50090
0$
#50095
b1010011011 9
b11100111 .
1$
#50100
0$
#50105
b11101000 .
b1010011100 9
1$
#50110
0$
#50115
b1010011101 9
b11101001 .
1$
#50120
0$
#50125
b11101010 .
b1010011110 9
1$
#50130
0$
#50135
b1010011111 9
b11101011 .
1$
#50140
0$
#50145
b11101100 .
b1010100000 9
1$
#50150
0$
#50155
b1010100001 9
b11101101 .
1$
#50160
0$
#50165
b11101110 .
b1010100010 9
1$
#50170
0$
#50175
b1010100011 9
b11101111 .
1$
#50180
0$
#50185
b11110000 .
b1010100100 9
1$
#50190
0$
#50195
b1010100101 9
b11110001 .
1$
#50200
0$
#50205
b11110010 .
b1010100110 9
1$
#50210
0$
#50215
b1010100111 9
b11110011 .
1$
#50220
0$
#50225
b11110100 .
b1010101000 9
1$
#50230
0$
#50235
b1010101001 9
b11110101 .
1$
#50240
0$
#50245
b11110110 .
b1010101010 9
1$
#50250
0$
#50255
b1010101011 9
b11110111 .
1$
#50260
0$
#50265
b11111000 .
b1010101100 9
1$
#50270
0$
#50275
b1010101101 9
b11111001 .
1$
#50280
0$
#50285
b11111010 .
b1010101110 9
1$
#50290
0$
#50295
b1010101111 9
b11111011 .
1$
#50300
0$
#50305
b11111100 .
b1010110000 9
1$
#50310
0$
#50315
b1010110001 9
b11111101 .
1$
#50320
0$
#50325
b11111110 .
b1010110010 9
1$
#50330
0$
#50335
b1010110011 9
b11111111 .
1$
#50340
0$
#50345
b100000000 .
b1010110100 9
1$
#50350
0$
#50355
b1010110101 9
b100000001 .
1$
#50360
0$
#50365
b100000010 .
b1010110110 9
1$
#50370
0$
#50375
b1010110111 9
b100000011 .
1$
#50380
0$
#50385
b100000100 .
b1010111000 9
1$
#50390
0$
#50395
b1010111001 9
b100000101 .
1$
#50400
0$
#50405
b100000110 .
b1010111010 9
1$
#50410
0$
#50415
b1010111011 9
b100000111 .
1$
#50420
0$
#50425
b100001000 .
b1010111100 9
1$
#50430
0$
#50435
b1010111101 9
b100001001 .
1$
#50440
0$
#50445
b100001010 .
b1010111110 9
1$
#50450
0$
#50455
b1010111111 9
b100001011 .
1$
#50460
0$
#50465
b100001100 .
b1011000000 9
1$
#50470
0$
#50475
b1011000001 9
b100001101 .
1$
#50480
0$
#50485
b100001110 .
b1011000010 9
1$
#50490
0$
#50495
b1011000011 9
b100001111 .
1$
#50500
0$
#50505
b100010000 .
b1011000100 9
1$
#50510
0$
#50515
b1011000101 9
b100010001 .
1$
#50520
0$
#50525
b100010010 .
b1011000110 9
1$
#50530
0$
#50535
b1011000111 9
b100010011 .
1$
#50540
0$
#50545
b100010100 .
b1011001000 9
1$
#50550
0$
#50555
b1011001001 9
b100010101 .
1$
#50560
0$
#50565
b100010110 .
b1011001010 9
1$
#50570
0$
#50575
b1011001011 9
b100010111 .
1$
#50580
0$
#50585
b100011000 .
b1011001100 9
1$
#50590
0$
#50595
b1011001101 9
b100011001 .
1$
#50600
0$
#50605
b100011010 .
b1011001110 9
1$
#50610
0$
#50615
b1011001111 9
b100011011 .
1$
#50620
0$
#50625
b100011100 .
b1011010000 9
1$
#50630
0$
#50635
b1011010001 9
b100011101 .
1$
#50640
0$
#50645
b100011110 .
b1011010010 9
1$
#50650
0$
#50655
b1011010011 9
b100011111 .
1$
#50660
0$
#50665
b100100000 .
b1011010100 9
1$
#50670
0$
#50675
b1011010101 9
b100100001 .
1$
#50680
0$
#50685
b100100010 .
b1011010110 9
1$
#50690
0$
#50695
b1011010111 9
b100100011 .
1$
#50700
0$
#50705
b100100100 .
b1011011000 9
1$
#50710
0$
#50715
b1011011001 9
b100100101 .
1$
#50720
0$
#50725
b100100110 .
b1011011010 9
1$
#50730
0$
#50735
b1011011011 9
b100100111 .
1$
#50740
0$
#50745
b100101000 .
b1011011100 9
1$
#50750
0$
#50755
b1011011101 9
b100101001 .
1$
#50760
0$
#50765
b100101010 .
b1011011110 9
1$
#50770
0$
#50775
b1011011111 9
b100101011 .
1$
#50780
0$
#50785
b100101100 .
b1011100000 9
1$
#50790
0$
#50795
b1011100001 9
b100101101 .
1$
#50800
0$
#50805
b100101110 .
b1011100010 9
1$
#50810
0$
#50815
b1011100011 9
b100101111 .
1$
#50820
0$
#50825
b100110000 .
b1011100100 9
1$
#50830
0$
#50835
b1011100101 9
b100110001 .
1$
#50840
0$
#50845
b100110010 .
b1011100110 9
1$
#50850
0$
#50855
b1011100111 9
b100110011 .
1$
#50860
0$
#50865
b100110100 .
b1011101000 9
1$
#50870
0$
#50875
b1011101001 9
b100110101 .
1$
#50880
0$
#50885
b100110110 .
b1011101010 9
1$
#50890
0$
#50895
b1011101011 9
b100110111 .
1$
#50900
0$
#50905
b100111000 .
b1011101100 9
1$
#50910
0$
#50915
b1011101101 9
b100111001 .
1$
#50920
0$
#50925
b100111010 .
b1011101110 9
1$
#50930
0$
#50935
b1011101111 9
b100111011 .
1$
#50940
0$
#50945
b100111100 .
b1011110000 9
1$
#50950
0$
#50955
b1011110001 9
b100111101 .
1$
#50960
0$
#50965
b100111110 .
b1011110010 9
1$
#50970
0$
#50975
b1011110011 9
b100111111 .
1$
#50980
0$
#50985
b101000000 .
b1011110100 9
1$
#50990
0$
#50995
b1011110101 9
b101000001 .
1$
#51000
0$
#51005
b101000010 .
b1011110110 9
1$
#51010
0$
#51015
b1011110111 9
b101000011 .
1$
#51020
0$
#51025
b101000100 .
b1011111000 9
1$
#51030
0$
#51035
b1011111001 9
b101000101 .
1$
#51040
0$
#51045
b101000110 .
b1011111010 9
1$
#51050
0$
#51055
b1011111011 9
b101000111 .
1$
#51060
0$
#51065
b101001000 .
b1011111100 9
1$
#51070
0$
#51075
b1011111101 9
b101001001 .
1$
#51080
0$
#51085
b101001010 .
b1011111110 9
1$
#51090
0$
#51095
b1011111111 9
b101001011 .
1$
#51100
0$
#51105
b101001100 .
b1100000000 9
1$
#51110
0$
#51115
b1100000001 9
b101001101 .
1$
#51120
0$
#51125
b101001110 .
b1100000010 9
1$
#51130
0$
#51135
b1100000011 9
b101001111 .
1$
#51140
0$
#51145
b101010000 .
b1100000100 9
1$
#51150
0$
#51155
b1100000101 9
b101010001 .
1$
#51160
0$
#51165
b101010010 .
b1100000110 9
1$
#51170
0$
#51175
b1100000111 9
b101010011 .
1$
#51180
0$
#51185
b101010100 .
b1100001000 9
1$
#51190
0$
#51195
b1100001001 9
b101010101 .
1$
#51200
0$
#51205
b101010110 .
b1100001010 9
1$
#51210
0$
#51215
b1100001011 9
b101010111 .
1$
#51220
0$
#51225
b101011000 .
b1100001100 9
1$
#51230
0$
#51235
b1100001101 9
b101011001 .
1$
#51240
0$
#51245
b101011010 .
b1100001110 9
1$
#51250
0$
#51255
b1100001111 9
b101011011 .
1$
#51260
0$
#51265
b101011100 .
b1100010000 9
1$
#51270
0$
#51275
b1100010001 9
b101011101 .
1$
#51280
0$
#51285
b101011110 .
b1100010010 9
1$
#51290
0$
#51295
b1100010011 9
b101011111 .
1$
#51300
0$
#51305
b101100000 .
b1100010100 9
1$
#51310
0$
#51315
b1100010101 9
b101100001 .
1$
#51320
0$
#51325
b101100010 .
b1100010110 9
1$
#51330
0$
#51335
b1100010111 9
b101100011 .
1$
#51340
0$
#51345
b101100100 .
b1100011000 9
1$
#51350
0$
#51355
b1100011001 9
b101100101 .
1$
#51360
0$
#51365
b101100110 .
b1100011010 9
1$
#51370
0$
#51375
b1100011011 9
b101100111 .
1$
#51380
0$
#51385
b101101000 .
b1100011100 9
1$
#51390
0$
#51395
b1100011101 9
b101101001 .
1$
#51400
0$
#51405
b101101010 .
b1100011110 9
1$
#51410
0$
#51415
b1100011111 9
b101101011 .
1$
#51420
0$
#51425
b101101100 .
b1100100000 9
1$
#51430
0$
#51435
b1100100001 9
b101101101 .
1$
#51440
0$
#51445
b101101110 .
b1100100010 9
1$
#51450
0$
#51455
b1100100011 9
b101101111 .
1$
#51460
0$
#51465
b101110000 .
b1100100100 9
1$
#51470
0$
#51475
b1100100101 9
b101110001 .
1$
#51480
0$
#51485
b101110010 .
b1100100110 9
1$
#51490
0$
#51495
b1100100111 9
b101110011 .
1$
#51500
0$
#51505
b101110100 .
b1100101000 9
1$
#51510
0$
#51515
b1100101001 9
b101110101 .
1$
#51520
0$
#51525
b101110110 .
b1100101010 9
1$
#51530
0$
#51535
b1100101011 9
b101110111 .
1$
#51540
0$
#51545
b101111000 .
b1100101100 9
1$
#51550
0$
#51555
b1100101101 9
b101111001 .
1$
#51560
0$
#51565
b101111010 .
b1100101110 9
1$
#51570
0$
#51575
b1100101111 9
b101111011 .
1$
#51580
0$
#51585
b101111100 .
b1100110000 9
1$
#51590
0$
#51595
b1100110001 9
b101111101 .
1$
#51600
0$
#51605
b101111110 .
b1100110010 9
1$
#51610
0$
#51615
b1100110011 9
b101111111 .
1$
#51620
0$
#51625
b110000000 .
b1100110100 9
1$
#51630
0$
#51635
b1100110101 9
b110000001 .
1$
#51640
0$
#51645
b110000010 .
b1100110110 9
1$
#51650
0$
#51655
b1100110111 9
b110000011 .
1$
#51660
0$
#51665
b110000100 .
b1100111000 9
1$
#51670
0$
#51675
b1100111001 9
b110000101 .
1$
#51680
0$
#51685
b110000110 .
b1100111010 9
1$
#51690
0$
#51695
b1100111011 9
b110000111 .
1$
#51700
0$
#51705
b110001000 .
b1100111100 9
1$
#51710
0$
#51715
b1100111101 9
b110001001 .
1$
#51720
0$
#51725
b110001010 .
b1100111110 9
1$
#51730
0$
#51735
b1100111111 9
b110001011 .
1$
#51740
0$
#51745
b110001100 .
b1101000000 9
1$
#51750
0$
#51755
b1101000001 9
b110001101 .
1$
#51760
0$
#51765
b110001110 .
b1101000010 9
1$
#51770
0$
#51775
b1101000011 9
b110001111 .
1$
#51780
0$
#51785
b110010000 .
b1101000100 9
1$
#51790
0$
#51795
b1101000101 9
b110010001 .
1$
#51800
0$
#51805
b110010010 .
b1101000110 9
1$
#51810
0$
#51815
b1101000111 9
b110010011 .
1$
#51820
0$
#51825
b110010100 .
b1101001000 9
1$
#51830
0$
#51835
b1101001001 9
b110010101 .
1$
#51840
0$
#51845
b110010110 .
b1101001010 9
1$
#51850
0$
#51855
b1101001011 9
b110010111 .
1$
#51860
0$
#51865
b110011000 .
b1101001100 9
1$
#51870
0$
#51875
b1101001101 9
b110011001 .
1$
#51880
0$
#51885
b110011010 .
b1101001110 9
1$
#51890
0$
#51895
b1101001111 9
b110011011 .
1$
#51900
0$
#51905
b110011100 .
b1101010000 9
1$
#51910
0$
#51915
b1101010001 9
b110011101 .
1$
#51920
0$
#51925
b110011110 .
b1101010010 9
1$
#51930
0$
#51935
b1101010011 9
b110011111 .
1$
#51940
0$
#51945
b110100000 .
b1101010100 9
1$
#51950
0$
#51955
b1101010101 9
b110100001 .
1$
#51960
0$
#51965
b110100010 .
b1101010110 9
1$
#51970
0$
#51975
b1101010111 9
b110100011 .
1$
#51980
0$
#51985
b110100100 .
b1101011000 9
1$
#51990
0$
#51995
b1101011001 9
b110100101 .
1$
#52000
0$
#52005
b110100110 .
b1101011010 9
1$
#52010
0$
#52015
b1101011011 9
b110100111 .
1$
#52020
0$
#52025
b110101000 .
b1101011100 9
1$
#52030
0$
#52035
b1101011101 9
b110101001 .
1$
#52040
0$
#52045
b110101010 .
b1101011110 9
1$
#52050
0$
#52055
b1101011111 9
b110101011 .
1$
#52060
0$
#52065
b110101100 .
b1101100000 9
1$
#52070
0$
#52075
b1101100001 9
b110101101 .
1$
#52080
0$
#52085
b110101110 .
b1101100010 9
1$
#52090
0$
#52095
b1101100011 9
b110101111 .
1$
#52100
0$
#52105
b110110000 .
b101 8
b0 9
1$
#52110
0$
#52115
b1 9
b110110001 .
1$
#52120
0$
#52125
b110110010 .
b10 9
1$
#52130
0$
#52135
b11 9
b110110011 .
1$
#52140
0$
#52145
b110110100 .
b100 9
1$
#52150
0$
#52155
b101 9
b110110101 .
1$
#52160
0$
#52165
b110110110 .
b110 9
1$
#52170
0$
#52175
b111 9
b110110111 .
1$
#52180
0$
#52185
b110111000 .
b1000 9
1$
#52190
0$
#52195
b1001 9
b110111001 .
1$
#52200
0$
#52205
b110111010 .
b1010 9
1$
#52210
0$
#52215
b1011 9
b110111011 .
1$
#52220
0$
#52225
b110111100 .
b1100 9
1$
#52230
0$
#52235
b1101 9
b110111101 .
1$
#52240
0$
#52245
b110111110 .
b1110 9
1$
#52250
0$
#52255
b1111 9
b110111111 .
1$
#52260
0$
#52265
b111000000 .
b10000 9
1$
#52270
0$
#52275
b10001 9
b111000001 .
1$
#52280
0$
#52285
b111000010 .
b10010 9
1$
#52290
0$
#52295
b10011 9
b111000011 .
1$
#52300
0$
#52305
b111000100 .
b10100 9
1$
#52310
0$
#52315
b10101 9
b111000101 .
1$
#52320
0$
#52325
b111000110 .
b10110 9
1$
#52330
0$
#52335
b10111 9
b111000111 .
1$
#52340
0$
#52345
b111001000 .
b11000 9
1$
#52350
0$
#52355
b11001 9
b111001001 .
1$
#52360
0$
#52365
b111001010 .
b11010 9
1$
#52370
0$
#52375
b11011 9
b111001011 .
1$
#52380
0$
#52385
b111001100 .
b11100 9
1$
#52390
0$
#52395
b11101 9
b111001101 .
1$
#52400
0$
#52405
b111001110 .
b11110 9
1$
#52410
0$
#52415
b11111 9
b111001111 .
1$
#52420
0$
#52425
b111010000 .
b100000 9
1$
#52430
0$
#52435
b100001 9
b111010001 .
1$
#52440
0$
#52445
b111010010 .
b100010 9
1$
#52450
0$
#52455
b100011 9
b111010011 .
1$
#52460
0$
#52465
b111010100 .
b100100 9
1$
#52470
0$
#52475
b100101 9
b111010101 .
1$
#52480
0$
#52485
b111010110 .
b100110 9
1$
#52490
0$
#52495
b100111 9
b111010111 .
1$
#52500
0$
#52505
b111011000 .
b101000 9
1$
#52510
0$
#52515
b101001 9
b111011001 .
1$
#52520
0$
#52525
b111011010 .
b101010 9
1$
#52530
0$
#52535
b101011 9
b111011011 .
1$
#52540
0$
#52545
b111011100 .
b101100 9
1$
#52550
0$
#52555
b101101 9
b111011101 .
1$
#52560
0$
#52565
b111011110 .
b101110 9
1$
#52570
0$
#52575
b101111 9
b111011111 .
1$
#52580
0$
#52585
b111100000 .
b110000 9
1$
#52590
0$
#52595
b110001 9
b111100001 .
1$
#52600
0$
#52605
b111100010 .
b110010 9
1$
#52610
0$
#52615
b110011 9
b111100011 .
1$
#52620
0$
#52625
b111100100 .
b110100 9
1$
#52630
0$
#52635
b110101 9
b111100101 .
1$
#52640
0$
#52645
b111100110 .
b110110 9
1$
#52650
0$
#52655
b110111 9
b111100111 .
1$
#52660
0$
#52665
b111101000 .
b111000 9
1$
#52670
0$
#52675
b111001 9
b111101001 .
1$
#52680
0$
#52685
b111101010 .
b111010 9
1$
#52690
0$
#52695
b111011 9
b111101011 .
1$
#52700
0$
#52705
b111101100 .
b111100 9
1$
#52710
0$
#52715
b111101 9
b111101101 .
1$
#52720
0$
#52725
b111101110 .
b111110 9
1$
#52730
0$
#52735
b111111 9
b111101111 .
1$
#52740
0$
#52745
b111110000 .
b1000000 9
1$
#52750
0$
#52755
b1000001 9
b111110001 .
1$
#52760
0$
#52765
b111110010 .
b1000010 9
1$
#52770
0$
#52775
b1000011 9
b111110011 .
1$
#52780
0$
#52785
b111110100 .
b1000100 9
1$
#52790
0$
#52795
b1000101 9
b111110101 .
1$
#52800
0$
#52805
b111110110 .
b1000110 9
1$
#52810
0$
#52815
b1000111 9
b111110111 .
1$
#52820
0$
#52825
b111111000 .
b1001000 9
1$
#52830
0$
#52835
b1001001 9
b111111001 .
1$
#52840
0$
#52845
b111111010 .
b1001010 9
1$
#52850
0$
#52855
b1001011 9
b111111011 .
1$
#52860
0$
#52865
b111111100 .
b1001100 9
1$
#52870
0$
#52875
b1001101 9
b111111101 .
1$
#52880
0$
#52885
b111111110 .
b1001110 9
1$
#52890
0$
#52895
b1001111 9
b111111111 .
1$
#52900
0$
#52905
b1000000000 .
b1010000 9
1$
#52910
0$
#52915
b1010001 9
b1000000001 .
1$
#52920
0$
#52925
b1000000010 .
b1010010 9
1$
#52930
0$
#52935
b1010011 9
b1000000011 .
1$
#52940
0$
#52945
b1000000100 .
b1010100 9
1$
#52950
0$
#52955
b1010101 9
b1000000101 .
1$
#52960
0$
#52965
b1000000110 .
b1010110 9
1$
#52970
0$
#52975
b1010111 9
b1000000111 .
1$
#52980
0$
#52985
b1000001000 .
b1011000 9
1$
#52990
0$
#52995
b1011001 9
b1000001001 .
1$
#53000
0$
#53005
b1000001010 .
b1011010 9
1$
#53010
0$
#53015
b1011011 9
b1000001011 .
1$
#53020
0$
#53025
b1000001100 .
b1011100 9
1$
#53030
0$
#53035
b1011101 9
b1000001101 .
1$
#53040
0$
#53045
b1000001110 .
b1011110 9
1$
#53050
0$
#53055
b1011111 9
b1000001111 .
1$
#53060
0$
#53065
b1000010000 .
b1100000 9
1$
#53070
0$
#53075
b1100001 9
b1000010001 .
1$
#53080
0$
#53085
b1000010010 .
b1100010 9
1$
#53090
0$
#53095
b1100011 9
b1000010011 .
1$
#53100
0$
#53105
b1000010100 .
b1100100 9
1$
#53110
0$
#53115
b1100101 9
b1000010101 .
1$
#53120
0$
#53125
b1000010110 .
b1100110 9
1$
#53130
0$
#53135
b1100111 9
b1000010111 .
1$
#53140
0$
#53145
b1000011000 .
b1101000 9
1$
#53150
0$
#53155
b1101001 9
b1000011001 .
1$
#53160
0$
#53165
b1000011010 .
b1101010 9
1$
#53170
0$
#53175
b1101011 9
b1000011011 .
1$
#53180
0$
#53185
b1000011100 .
b1101100 9
1$
#53190
0$
#53195
b1101101 9
b1000011101 .
1$
#53200
0$
#53205
b1000011110 .
b1101110 9
1$
#53210
0$
#53215
b1101111 9
b1000011111 .
1$
#53220
0$
#53225
b1000100000 .
b1110000 9
1$
#53230
0$
#53235
b1110001 9
b1000100001 .
1$
#53240
0$
#53245
b1000100010 .
b1110010 9
1$
#53250
0$
#53255
b1110011 9
b1000100011 .
1$
#53260
0$
#53265
b1000100100 .
b1110100 9
1$
#53270
0$
#53275
b1110101 9
b1000100101 .
1$
#53280
0$
#53285
b1000100110 .
b1110110 9
1$
#53290
0$
#53295
b1110111 9
b1000100111 .
1$
#53300
0$
#53305
b1000101000 .
b1111000 9
1$
#53310
0$
#53315
b1111001 9
b1000101001 .
1$
#53320
0$
#53325
b1000101010 .
b1111010 9
1$
#53330
0$
#53335
b1111011 9
b1000101011 .
1$
#53340
0$
#53345
b1000101100 .
b1111100 9
1$
#53350
0$
#53355
b1111101 9
b1000101101 .
1$
#53360
0$
#53365
b1000101110 .
b1111110 9
1$
#53370
0$
#53375
b1111111 9
b1000101111 .
1$
#53380
0$
#53385
b1000110000 .
b10000000 9
1$
#53390
0$
#53395
b10000001 9
b1000110001 .
1$
#53400
0$
#53405
b1000110010 .
b10000010 9
1$
#53410
0$
#53415
b10000011 9
b1000110011 .
1$
#53420
0$
#53425
b1000110100 .
b10000100 9
1$
#53430
0$
#53435
b10000101 9
b1000110101 .
1$
#53440
0$
#53445
b1000110110 .
b10000110 9
1$
#53450
0$
#53455
b10000111 9
b1000110111 .
1$
#53460
0$
#53465
b1000111000 .
b10001000 9
1$
#53470
0$
#53475
b10001001 9
b1000111001 .
1$
#53480
0$
#53485
b1000111010 .
b10001010 9
1$
#53490
0$
#53495
b10001011 9
b1000111011 .
1$
#53500
0$
#53505
b1000111100 .
b10001100 9
1$
#53510
0$
#53515
b10001101 9
b1000111101 .
1$
#53520
0$
#53525
b1000111110 .
b10001110 9
1$
#53530
0$
#53535
b10001111 9
b1000111111 .
1$
#53540
0$
#53545
b1001000000 .
b10010000 9
1$
#53550
0$
#53555
b10010001 9
b1001000001 .
1$
#53560
0$
#53565
b1001000010 .
b10010010 9
1$
#53570
0$
#53575
b10010011 9
b1001000011 .
1$
#53580
0$
#53585
b1001000100 .
b10010100 9
1$
#53590
0$
#53595
b10010101 9
b1001000101 .
1$
#53600
0$
#53605
b1001000110 .
b10010110 9
1$
#53610
0$
#53615
b10010111 9
b1001000111 .
1$
#53620
0$
#53625
b1001001000 .
b10011000 9
1$
#53630
0$
#53635
b10011001 9
b1001001001 .
1$
#53640
0$
#53645
b1001001010 .
b10011010 9
1$
#53650
0$
#53655
b10011011 9
b1001001011 .
1$
#53660
0$
#53665
b1001001100 .
b10011100 9
1$
#53670
0$
#53675
b10011101 9
b1001001101 .
1$
#53680
0$
#53685
b1001001110 .
b10011110 9
1$
#53690
0$
#53695
b10011111 9
b1001001111 .
1$
#53700
0$
#53705
b1001010000 .
b10100000 9
1$
#53710
0$
#53715
b10100001 9
b1001010001 .
1$
#53720
0$
#53725
b1001010010 .
b10100010 9
1$
#53730
0$
#53735
b10100011 9
b1001010011 .
1$
#53740
0$
#53745
b1001010100 .
b10100100 9
1$
#53750
0$
#53755
b10100101 9
b1001010101 .
1$
#53760
0$
#53765
b1001010110 .
b10100110 9
1$
#53770
0$
#53775
b10100111 9
b1001010111 .
1$
#53780
0$
#53785
b1001011000 .
b10101000 9
1$
#53790
0$
#53795
b10101001 9
b1001011001 .
1$
#53800
0$
#53805
b1001011010 .
b10101010 9
1$
#53810
0$
#53815
b10101011 9
b1001011011 .
1$
#53820
0$
#53825
b1001011100 .
b10101100 9
1$
#53830
0$
#53835
b10101101 9
b1001011101 .
1$
#53840
0$
#53845
b1001011110 .
b10101110 9
1$
#53850
0$
#53855
b10101111 9
b1001011111 .
1$
#53860
0$
#53865
b1001100000 .
b10110000 9
1$
#53870
0$
#53875
b10110001 9
b1001100001 .
1$
#53880
0$
#53885
b1001100010 .
b10110010 9
1$
#53890
0$
#53895
b10110011 9
b1001100011 .
1$
#53900
0$
#53905
b1001100100 .
b10110100 9
1$
#53910
0$
#53915
b10110101 9
b1001100101 .
1$
#53920
0$
#53925
b1001100110 .
b10110110 9
1$
#53930
0$
#53935
b10110111 9
b1001100111 .
1$
#53940
0$
#53945
b1001101000 .
b10111000 9
1$
#53950
0$
#53955
b10111001 9
b1001101001 .
1$
#53960
0$
#53965
b1001101010 .
b10111010 9
1$
#53970
0$
#53975
b10111011 9
b1001101011 .
1$
#53980
0$
#53985
b1001101100 .
b10111100 9
1$
#53990
0$
#53995
b10111101 9
b1001101101 .
1$
#54000
0$
#54005
b1001101110 .
b10111110 9
1$
#54010
0$
#54015
b10111111 9
b1001101111 .
1$
#54020
0$
#54025
b1001110000 .
b11000000 9
1$
#54030
0$
#54035
b11000001 9
b1001110001 .
1$
#54040
0$
#54045
b1001110010 .
b11000010 9
1$
#54050
0$
#54055
b11000011 9
b1001110011 .
1$
#54060
0$
#54065
b1001110100 .
b11000100 9
1$
#54070
0$
#54075
b11000101 9
b1001110101 .
1$
#54080
0$
#54085
b1001110110 .
b11000110 9
1$
#54090
0$
#54095
b11000111 9
b1001110111 .
1$
#54100
0$
#54105
b1001111000 .
b11001000 9
1$
#54110
0$
#54115
b11001001 9
b1001111001 .
1$
#54120
0$
#54125
b1001111010 .
b11001010 9
1$
#54130
0$
#54135
b11001011 9
b1001111011 .
1$
#54140
0$
#54145
b1001111100 .
b11001100 9
1$
#54150
0$
#54155
b11001101 9
b1001111101 .
1$
#54160
0$
#54165
b1001111110 .
b11001110 9
1$
#54170
0$
#54175
b11001111 9
b1001111111 .
1$
#54180
0$
#54185
b1010000000 .
b11010000 9
1$
#54190
0$
#54195
b11010001 9
b1010000001 .
1$
#54200
0$
#54205
b1010000010 .
b11010010 9
1$
#54210
0$
#54215
b11010011 9
b1010000011 .
1$
#54220
0$
#54225
b1010000100 .
b11010100 9
1$
#54230
0$
#54235
b11010101 9
b1010000101 .
1$
#54240
0$
#54245
b1010000110 .
b11010110 9
1$
#54250
0$
#54255
b11010111 9
b1010000111 .
1$
#54260
0$
#54265
b1010001000 .
b11011000 9
1$
#54270
0$
#54275
b11011001 9
b1010001001 .
1$
#54280
0$
#54285
b1010001010 .
b11011010 9
1$
#54290
0$
#54295
b11011011 9
b1010001011 .
1$
#54300
0$
#54305
b1010001100 .
b11011100 9
1$
#54310
0$
#54315
b11011101 9
b1010001101 .
1$
#54320
0$
#54325
b1010001110 .
b11011110 9
1$
#54330
0$
#54335
b11011111 9
b1010001111 .
1$
#54340
0$
#54345
b1010010000 .
b11100000 9
1$
#54350
0$
#54355
b11100001 9
b1010010001 .
1$
#54360
0$
#54365
b1010010010 .
b11100010 9
1$
#54370
0$
#54375
b11100011 9
b1010010011 .
1$
#54380
0$
#54385
b1010010100 .
b11100100 9
1$
#54390
0$
#54395
b11100101 9
b1010010101 .
1$
#54400
0$
#54405
b1010010110 .
b11100110 9
1$
#54410
0$
#54415
b11100111 9
b1010010111 .
1$
#54420
0$
#54425
b1010011000 .
b11101000 9
1$
#54430
0$
#54435
b11101001 9
b1010011001 .
1$
#54440
0$
#54445
b1010011010 .
b11101010 9
1$
#54450
0$
#54455
b11101011 9
b1010011011 .
1$
#54460
0$
#54465
b1010011100 .
b11101100 9
1$
#54470
0$
#54475
b11101101 9
b1010011101 .
1$
#54480
0$
#54485
b1010011110 .
b11101110 9
1$
#54490
0$
#54495
b11101111 9
b1010011111 .
1$
#54500
0$
#54505
b1010100000 .
b11110000 9
1$
#54510
0$
#54515
b11110001 9
b1010100001 .
1$
#54520
0$
#54525
b1010100010 .
b11110010 9
1$
#54530
0$
#54535
b11110011 9
b1010100011 .
1$
#54540
0$
#54545
b1010100100 .
b11110100 9
1$
#54550
0$
#54555
b11110101 9
b1010100101 .
1$
#54560
0$
#54565
b1010100110 .
b11110110 9
1$
#54570
0$
#54575
b11110111 9
b1010100111 .
1$
#54580
0$
#54585
b1010101000 .
b11111000 9
1$
#54590
0$
#54595
b11111001 9
b1010101001 .
1$
#54600
0$
#54605
b1010101010 .
b11111010 9
1$
#54610
0$
#54615
b11111011 9
b1010101011 .
1$
#54620
0$
#54625
b1010101100 .
b11111100 9
1$
#54630
0$
#54635
b11111101 9
b1010101101 .
1$
#54640
0$
#54645
b1010101110 .
b11111110 9
1$
#54650
0$
#54655
b11111111 9
b1010101111 .
1$
#54660
0$
#54665
b1010110000 .
b100000000 9
1$
#54670
0$
#54675
b100000001 9
b1010110001 .
1$
#54680
0$
#54685
b1010110010 .
b100000010 9
1$
#54690
0$
#54695
b100000011 9
b1010110011 .
1$
#54700
0$
#54705
b1010110100 .
b100000100 9
1$
#54710
0$
#54715
b100000101 9
b1010110101 .
1$
#54720
0$
#54725
b1010110110 .
b100000110 9
1$
#54730
0$
#54735
b100000111 9
b1010110111 .
1$
#54740
0$
#54745
b1010111000 .
b100001000 9
1$
#54750
0$
#54755
b100001001 9
b1010111001 .
1$
#54760
0$
#54765
b1010111010 .
b100001010 9
1$
#54770
0$
#54775
b100001011 9
b1010111011 .
1$
#54780
0$
#54785
b1010111100 .
b100001100 9
1$
#54790
0$
#54795
b100001101 9
b1010111101 .
1$
#54800
0$
#54805
b1010111110 .
b100001110 9
1$
#54810
0$
#54815
b100001111 9
b1010111111 .
1$
#54820
0$
#54825
b1011000000 .
b100010000 9
1$
#54830
0$
#54835
b100010001 9
b1011000001 .
1$
#54840
0$
#54845
b1011000010 .
b100010010 9
1$
#54850
0$
#54855
b100010011 9
b1011000011 .
1$
#54860
0$
#54865
b1011000100 .
b100010100 9
1$
#54870
0$
#54875
b100010101 9
b1011000101 .
1$
#54880
0$
#54885
b1011000110 .
b100010110 9
1$
#54890
0$
#54895
b100010111 9
b1011000111 .
1$
#54900
0$
#54905
b1011001000 .
b100011000 9
1$
#54910
0$
#54915
b100011001 9
b1011001001 .
1$
#54920
0$
#54925
b1011001010 .
b100011010 9
1$
#54930
0$
#54935
b100011011 9
b1011001011 .
1$
#54940
0$
#54945
b1011001100 .
b100011100 9
1$
#54950
0$
#54955
b100011101 9
b1011001101 .
1$
#54960
0$
#54965
b1011001110 .
b100011110 9
1$
#54970
0$
#54975
b100011111 9
b1011001111 .
1$
#54980
0$
#54985
b1011010000 .
b100100000 9
1$
#54990
0$
#54995
b100100001 9
b1011010001 .
1$
#55000
0$
#55005
b1011010010 .
b100100010 9
1$
#55010
0$
#55015
b100100011 9
b1011010011 .
1$
#55020
0$
#55025
b1011010100 .
b100100100 9
1$
#55030
0$
#55035
b100100101 9
b1011010101 .
1$
#55040
0$
#55045
b1011010110 .
b100100110 9
1$
#55050
0$
#55055
b100100111 9
b1011010111 .
1$
#55060
0$
#55065
b1011011000 .
b100101000 9
1$
#55070
0$
#55075
b100101001 9
b1011011001 .
1$
#55080
0$
#55085
b1011011010 .
b100101010 9
1$
#55090
0$
#55095
b100101011 9
b1011011011 .
1$
#55100
0$
#55105
b1011011100 .
b100101100 9
1$
#55110
0$
#55115
b100101101 9
b1011011101 .
1$
#55120
0$
#55125
b1011011110 .
b100101110 9
1$
#55130
0$
#55135
b100101111 9
b1011011111 .
1$
#55140
0$
#55145
b1011100000 .
b100110000 9
1$
#55150
0$
#55155
b100110001 9
b1011100001 .
1$
#55160
0$
#55165
b1011100010 .
b100110010 9
1$
#55170
0$
#55175
b100110011 9
b1011100011 .
1$
#55180
0$
#55185
b1011100100 .
b100110100 9
1$
#55190
0$
#55195
b100110101 9
b1011100101 .
1$
#55200
0$
#55205
b1011100110 .
b100110110 9
1$
#55210
0$
#55215
b100110111 9
b1011100111 .
1$
#55220
0$
#55225
b1011101000 .
b100111000 9
1$
#55230
0$
#55235
b100111001 9
b1011101001 .
1$
#55240
0$
#55245
b1011101010 .
b100111010 9
1$
#55250
0$
#55255
b100111011 9
b1011101011 .
1$
#55260
0$
#55265
b1011101100 .
b100111100 9
1$
#55270
0$
#55275
b100111101 9
b1011101101 .
1$
#55280
0$
#55285
b1011101110 .
b100111110 9
1$
#55290
0$
#55295
b100111111 9
b1011101111 .
1$
#55300
0$
#55305
b1011110000 .
b101000000 9
1$
#55310
0$
#55315
b101000001 9
b1011110001 .
1$
#55320
0$
#55325
b1011110010 .
b101000010 9
1$
#55330
0$
#55335
b101000011 9
b1011110011 .
1$
#55340
0$
#55345
b1011110100 .
b101000100 9
1$
#55350
0$
#55355
b101000101 9
b1011110101 .
1$
#55360
0$
#55365
b1011110110 .
b101000110 9
1$
#55370
0$
#55375
b101000111 9
b1011110111 .
1$
#55380
0$
#55385
b1011111000 .
b101001000 9
1$
#55390
0$
#55395
b101001001 9
b1011111001 .
1$
#55400
0$
#55405
b1011111010 .
b101001010 9
1$
#55410
0$
#55415
b101001011 9
b1011111011 .
1$
#55420
0$
#55425
b1011111100 .
b101001100 9
1$
#55430
0$
#55435
b101001101 9
b1011111101 .
1$
#55440
0$
#55445
b1011111110 .
b101001110 9
1$
#55450
0$
#55455
b101001111 9
b1011111111 .
1$
#55460
0$
#55465
b1100000000 .
b101010000 9
1$
#55470
0$
#55475
b101010001 9
b1100000001 .
1$
#55480
0$
#55485
b1100000010 .
b101010010 9
1$
#55490
0$
#55495
b101010011 9
b1100000011 .
1$
#55500
0$
#55505
b1100000100 .
b101010100 9
1$
#55510
0$
#55515
b101010101 9
b1100000101 .
1$
#55520
0$
#55525
b1100000110 .
b101010110 9
1$
#55530
0$
#55535
b101010111 9
b1100000111 .
1$
#55540
0$
#55545
b1100001000 .
b101011000 9
1$
#55550
0$
#55555
b101011001 9
b1100001001 .
1$
#55560
0$
#55565
b1100001010 .
b101011010 9
1$
#55570
0$
#55575
b101011011 9
b1100001011 .
1$
#55580
0$
#55585
b1100001100 .
b101011100 9
1$
#55590
0$
#55595
b101011101 9
b1100001101 .
1$
#55600
0$
#55605
b1100001110 .
b101011110 9
1$
#55610
0$
#55615
b101011111 9
b1100001111 .
1$
#55620
0$
#55625
b1100010000 .
b101100000 9
1$
#55630
0$
#55635
b101100001 9
b1100010001 .
1$
#55640
0$
#55645
b1100010010 .
b101100010 9
1$
#55650
0$
#55655
b101100011 9
b1100010011 .
1$
#55660
0$
#55665
b1100010100 .
b101100100 9
1$
#55670
0$
#55675
b101100101 9
b1100010101 .
1$
#55680
0$
#55685
b1100010110 .
b101100110 9
1$
#55690
0$
#55695
b101100111 9
b1100010111 .
1$
#55700
0$
#55705
b1100011000 .
b101101000 9
1$
#55710
0$
#55715
b101101001 9
b1100011001 .
1$
#55720
0$
#55725
b1100011010 .
b101101010 9
1$
#55730
0$
#55735
b101101011 9
b1100011011 .
1$
#55740
0$
#55745
b1100011100 .
b101101100 9
1$
#55750
0$
#55755
b101101101 9
b1100011101 .
1$
#55760
0$
#55765
b1100011110 .
b101101110 9
1$
#55770
0$
#55775
b101101111 9
b1100011111 .
1$
#55780
0$
#55785
b1100100000 .
b101110000 9
1$
#55790
0$
#55795
b101110001 9
b1100100001 .
1$
#55800
0$
#55805
b1100100010 .
b101110010 9
1$
#55810
0$
#55815
b101110011 9
b1100100011 .
1$
#55820
0$
#55825
b1100100100 .
b101110100 9
1$
#55830
0$
#55835
b101110101 9
b1100100101 .
1$
#55840
0$
#55845
b1100100110 .
b101110110 9
1$
#55850
0$
#55855
b101110111 9
b1100100111 .
1$
#55860
0$
#55865
b1100101000 .
b101111000 9
1$
#55870
0$
#55875
b101111001 9
b1100101001 .
1$
#55880
0$
#55885
b1100101010 .
b101111010 9
1$
#55890
0$
#55895
b101111011 9
b1100101011 .
1$
#55900
0$
#55905
b1100101100 .
b101111100 9
1$
#55910
0$
#55915
b101111101 9
b1100101101 .
1$
#55920
0$
#55925
b1100101110 .
b101111110 9
1$
#55930
0$
#55935
b101111111 9
b1100101111 .
1$
#55940
0$
#55945
b1100110000 .
b110000000 9
1$
#55950
0$
#55955
b110000001 9
b1100110001 .
1$
#55960
0$
#55965
b1100110010 .
b110000010 9
1$
#55970
0$
#55975
b110000011 9
b1100110011 .
1$
#55980
0$
#55985
b1100110100 .
b110000100 9
1$
#55990
0$
#55995
b110000101 9
b1100110101 .
1$
#56000
0$
#56005
b1100110110 .
b110000110 9
1$
#56010
0$
#56015
b110000111 9
b1100110111 .
1$
#56020
0$
#56025
b1100111000 .
b110001000 9
1$
#56030
0$
#56035
b110001001 9
b1100111001 .
1$
#56040
0$
#56045
b1100111010 .
b110001010 9
1$
#56050
0$
#56055
b110001011 9
b1100111011 .
1$
#56060
0$
#56065
b1100111100 .
b110001100 9
1$
#56070
0$
#56075
b110001101 9
b1100111101 .
1$
#56080
0$
#56085
b1100111110 .
b110001110 9
1$
#56090
0$
#56095
b110001111 9
b1100111111 .
1$
#56100
0$
#56105
b1101000000 .
b110010000 9
1$
#56110
0$
#56115
b110010001 9
b1101000001 .
1$
#56120
0$
#56125
b1101000010 .
b110010010 9
1$
#56130
0$
#56135
b110010011 9
b1101000011 .
1$
#56140
0$
#56145
b1101000100 .
b110010100 9
1$
#56150
0$
#56155
b110010101 9
b1101000101 .
1$
#56160
0$
#56165
b1101000110 .
b110010110 9
1$
#56170
0$
#56175
b110010111 9
b1101000111 .
1$
#56180
0$
#56185
b1101001000 .
b110011000 9
1$
#56190
0$
#56195
b110011001 9
b1101001001 .
1$
#56200
0$
#56205
b1101001010 .
b110011010 9
1$
#56210
0$
#56215
b110011011 9
b1101001011 .
1$
#56220
0$
#56225
b1101001100 .
b110011100 9
1$
#56230
0$
#56235
b110011101 9
b1101001101 .
1$
#56240
0$
#56245
b1101001110 .
b110011110 9
1$
#56250
0$
#56255
b110011111 9
b1101001111 .
1$
#56260
0$
#56265
b1101010000 .
b110100000 9
1$
#56270
0$
#56275
b110100001 9
b1101010001 .
1$
#56280
0$
#56285
b1101010010 .
b110100010 9
1$
#56290
0$
#56295
b110100011 9
b1101010011 .
1$
#56300
0$
#56305
b1101010100 .
b110100100 9
1$
#56310
0$
#56315
b110100101 9
b1101010101 .
1$
#56320
0$
#56325
b1101010110 .
b110100110 9
1$
#56330
0$
#56335
b110100111 9
b1101010111 .
1$
#56340
0$
#56345
b1101011000 .
b110101000 9
1$
#56350
0$
#56355
b110101001 9
b1101011001 .
1$
#56360
0$
#56365
b1101011010 .
b110101010 9
1$
#56370
0$
#56375
b110101011 9
b1101011011 .
1$
#56380
0$
#56385
b1101011100 .
b110101100 9
1$
#56390
0$
#56395
b110101101 9
b1101011101 .
1$
#56400
0$
#56405
b1101011110 .
b110101110 9
1$
#56410
0$
#56415
b110101111 9
b1101011111 .
1$
#56420
0$
#56425
b1101100000 .
b110110000 9
1$
#56430
0$
#56435
b110110001 9
b1101100001 .
1$
#56440
0$
#56445
b1101100010 .
b110110010 9
1$
#56450
0$
#56455
b110110011 9
b1101100011 .
1$
#56460
0$
#56465
b110 -
b0 .
b110110100 9
1$
#56470
0$
#56475
b110110101 9
b1 .
1$
#56480
0$
#56485
b10 .
b110110110 9
1$
#56490
0$
#56495
b110110111 9
b11 .
1$
#56500
0$
#56505
b100 .
b110111000 9
1$
#56510
0$
#56515
b110111001 9
b101 .
1$
#56520
0$
#56525
b110 .
b110111010 9
1$
#56530
0$
#56535
b110111011 9
b111 .
1$
#56540
0$
#56545
b1000 .
b110111100 9
1$
#56550
0$
#56555
b110111101 9
b1001 .
1$
#56560
0$
#56565
b1010 .
b110111110 9
1$
#56570
0$
#56575
b110111111 9
b1011 .
1$
#56580
0$
#56585
b1100 .
b111000000 9
1$
#56590
0$
#56595
b111000001 9
b1101 .
1$
#56600
0$
#56605
b1110 .
b111000010 9
1$
#56610
0$
#56615
b111000011 9
b1111 .
1$
#56620
0$
#56625
b10000 .
b111000100 9
1$
#56630
0$
#56635
b111000101 9
b10001 .
1$
#56640
0$
#56645
b10010 .
b111000110 9
1$
#56650
0$
#56655
b111000111 9
b10011 .
1$
#56660
0$
#56665
b10100 .
b111001000 9
1$
#56670
0$
#56675
b111001001 9
b10101 .
1$
#56680
0$
#56685
b10110 .
b111001010 9
1$
#56690
0$
#56695
b111001011 9
b10111 .
1$
#56700
0$
#56705
b11000 .
b111001100 9
1$
#56710
0$
#56715
b111001101 9
b11001 .
1$
#56720
0$
#56725
b11010 .
b111001110 9
1$
#56730
0$
#56735
b111001111 9
b11011 .
1$
#56740
0$
#56745
b11100 .
b111010000 9
1$
#56750
0$
#56755
b111010001 9
b11101 .
1$
#56760
0$
#56765
b11110 .
b111010010 9
1$
#56770
0$
#56775
b111010011 9
b11111 .
1$
#56780
0$
#56785
b100000 .
b111010100 9
1$
#56790
0$
#56795
b111010101 9
b100001 .
1$
#56800
0$
#56805
b100010 .
b111010110 9
1$
#56810
0$
#56815
b111010111 9
b100011 .
1$
#56820
0$
#56825
b100100 .
b111011000 9
1$
#56830
0$
#56835
b111011001 9
b100101 .
1$
#56840
0$
#56845
b100110 .
b111011010 9
1$
#56850
0$
#56855
b111011011 9
b100111 .
1$
#56860
0$
#56865
b101000 .
b111011100 9
1$
#56870
0$
#56875
b111011101 9
b101001 .
1$
#56880
0$
#56885
b101010 .
b111011110 9
1$
#56890
0$
#56895
b111011111 9
b101011 .
1$
#56900
0$
#56905
b101100 .
b111100000 9
1$
#56910
0$
#56915
b111100001 9
b101101 .
1$
#56920
0$
#56925
b101110 .
b111100010 9
1$
#56930
0$
#56935
b111100011 9
b101111 .
1$
#56940
0$
#56945
b110000 .
b111100100 9
1$
#56950
0$
#56955
b111100101 9
b110001 .
1$
#56960
0$
#56965
b110010 .
b111100110 9
1$
#56970
0$
#56975
b111100111 9
b110011 .
1$
#56980
0$
#56985
b110100 .
b111101000 9
1$
#56990
0$
#56995
b111101001 9
b110101 .
1$
#57000
0$
#57005
b110110 .
b111101010 9
1$
#57010
0$
#57015
b111101011 9
b110111 .
1$
#57020
0$
#57025
b111000 .
b111101100 9
1$
#57030
0$
#57035
b111101101 9
b111001 .
1$
#57040
0$
#57045
b111010 .
b111101110 9
1$
#57050
0$
#57055
b111101111 9
b111011 .
1$
#57060
0$
#57065
b111100 .
b111110000 9
1$
#57070
0$
#57075
b111110001 9
b111101 .
1$
#57080
0$
#57085
b111110 .
b111110010 9
1$
#57090
0$
#57095
b111110011 9
b111111 .
1$
#57100
0$
#57105
b1000000 .
b111110100 9
1$
#57110
0$
#57115
b111110101 9
b1000001 .
1$
#57120
0$
#57125
b1000010 .
b111110110 9
1$
#57130
0$
#57135
b111110111 9
b1000011 .
1$
#57140
0$
#57145
b1000100 .
b111111000 9
1$
#57150
0$
#57155
b111111001 9
b1000101 .
1$
#57160
0$
#57165
b1000110 .
b111111010 9
1$
#57170
0$
#57175
b111111011 9
b1000111 .
1$
#57180
0$
#57185
b1001000 .
b111111100 9
1$
#57190
0$
#57195
b111111101 9
b1001001 .
1$
#57200
0$
#57205
b1001010 .
b111111110 9
1$
#57210
0$
#57215
b111111111 9
b1001011 .
1$
#57220
0$
#57225
b1001100 .
b1000000000 9
1$
#57230
0$
#57235
b1000000001 9
b1001101 .
1$
#57240
0$
#57245
b1001110 .
b1000000010 9
1$
#57250
0$
#57255
b1000000011 9
b1001111 .
1$
#57260
0$
#57265
b1010000 .
b1000000100 9
1$
#57270
0$
#57275
b1000000101 9
b1010001 .
1$
#57280
0$
#57285
b1010010 .
b1000000110 9
1$
#57290
0$
#57295
b1000000111 9
b1010011 .
1$
#57300
0$
#57305
b1010100 .
b1000001000 9
1$
#57310
0$
#57315
b1000001001 9
b1010101 .
1$
#57320
0$
#57325
b1010110 .
b1000001010 9
1$
#57330
0$
#57335
b1000001011 9
b1010111 .
1$
#57340
0$
#57345
b1011000 .
b1000001100 9
1$
#57350
0$
#57355
b1000001101 9
b1011001 .
1$
#57360
0$
#57365
b1011010 .
b1000001110 9
1$
#57370
0$
#57375
b1000001111 9
b1011011 .
1$
#57380
0$
#57385
b1011100 .
b1000010000 9
1$
#57390
0$
#57395
b1000010001 9
b1011101 .
1$
#57400
0$
#57405
b1011110 .
b1000010010 9
1$
#57410
0$
#57415
b1000010011 9
b1011111 .
1$
#57420
0$
#57425
b1100000 .
b1000010100 9
1$
#57430
0$
#57435
b1000010101 9
b1100001 .
1$
#57440
0$
#57445
b1100010 .
b1000010110 9
1$
#57450
0$
#57455
b1000010111 9
b1100011 .
1$
#57460
0$
#57465
b1100100 .
b1000011000 9
1$
#57470
0$
#57475
b1000011001 9
b1100101 .
1$
#57480
0$
#57485
b1100110 .
b1000011010 9
1$
#57490
0$
#57495
b1000011011 9
b1100111 .
1$
#57500
0$
#57505
b1101000 .
b1000011100 9
1$
#57510
0$
#57515
b1000011101 9
b1101001 .
1$
#57520
0$
#57525
b1101010 .
b1000011110 9
1$
#57530
0$
#57535
b1000011111 9
b1101011 .
1$
#57540
0$
#57545
b1101100 .
b1000100000 9
1$
#57550
0$
#57555
b1000100001 9
b1101101 .
1$
#57560
0$
#57565
b1101110 .
b1000100010 9
1$
#57570
0$
#57575
b1000100011 9
b1101111 .
1$
#57580
0$
#57585
b1110000 .
b1000100100 9
1$
#57590
0$
#57595
b1000100101 9
b1110001 .
1$
#57600
0$
#57605
b1110010 .
b1000100110 9
1$
#57610
0$
#57615
b1000100111 9
b1110011 .
1$
#57620
0$
#57625
b1110100 .
b1000101000 9
1$
#57630
0$
#57635
b1000101001 9
b1110101 .
1$
#57640
0$
#57645
b1110110 .
b1000101010 9
1$
#57650
0$
#57655
b1000101011 9
b1110111 .
1$
#57660
0$
#57665
b1111000 .
b1000101100 9
1$
#57670
0$
#57675
b1000101101 9
b1111001 .
1$
#57680
0$
#57685
b1111010 .
b1000101110 9
1$
#57690
0$
#57695
b1000101111 9
b1111011 .
1$
#57700
0$
#57705
b1111100 .
b1000110000 9
1$
#57710
0$
#57715
b1000110001 9
b1111101 .
1$
#57720
0$
#57725
b1111110 .
b1000110010 9
1$
#57730
0$
#57735
b1000110011 9
b1111111 .
1$
#57740
0$
#57745
b10000000 .
b1000110100 9
1$
#57750
0$
#57755
b1000110101 9
b10000001 .
1$
#57760
0$
#57765
b10000010 .
b1000110110 9
1$
#57770
0$
#57775
b1000110111 9
b10000011 .
1$
#57780
0$
#57785
b10000100 .
b1000111000 9
1$
#57790
0$
#57795
b1000111001 9
b10000101 .
1$
#57800
0$
#57805
b10000110 .
b1000111010 9
1$
#57810
0$
#57815
b1000111011 9
b10000111 .
1$
#57820
0$
#57825
b10001000 .
b1000111100 9
1$
#57830
0$
#57835
b1000111101 9
b10001001 .
1$
#57840
0$
#57845
b10001010 .
b1000111110 9
1$
#57850
0$
#57855
b1000111111 9
b10001011 .
1$
#57860
0$
#57865
b10001100 .
b1001000000 9
1$
#57870
0$
#57875
b1001000001 9
b10001101 .
1$
#57880
0$
#57885
b10001110 .
b1001000010 9
1$
#57890
0$
#57895
b1001000011 9
b10001111 .
1$
#57900
0$
#57905
b10010000 .
b1001000100 9
1$
#57910
0$
#57915
b1001000101 9
b10010001 .
1$
#57920
0$
#57925
b10010010 .
b1001000110 9
1$
#57930
0$
#57935
b1001000111 9
b10010011 .
1$
#57940
0$
#57945
b10010100 .
b1001001000 9
1$
#57950
0$
#57955
b1001001001 9
b10010101 .
1$
#57960
0$
#57965
b10010110 .
b1001001010 9
1$
#57970
0$
#57975
b1001001011 9
b10010111 .
1$
#57980
0$
#57985
b10011000 .
b1001001100 9
1$
#57990
0$
#57995
b1001001101 9
b10011001 .
1$
#58000
0$
#58005
b10011010 .
b1001001110 9
1$
#58010
0$
#58015
b1001001111 9
b10011011 .
1$
#58020
0$
#58025
b10011100 .
b1001010000 9
1$
#58030
0$
#58035
b1001010001 9
b10011101 .
1$
#58040
0$
#58045
b10011110 .
b1001010010 9
1$
#58050
0$
#58055
b1001010011 9
b10011111 .
1$
#58060
0$
#58065
b10100000 .
b1001010100 9
1$
#58070
0$
#58075
b1001010101 9
b10100001 .
1$
#58080
0$
#58085
b10100010 .
b1001010110 9
1$
#58090
0$
#58095
b1001010111 9
b10100011 .
1$
#58100
0$
#58105
b10100100 .
b1001011000 9
1$
#58110
0$
#58115
b1001011001 9
b10100101 .
1$
#58120
0$
#58125
b10100110 .
b1001011010 9
1$
#58130
0$
#58135
b1001011011 9
b10100111 .
1$
#58140
0$
#58145
b10101000 .
b1001011100 9
1$
#58150
0$
#58155
b1001011101 9
b10101001 .
1$
#58160
0$
#58165
b10101010 .
b1001011110 9
1$
#58170
0$
#58175
b1001011111 9
b10101011 .
1$
#58180
0$
#58185
b10101100 .
b1001100000 9
1$
#58190
0$
#58195
b1001100001 9
b10101101 .
1$
#58200
0$
#58205
b10101110 .
b1001100010 9
1$
#58210
0$
#58215
b1001100011 9
b10101111 .
1$
#58220
0$
#58225
b10110000 .
b1001100100 9
1$
#58230
0$
#58235
b1001100101 9
b10110001 .
1$
#58240
0$
#58245
b10110010 .
b1001100110 9
1$
#58250
0$
#58255
b1001100111 9
b10110011 .
1$
#58260
0$
#58265
b10110100 .
b1001101000 9
1$
#58270
0$
#58275
b1001101001 9
b10110101 .
1$
#58280
0$
#58285
b10110110 .
b1001101010 9
1$
#58290
0$
#58295
b1001101011 9
b10110111 .
1$
#58300
0$
#58305
b10111000 .
b1001101100 9
1$
#58310
0$
#58315
b1001101101 9
b10111001 .
1$
#58320
0$
#58325
b10111010 .
b1001101110 9
1$
#58330
0$
#58335
b1001101111 9
b10111011 .
1$
#58340
0$
#58345
b10111100 .
b1001110000 9
1$
#58350
0$
#58355
b1001110001 9
b10111101 .
1$
#58360
0$
#58365
b10111110 .
b1001110010 9
1$
#58370
0$
#58375
b1001110011 9
b10111111 .
1$
#58380
0$
#58385
b11000000 .
b1001110100 9
1$
#58390
0$
#58395
b1001110101 9
b11000001 .
1$
#58400
0$
#58405
b11000010 .
b1001110110 9
1$
#58410
0$
#58415
b1001110111 9
b11000011 .
1$
#58420
0$
#58425
b11000100 .
b1001111000 9
1$
#58430
0$
#58435
b1001111001 9
b11000101 .
1$
#58440
0$
#58445
b11000110 .
b1001111010 9
1$
#58450
0$
#58455
b1001111011 9
b11000111 .
1$
#58460
0$
#58465
b11001000 .
b1001111100 9
1$
#58470
0$
#58475
b1001111101 9
b11001001 .
1$
#58480
0$
#58485
b11001010 .
b1001111110 9
1$
#58490
0$
#58495
b1001111111 9
b11001011 .
1$
#58500
0$
#58505
b11001100 .
b1010000000 9
1$
#58510
0$
#58515
b1010000001 9
b11001101 .
1$
#58520
0$
#58525
b11001110 .
b1010000010 9
1$
#58530
0$
#58535
b1010000011 9
b11001111 .
1$
#58540
0$
#58545
b11010000 .
b1010000100 9
1$
#58550
0$
#58555
b1010000101 9
b11010001 .
1$
#58560
0$
#58565
b11010010 .
b1010000110 9
1$
#58570
0$
#58575
b1010000111 9
b11010011 .
1$
#58580
0$
#58585
b11010100 .
b1010001000 9
1$
#58590
0$
#58595
b1010001001 9
b11010101 .
1$
#58600
0$
#58605
b11010110 .
b1010001010 9
1$
#58610
0$
#58615
b1010001011 9
b11010111 .
1$
#58620
0$
#58625
b11011000 .
b1010001100 9
1$
#58630
0$
#58635
b1010001101 9
b11011001 .
1$
#58640
0$
#58645
b11011010 .
b1010001110 9
1$
#58650
0$
#58655
b1010001111 9
b11011011 .
1$
#58660
0$
#58665
b11011100 .
b1010010000 9
1$
#58670
0$
#58675
b1010010001 9
b11011101 .
1$
#58680
0$
#58685
b11011110 .
b1010010010 9
1$
#58690
0$
#58695
b1010010011 9
b11011111 .
1$
#58700
0$
#58705
b11100000 .
b1010010100 9
1$
#58710
0$
#58715
b1010010101 9
b11100001 .
1$
#58720
0$
#58725
b11100010 .
b1010010110 9
1$
#58730
0$
#58735
b1010010111 9
b11100011 .
1$
#58740
0$
#58745
b11100100 .
b1010011000 9
1$
#58750
0$
#58755
b1010011001 9
b11100101 .
1$
#58760
0$
#58765
b11100110 .
b1010011010 9
1$
#58770
0$
#58775
b1010011011 9
b11100111 .
1$
#58780
0$
#58785
b11101000 .
b1010011100 9
1$
#58790
0$
#58795
b1010011101 9
b11101001 .
1$
#58800
0$
#58805
b11101010 .
b1010011110 9
1$
#58810
0$
#58815
b1010011111 9
b11101011 .
1$
#58820
0$
#58825
b11101100 .
b1010100000 9
1$
#58830
0$
#58835
b1010100001 9
b11101101 .
1$
#58840
0$
#58845
b11101110 .
b1010100010 9
1$
#58850
0$
#58855
b1010100011 9
b11101111 .
1$
#58860
0$
#58865
b11110000 .
b1010100100 9
1$
#58870
0$
#58875
b1010100101 9
b11110001 .
1$
#58880
0$
#58885
b11110010 .
b1010100110 9
1$
#58890
0$
#58895
b1010100111 9
b11110011 .
1$
#58900
0$
#58905
b11110100 .
b1010101000 9
1$
#58910
0$
#58915
b1010101001 9
b11110101 .
1$
#58920
0$
#58925
b11110110 .
b1010101010 9
1$
#58930
0$
#58935
b1010101011 9
b11110111 .
1$
#58940
0$
#58945
b11111000 .
b1010101100 9
1$
#58950
0$
#58955
b1010101101 9
b11111001 .
1$
#58960
0$
#58965
b11111010 .
b1010101110 9
1$
#58970
0$
#58975
b1010101111 9
b11111011 .
1$
#58980
0$
#58985
b11111100 .
b1010110000 9
1$
#58990
0$
#58995
b1010110001 9
b11111101 .
1$
#59000
0$
#59005
b11111110 .
b1010110010 9
1$
#59010
0$
#59015
b1010110011 9
b11111111 .
1$
#59020
0$
#59025
b100000000 .
b1010110100 9
1$
#59030
0$
#59035
b1010110101 9
b100000001 .
1$
#59040
0$
#59045
b100000010 .
b1010110110 9
1$
#59050
0$
#59055
b1010110111 9
b100000011 .
1$
#59060
0$
#59065
b100000100 .
b1010111000 9
1$
#59070
0$
#59075
b1010111001 9
b100000101 .
1$
#59080
0$
#59085
b100000110 .
b1010111010 9
1$
#59090
0$
#59095
b1010111011 9
b100000111 .
1$
#59100
0$
#59105
b100001000 .
b1010111100 9
1$
#59110
0$
#59115
b1010111101 9
b100001001 .
1$
#59120
0$
#59125
b100001010 .
b1010111110 9
1$
#59130
0$
#59135
b1010111111 9
b100001011 .
1$
#59140
0$
#59145
b100001100 .
b1011000000 9
1$
#59150
0$
#59155
b1011000001 9
b100001101 .
1$
#59160
0$
#59165
b100001110 .
b1011000010 9
1$
#59170
0$
#59175
b1011000011 9
b100001111 .
1$
#59180
0$
#59185
b100010000 .
b1011000100 9
1$
#59190
0$
#59195
b1011000101 9
b100010001 .
1$
#59200
0$
#59205
b100010010 .
b1011000110 9
1$
#59210
0$
#59215
b1011000111 9
b100010011 .
1$
#59220
0$
#59225
b100010100 .
b1011001000 9
1$
#59230
0$
#59235
b1011001001 9
b100010101 .
1$
#59240
0$
#59245
b100010110 .
b1011001010 9
1$
#59250
0$
#59255
b1011001011 9
b100010111 .
1$
#59260
0$
#59265
b100011000 .
b1011001100 9
1$
#59270
0$
#59275
b1011001101 9
b100011001 .
1$
#59280
0$
#59285
b100011010 .
b1011001110 9
1$
#59290
0$
#59295
b1011001111 9
b100011011 .
1$
#59300
0$
#59305
b100011100 .
b1011010000 9
1$
#59310
0$
#59315
b1011010001 9
b100011101 .
1$
#59320
0$
#59325
b100011110 .
b1011010010 9
1$
#59330
0$
#59335
b1011010011 9
b100011111 .
1$
#59340
0$
#59345
b100100000 .
b1011010100 9
1$
#59350
0$
#59355
b1011010101 9
b100100001 .
1$
#59360
0$
#59365
b100100010 .
b1011010110 9
1$
#59370
0$
#59375
b1011010111 9
b100100011 .
1$
#59380
0$
#59385
b100100100 .
b1011011000 9
1$
#59390
0$
#59395
b1011011001 9
b100100101 .
1$
#59400
0$
#59405
b100100110 .
b1011011010 9
1$
#59410
0$
#59415
b1011011011 9
b100100111 .
1$
#59420
0$
#59425
b100101000 .
b1011011100 9
1$
#59430
0$
#59435
b1011011101 9
b100101001 .
1$
#59440
0$
#59445
b100101010 .
b1011011110 9
1$
#59450
0$
#59455
b1011011111 9
b100101011 .
1$
#59460
0$
#59465
b100101100 .
b1011100000 9
1$
#59470
0$
#59475
b1011100001 9
b100101101 .
1$
#59480
0$
#59485
b100101110 .
b1011100010 9
1$
#59490
0$
#59495
b1011100011 9
b100101111 .
1$
#59500
0$
#59505
b100110000 .
b1011100100 9
1$
#59510
0$
#59515
b1011100101 9
b100110001 .
1$
#59520
0$
#59525
b100110010 .
b1011100110 9
1$
#59530
0$
#59535
b1011100111 9
b100110011 .
1$
#59540
0$
#59545
b100110100 .
b1011101000 9
1$
#59550
0$
#59555
b1011101001 9
b100110101 .
1$
#59560
0$
#59565
b100110110 .
b1011101010 9
1$
#59570
0$
#59575
b1011101011 9
b100110111 .
1$
#59580
0$
#59585
b100111000 .
b1011101100 9
1$
#59590
0$
#59595
b1011101101 9
b100111001 .
1$
#59600
0$
#59605
b100111010 .
b1011101110 9
1$
#59610
0$
#59615
b1011101111 9
b100111011 .
1$
#59620
0$
#59625
b100111100 .
b1011110000 9
1$
#59630
0$
#59635
b1011110001 9
b100111101 .
1$
#59640
0$
#59645
b100111110 .
b1011110010 9
1$
#59650
0$
#59655
b1011110011 9
b100111111 .
1$
#59660
0$
#59665
b101000000 .
b1011110100 9
1$
#59670
0$
#59675
b1011110101 9
b101000001 .
1$
#59680
0$
#59685
b101000010 .
b1011110110 9
1$
#59690
0$
#59695
b1011110111 9
b101000011 .
1$
#59700
0$
#59705
b101000100 .
b1011111000 9
1$
#59710
0$
#59715
b1011111001 9
b101000101 .
1$
#59720
0$
#59725
b101000110 .
b1011111010 9
1$
#59730
0$
#59735
b1011111011 9
b101000111 .
1$
#59740
0$
#59745
b101001000 .
b1011111100 9
1$
#59750
0$
#59755
b1011111101 9
b101001001 .
1$
#59760
0$
#59765
b101001010 .
b1011111110 9
1$
#59770
0$
#59775
b1011111111 9
b101001011 .
1$
#59780
0$
#59785
b101001100 .
b1100000000 9
1$
#59790
0$
#59795
b1100000001 9
b101001101 .
1$
#59800
0$
#59805
b101001110 .
b1100000010 9
1$
#59810
0$
#59815
b1100000011 9
b101001111 .
1$
#59820
0$
#59825
b101010000 .
b1100000100 9
1$
#59830
0$
#59835
b1100000101 9
b101010001 .
1$
#59840
0$
#59845
b101010010 .
b1100000110 9
1$
#59850
0$
#59855
b1100000111 9
b101010011 .
1$
#59860
0$
#59865
b101010100 .
b1100001000 9
1$
#59870
0$
#59875
b1100001001 9
b101010101 .
1$
#59880
0$
#59885
b101010110 .
b1100001010 9
1$
#59890
0$
#59895
b1100001011 9
b101010111 .
1$
#59900
0$
#59905
b101011000 .
b1100001100 9
1$
#59910
0$
#59915
b1100001101 9
b101011001 .
1$
#59920
0$
#59925
b101011010 .
b1100001110 9
1$
#59930
0$
#59935
b1100001111 9
b101011011 .
1$
#59940
0$
#59945
b101011100 .
b1100010000 9
1$
#59950
0$
#59955
b1100010001 9
b101011101 .
1$
#59960
0$
#59965
b101011110 .
b1100010010 9
1$
#59970
0$
#59975
b1100010011 9
b101011111 .
1$
#59980
0$
#59985
b101100000 .
b1100010100 9
1$
#59990
0$
#59995
b1100010101 9
b101100001 .
1$
#60000
0$
#60005
b101100010 .
b1100010110 9
1$
#60010
0$
#60015
b1100010111 9
b101100011 .
1$
#60020
0$
#60025
b101100100 .
b1100011000 9
1$
#60030
0$
#60035
b1100011001 9
b101100101 .
1$
#60040
0$
#60045
b101100110 .
b1100011010 9
1$
#60050
0$
#60055
b1100011011 9
b101100111 .
1$
#60060
0$
#60065
b101101000 .
b1100011100 9
1$
#60070
0$
#60075
b1100011101 9
b101101001 .
1$
#60080
0$
#60085
b101101010 .
b1100011110 9
1$
#60090
0$
#60095
b1100011111 9
b101101011 .
1$
#60100
0$
#60105
b101101100 .
b1100100000 9
1$
#60110
0$
#60115
b1100100001 9
b101101101 .
1$
#60120
0$
#60125
b101101110 .
b1100100010 9
1$
#60130
0$
#60135
b1100100011 9
b101101111 .
1$
#60140
0$
#60145
b101110000 .
b1100100100 9
1$
#60150
0$
#60155
b1100100101 9
b101110001 .
1$
#60160
0$
#60165
b101110010 .
b1100100110 9
1$
#60170
0$
#60175
b1100100111 9
b101110011 .
1$
#60180
0$
#60185
b101110100 .
b1100101000 9
1$
#60190
0$
#60195
b1100101001 9
b101110101 .
1$
#60200
0$
#60205
b101110110 .
b1100101010 9
1$
#60210
0$
#60215
b1100101011 9
b101110111 .
1$
#60220
0$
#60225
b101111000 .
b1100101100 9
1$
#60230
0$
#60235
b1100101101 9
b101111001 .
1$
#60240
0$
#60245
b101111010 .
b1100101110 9
1$
#60250
0$
#60255
b1100101111 9
b101111011 .
1$
#60260
0$
#60265
b101111100 .
b1100110000 9
1$
#60270
0$
#60275
b1100110001 9
b101111101 .
1$
#60280
0$
#60285
b101111110 .
b1100110010 9
1$
#60290
0$
#60295
b1100110011 9
b101111111 .
1$
#60300
0$
#60305
b110000000 .
b1100110100 9
1$
#60310
0$
#60315
b1100110101 9
b110000001 .
1$
#60320
0$
#60325
b110000010 .
b1100110110 9
1$
#60330
0$
#60335
b1100110111 9
b110000011 .
1$
#60340
0$
#60345
b110000100 .
b1100111000 9
1$
#60350
0$
#60355
b1100111001 9
b110000101 .
1$
#60360
0$
#60365
b110000110 .
b1100111010 9
1$
#60370
0$
#60375
b1100111011 9
b110000111 .
1$
#60380
0$
#60385
b110001000 .
b1100111100 9
1$
#60390
0$
#60395
b1100111101 9
b110001001 .
1$
#60400
0$
#60405
b110001010 .
b1100111110 9
1$
#60410
0$
#60415
b1100111111 9
b110001011 .
1$
#60420
0$
#60425
b110001100 .
b1101000000 9
1$
#60430
0$
#60435
b1101000001 9
b110001101 .
1$
#60440
0$
#60445
b110001110 .
b1101000010 9
1$
#60450
0$
#60455
b1101000011 9
b110001111 .
1$
#60460
0$
#60465
b110010000 .
b1101000100 9
1$
#60470
0$
#60475
b1101000101 9
b110010001 .
1$
#60480
0$
#60485
b110010010 .
b1101000110 9
1$
#60490
0$
#60495
b1101000111 9
b110010011 .
1$
#60500
0$
#60505
b110010100 .
b1101001000 9
1$
#60510
0$
#60515
b1101001001 9
b110010101 .
1$
#60520
0$
#60525
b110010110 .
b1101001010 9
1$
#60530
0$
#60535
b1101001011 9
b110010111 .
1$
#60540
0$
#60545
b110011000 .
b1101001100 9
1$
#60550
0$
#60555
b1101001101 9
b110011001 .
1$
#60560
0$
#60565
b110011010 .
b1101001110 9
1$
#60570
0$
#60575
b1101001111 9
b110011011 .
1$
#60580
0$
#60585
b110011100 .
b1101010000 9
1$
#60590
0$
#60595
b1101010001 9
b110011101 .
1$
#60600
0$
#60605
b110011110 .
b1101010010 9
1$
#60610
0$
#60615
b1101010011 9
b110011111 .
1$
#60620
0$
#60625
b110100000 .
b1101010100 9
1$
#60630
0$
#60635
b1101010101 9
b110100001 .
1$
#60640
0$
#60645
b110100010 .
b1101010110 9
1$
#60650
0$
#60655
b1101010111 9
b110100011 .
1$
#60660
0$
#60665
b110100100 .
b1101011000 9
1$
#60670
0$
#60675
b1101011001 9
b110100101 .
1$
#60680
0$
#60685
b110100110 .
b1101011010 9
1$
#60690
0$
#60695
b1101011011 9
b110100111 .
1$
#60700
0$
#60705
b110101000 .
b1101011100 9
1$
#60710
0$
#60715
b1101011101 9
b110101001 .
1$
#60720
0$
#60725
b110101010 .
b1101011110 9
1$
#60730
0$
#60735
b1101011111 9
b110101011 .
1$
#60740
0$
#60745
b110101100 .
b1101100000 9
1$
#60750
0$
#60755
b1101100001 9
b110101101 .
1$
#60760
0$
#60765
b110101110 .
b1101100010 9
1$
#60770
0$
#60775
b1101100011 9
b110101111 .
1$
#60780
0$
#60785
b110110000 .
b110 8
b0 9
1$
#60790
0$
#60795
b1 9
1!
b110110001 .
1$
#60800
0$
#60805
b110110010 .
b10 9
1$
#60810
0$
#60815
b11 9
b110110011 .
1$
#60820
0$
#60825
b110110100 .
b100 9
1$
#60830
0$
#60835
b101 9
b110110101 .
1$
#60840
0$
#60845
b110110110 .
b110 9
1$
#60850
0$
#60855
b111 9
b110110111 .
1$
#60860
0$
#60865
b110111000 .
b1000 9
1$
#60870
0$
#60875
b1001 9
b110111001 .
1$
#60880
0$
#60885
b110111010 .
b1010 9
1$
#60890
0$
#60895
b1011 9
b110111011 .
1$
#60900
0$
#60905
b110111100 .
b1100 9
1$
#60910
0$
#60915
b1101 9
b110111101 .
1$
#60920
0$
#60925
b110111110 .
b1110 9
1$
#60930
0$
#60935
b1111 9
b110111111 .
1$
#60940
0$
#60945
b111000000 .
b10000 9
1$
#60950
0$
#60955
b10001 9
b111000001 .
1$
#60960
0$
#60965
b111000010 .
b10010 9
1$
#60970
0$
#60975
b10011 9
b111000011 .
1$
#60980
0$
#60985
b111000100 .
b10100 9
1$
#60990
0$
#60995
b10101 9
b111000101 .
1$
#61000
0$
#61005
b111000110 .
b10110 9
1$
#61010
0$
#61015
b10111 9
b111000111 .
1$
#61020
0$
#61025
b111001000 .
b11000 9
1$
#61030
0$
#61035
b11001 9
b111001001 .
1$
#61040
0$
#61045
b111001010 .
b11010 9
1$
#61050
0$
#61055
b11011 9
b111001011 .
1$
#61060
0$
#61065
b111001100 .
b11100 9
1$
#61070
0$
#61075
b11101 9
b111001101 .
1$
#61080
0$
#61085
b111001110 .
b11110 9
1$
#61090
0$
#61095
b11111 9
b111001111 .
1$
#61100
0$
#61105
b111010000 .
b100000 9
1$
#61110
0$
#61115
b100001 9
b111010001 .
1$
#61120
0$
#61125
b111010010 .
b100010 9
1$
#61130
0$
#61135
b100011 9
b111010011 .
1$
#61140
0$
#61145
b111010100 .
b100100 9
1$
#61150
0$
#61155
b100101 9
b111010101 .
1$
#61160
0$
#61165
b111010110 .
b100110 9
1$
#61170
0$
#61175
b100111 9
b111010111 .
1$
#61180
0$
#61185
b111011000 .
b101000 9
1$
#61190
0$
#61195
b101001 9
b111011001 .
1$
#61200
0$
#61205
b111011010 .
b101010 9
1$
#61210
0$
#61215
b101011 9
b111011011 .
1$
#61220
0$
#61225
b111011100 .
b101100 9
1$
#61230
0$
#61235
b101101 9
b111011101 .
1$
#61240
0$
#61245
b111011110 .
b101110 9
1$
#61250
0$
#61255
b101111 9
b111011111 .
1$
#61260
0$
#61265
b111100000 .
b110000 9
1$
#61270
0$
#61275
b110001 9
b111100001 .
1$
#61280
0$
#61285
b111100010 .
b110010 9
1$
#61290
0$
#61295
b110011 9
b111100011 .
1$
#61300
0$
#61305
b111100100 .
b110100 9
1$
#61310
0$
#61315
b110101 9
b111100101 .
1$
#61320
0$
#61325
b111100110 .
b110110 9
1$
#61330
0$
#61335
b110111 9
b111100111 .
1$
#61340
0$
#61345
b111101000 .
b111000 9
1$
#61350
0$
#61355
b111001 9
b111101001 .
1$
#61360
0$
#61365
b111101010 .
b111010 9
1$
#61370
0$
#61375
b111011 9
b111101011 .
1$
#61380
0$
#61385
b111101100 .
b111100 9
1$
#61390
0$
#61395
b111101 9
b111101101 .
1$
#61400
0$
#61405
b111101110 .
b111110 9
1$
#61410
0$
#61415
b111111 9
b111101111 .
1$
#61420
0$
#61425
b111110000 .
b1000000 9
1$
#61430
0$
#61435
b1000001 9
b111110001 .
1$
#61440
0$
#61445
b111110010 .
b1000010 9
1$
#61450
0$
#61455
b1000011 9
b111110011 .
1$
#61460
0$
#61465
b111110100 .
b1000100 9
1$
#61470
0$
#61475
b1000101 9
b111110101 .
1$
#61480
0$
#61485
b111110110 .
b1000110 9
1$
#61490
0$
#61495
b1000111 9
b111110111 .
1$
#61500
0$
#61505
b111111000 .
b1001000 9
1$
#61510
0$
#61515
b1001001 9
b111111001 .
1$
#61520
0$
#61525
b111111010 .
b1001010 9
1$
#61530
0$
#61535
b1001011 9
b111111011 .
1$
#61540
0$
#61545
b111111100 .
b1001100 9
1$
#61550
0$
#61555
b1001101 9
b111111101 .
1$
#61560
0$
#61565
b111111110 .
b1001110 9
1$
#61570
0$
#61575
b1001111 9
b111111111 .
1$
#61580
0$
#61585
b1000000000 .
b1010000 9
1$
#61590
0$
#61595
b1010001 9
b1000000001 .
1$
#61600
0$
#61605
b1000000010 .
b1010010 9
1$
#61610
0$
#61615
b1010011 9
b1000000011 .
1$
#61620
0$
#61625
b1000000100 .
b1010100 9
1$
#61630
0$
#61635
b1010101 9
b1000000101 .
1$
#61640
0$
#61645
b1000000110 .
b1010110 9
1$
#61650
0$
#61655
b1010111 9
b1000000111 .
1$
#61660
0$
#61665
b1000001000 .
b1011000 9
1$
#61670
0$
#61675
b1011001 9
b1000001001 .
1$
#61680
0$
#61685
b1000001010 .
b1011010 9
1$
#61690
0$
#61695
b1011011 9
b1000001011 .
1$
#61700
0$
#61705
b1000001100 .
b1011100 9
1$
#61710
0$
#61715
b1011101 9
b1000001101 .
1$
#61720
0$
#61725
b1000001110 .
b1011110 9
1$
#61730
0$
#61735
b1011111 9
b1000001111 .
1$
#61740
0$
#61745
b1000010000 .
b1100000 9
1$
#61750
0$
#61755
b1100001 9
b1000010001 .
1$
#61760
0$
#61765
b1000010010 .
b1100010 9
1$
#61770
0$
#61775
b1100011 9
b1000010011 .
1$
#61780
0$
#61785
b1000010100 .
b1100100 9
1$
#61790
0$
#61795
b1100101 9
b1000010101 .
1$
#61800
0$
#61805
b1000010110 .
b1100110 9
1$
#61810
0$
#61815
b1100111 9
b1000010111 .
1$
#61820
0$
#61825
b1000011000 .
b1101000 9
1$
#61830
0$
#61835
b1101001 9
b1000011001 .
1$
#61840
0$
#61845
b1000011010 .
b1101010 9
1$
#61850
0$
#61855
b1101011 9
b1000011011 .
1$
#61860
0$
#61865
b1000011100 .
b1101100 9
1$
#61870
0$
#61875
b1101101 9
b1000011101 .
1$
#61880
0$
#61885
b1000011110 .
b1101110 9
1$
#61890
0$
#61895
b1101111 9
b1000011111 .
1$
#61900
0$
#61905
b1000100000 .
b1110000 9
1$
#61910
0$
#61915
b1110001 9
b1000100001 .
1$
#61920
0$
#61925
b1000100010 .
b1110010 9
1$
#61930
0$
#61935
b1110011 9
b1000100011 .
1$
#61940
0$
#61945
b1000100100 .
b1110100 9
1$
#61950
0$
#61955
b1110101 9
b1000100101 .
1$
#61960
0$
#61965
b1000100110 .
b1110110 9
1$
#61970
0$
#61975
b1110111 9
b1000100111 .
1$
#61980
0$
#61985
b1000101000 .
b1111000 9
1$
#61990
0$
#61995
b1111001 9
b1000101001 .
1$
#62000
0$
#62005
b1000101010 .
b1111010 9
1$
#62010
0$
#62015
b1111011 9
b1000101011 .
1$
#62020
0$
#62025
b1000101100 .
b1111100 9
1$
#62030
0$
#62035
b1111101 9
b1000101101 .
1$
#62040
0$
#62045
b1000101110 .
b1111110 9
1$
#62050
0$
#62055
b1111111 9
b1000101111 .
1$
#62060
0$
#62065
b1000110000 .
b10000000 9
1$
#62070
0$
#62075
b10000001 9
b1000110001 .
1$
#62080
0$
#62085
b1000110010 .
b10000010 9
1$
#62090
0$
#62095
b10000011 9
b1000110011 .
1$
#62100
0$
#62105
b1000110100 .
b10000100 9
1$
#62110
0$
#62115
b10000101 9
b1000110101 .
1$
#62120
0$
#62125
b1000110110 .
b10000110 9
1$
#62130
0$
#62135
b10000111 9
b1000110111 .
1$
#62140
0$
#62145
b1000111000 .
b10001000 9
1$
#62150
0$
#62155
b10001001 9
b1000111001 .
1$
#62160
0$
#62165
b1000111010 .
b10001010 9
1$
#62170
0$
#62175
b10001011 9
b1000111011 .
1$
#62180
0$
#62185
b1000111100 .
b10001100 9
1$
#62190
0$
#62195
b10001101 9
b1000111101 .
1$
#62200
0$
#62205
b1000111110 .
b10001110 9
1$
#62210
0$
#62215
b10001111 9
b1000111111 .
1$
#62220
0$
#62225
b1001000000 .
b10010000 9
1$
#62230
0$
#62235
b10010001 9
b1001000001 .
1$
#62240
0$
#62245
b1001000010 .
b10010010 9
1$
#62250
0$
#62255
b10010011 9
b1001000011 .
1$
#62260
0$
#62265
b1001000100 .
b10010100 9
1$
#62270
0$
#62275
b10010101 9
b1001000101 .
1$
#62280
0$
#62285
b1001000110 .
b10010110 9
1$
#62290
0$
#62295
b10010111 9
b1001000111 .
1$
#62300
0$
#62305
b1001001000 .
b10011000 9
1$
#62310
0$
#62315
b10011001 9
b1001001001 .
1$
#62320
0$
#62325
b1001001010 .
b10011010 9
1$
#62330
0$
#62335
b10011011 9
b1001001011 .
1$
#62340
0$
#62345
b1001001100 .
b10011100 9
1$
#62350
0$
#62355
b10011101 9
b1001001101 .
1$
#62360
0$
#62365
b1001001110 .
b10011110 9
1$
#62370
0$
#62375
b10011111 9
b1001001111 .
1$
#62380
0$
#62385
b1001010000 .
b10100000 9
1$
#62390
0$
#62395
b10100001 9
b1001010001 .
1$
#62400
0$
#62405
b1001010010 .
b10100010 9
1$
#62410
0$
#62415
b10100011 9
b1001010011 .
1$
#62420
0$
#62425
b1001010100 .
b10100100 9
1$
#62430
0$
#62435
b10100101 9
b1001010101 .
1$
#62440
0$
#62445
b1001010110 .
b10100110 9
1$
#62450
0$
#62455
b10100111 9
b1001010111 .
1$
#62460
0$
#62465
b1001011000 .
b10101000 9
1$
#62470
0$
#62475
b10101001 9
b1001011001 .
1$
#62480
0$
#62485
b1001011010 .
b10101010 9
1$
#62490
0$
#62495
b10101011 9
b1001011011 .
1$
#62500
0$
#62505
b1001011100 .
b10101100 9
1$
#62510
0$
#62515
b10101101 9
b1001011101 .
1$
#62520
0$
#62525
b1001011110 .
b10101110 9
1$
#62530
0$
#62535
b10101111 9
b1001011111 .
1$
#62540
0$
#62545
b1001100000 .
b10110000 9
1$
#62550
0$
#62555
b10110001 9
b1001100001 .
1$
#62560
0$
#62565
b1001100010 .
b10110010 9
1$
#62570
0$
#62575
b10110011 9
b1001100011 .
1$
#62580
0$
#62585
b1001100100 .
b10110100 9
1$
#62590
0$
#62595
b10110101 9
b1001100101 .
1$
#62600
0$
#62605
b1001100110 .
b10110110 9
1$
#62610
0$
#62615
b10110111 9
b1001100111 .
1$
#62620
0$
#62625
b1001101000 .
b10111000 9
1$
#62630
0$
#62635
b10111001 9
b1001101001 .
1$
#62640
0$
#62645
b1001101010 .
b10111010 9
1$
#62650
0$
#62655
b10111011 9
b1001101011 .
1$
#62660
0$
#62665
b1001101100 .
b10111100 9
1$
#62670
0$
#62675
b10111101 9
b1001101101 .
1$
#62680
0$
#62685
b1001101110 .
b10111110 9
1$
#62690
0$
#62695
b10111111 9
b1001101111 .
1$
#62700
0$
#62705
b1001110000 .
b11000000 9
1$
#62710
0$
#62715
b11000001 9
b1001110001 .
1$
#62720
0$
#62725
b1001110010 .
b11000010 9
1$
#62730
0$
#62735
b11000011 9
b1001110011 .
1$
#62740
0$
#62745
b1001110100 .
b11000100 9
1$
#62750
0$
#62755
b11000101 9
b1001110101 .
1$
#62760
0$
#62765
b1001110110 .
b11000110 9
1$
#62770
0$
#62775
b11000111 9
b1001110111 .
1$
#62780
0$
#62785
b1001111000 .
b11001000 9
1$
#62790
0$
#62795
b11001001 9
b1001111001 .
1$
#62800
0$
#62805
b1001111010 .
b11001010 9
1$
#62810
0$
#62815
b11001011 9
b1001111011 .
1$
#62820
0$
#62825
b1001111100 .
b11001100 9
1$
#62830
0$
#62835
b11001101 9
b1001111101 .
1$
#62840
0$
#62845
b1001111110 .
b11001110 9
1$
#62850
0$
#62855
b11001111 9
b1001111111 .
1$
#62860
0$
#62865
b1010000000 .
b11010000 9
1$
#62870
0$
#62875
b11010001 9
b1010000001 .
1$
#62880
0$
#62885
b1010000010 .
b11010010 9
1$
#62890
0$
#62895
b11010011 9
b1010000011 .
1$
#62900
0$
#62905
b1010000100 .
b11010100 9
1$
#62910
0$
#62915
b11010101 9
b1010000101 .
1$
#62920
0$
#62925
b1010000110 .
b11010110 9
1$
#62930
0$
#62935
b11010111 9
b1010000111 .
1$
#62940
0$
#62945
b1010001000 .
b11011000 9
1$
#62950
0$
#62955
b11011001 9
b1010001001 .
1$
#62960
0$
#62965
b1010001010 .
b11011010 9
1$
#62970
0$
#62975
b11011011 9
b1010001011 .
1$
#62980
0$
#62985
b1010001100 .
b11011100 9
1$
#62990
0$
#62995
b11011101 9
b1010001101 .
1$
#63000
0$
#63005
b1010001110 .
b11011110 9
1$
#63010
0$
#63015
b11011111 9
b1010001111 .
1$
#63020
0$
#63025
b1010010000 .
b11100000 9
1$
#63030
0$
#63035
b11100001 9
b1010010001 .
1$
#63040
0$
#63045
b1010010010 .
b11100010 9
1$
#63050
0$
#63055
b11100011 9
b1010010011 .
1$
#63060
0$
#63065
b1010010100 .
b11100100 9
1$
#63070
0$
#63075
b11100101 9
b1010010101 .
1$
#63080
0$
#63085
b1010010110 .
b11100110 9
1$
#63090
0$
#63095
b11100111 9
b1010010111 .
1$
#63100
0$
#63105
b1010011000 .
b11101000 9
1$
#63110
0$
#63115
b11101001 9
b1010011001 .
1$
#63120
0$
#63125
b1010011010 .
b11101010 9
1$
#63130
0$
#63135
b11101011 9
b1010011011 .
1$
#63140
0$
#63145
b1010011100 .
b11101100 9
1$
#63150
0$
#63155
b11101101 9
b1010011101 .
1$
#63160
0$
#63165
b1010011110 .
b11101110 9
1$
#63170
0$
#63175
b11101111 9
b1010011111 .
1$
#63180
0$
#63185
b1010100000 .
b11110000 9
1$
#63190
0$
#63195
b11110001 9
b1010100001 .
1$
#63200
0$
#63205
b1010100010 .
b11110010 9
1$
#63210
0$
#63215
b11110011 9
b1010100011 .
1$
#63220
0$
#63225
b1010100100 .
b11110100 9
1$
#63230
0$
#63235
b11110101 9
b1010100101 .
1$
#63240
0$
#63245
b1010100110 .
b11110110 9
1$
#63250
0$
#63255
b11110111 9
b1010100111 .
1$
#63260
0$
#63265
b1010101000 .
b11111000 9
1$
#63270
0$
#63275
b11111001 9
b1010101001 .
1$
#63280
0$
#63285
b1010101010 .
b11111010 9
1$
#63290
0$
#63295
b11111011 9
b1010101011 .
1$
#63300
0$
#63305
b1010101100 .
b11111100 9
1$
#63310
0$
#63315
b11111101 9
b1010101101 .
1$
#63320
0$
#63325
b1010101110 .
b11111110 9
1$
#63330
0$
#63335
b11111111 9
b1010101111 .
1$
#63340
0$
#63345
b1010110000 .
b100000000 9
1$
#63350
0$
#63355
b100000001 9
b1010110001 .
1$
#63360
0$
#63365
b1010110010 .
b100000010 9
1$
#63370
0$
#63375
b100000011 9
b1010110011 .
1$
#63380
0$
#63385
b1010110100 .
b100000100 9
1$
#63390
0$
#63395
b100000101 9
b1010110101 .
1$
#63400
0$
#63405
b1010110110 .
b100000110 9
1$
#63410
0$
#63415
b100000111 9
b1010110111 .
1$
#63420
0$
#63425
b1010111000 .
b100001000 9
1$
#63430
0$
#63435
b100001001 9
b1010111001 .
1$
#63440
0$
#63445
b1010111010 .
b100001010 9
1$
#63450
0$
#63455
b100001011 9
b1010111011 .
1$
#63460
0$
#63465
b1010111100 .
b100001100 9
1$
#63470
0$
#63475
b100001101 9
b1010111101 .
1$
#63480
0$
#63485
b1010111110 .
b100001110 9
1$
#63490
0$
#63495
b100001111 9
b1010111111 .
1$
#63500
0$
#63505
b1011000000 .
b100010000 9
1$
#63510
0$
#63515
b100010001 9
b1011000001 .
1$
#63520
0$
#63525
b1011000010 .
b100010010 9
1$
#63530
0$
#63535
b100010011 9
b1011000011 .
1$
#63540
0$
#63545
b1011000100 .
b100010100 9
1$
#63550
0$
#63555
b100010101 9
b1011000101 .
1$
#63560
0$
#63565
b1011000110 .
b100010110 9
1$
#63570
0$
#63575
b100010111 9
b1011000111 .
1$
#63580
0$
#63585
b1011001000 .
b100011000 9
1$
#63590
0$
#63595
b100011001 9
b1011001001 .
1$
#63600
0$
#63605
b1011001010 .
b100011010 9
1$
#63610
0$
#63615
b100011011 9
b1011001011 .
1$
#63620
0$
#63625
b1011001100 .
b100011100 9
1$
#63630
0$
#63635
b100011101 9
b1011001101 .
1$
#63640
0$
#63645
b1011001110 .
b100011110 9
1$
#63650
0$
#63655
b100011111 9
b1011001111 .
1$
#63660
0$
#63665
b1011010000 .
b100100000 9
1$
#63670
0$
#63675
b100100001 9
b1011010001 .
1$
#63680
0$
#63685
b1011010010 .
b100100010 9
1$
#63690
0$
#63695
b100100011 9
b1011010011 .
1$
#63700
0$
#63705
b1011010100 .
b100100100 9
1$
#63710
0$
#63715
b100100101 9
b1011010101 .
1$
#63720
0$
#63725
b1011010110 .
b100100110 9
1$
#63730
0$
#63735
b100100111 9
b1011010111 .
1$
#63740
0$
#63745
b1011011000 .
b100101000 9
1$
#63750
0$
#63755
b100101001 9
b1011011001 .
1$
#63760
0$
#63765
b1011011010 .
b100101010 9
1$
#63770
0$
#63775
b100101011 9
b1011011011 .
1$
#63780
0$
#63785
b1011011100 .
b100101100 9
1$
#63790
0$
#63795
b100101101 9
b1011011101 .
1$
#63800
0$
#63805
b1011011110 .
b100101110 9
1$
#63810
0$
#63815
b100101111 9
b1011011111 .
1$
#63820
0$
#63825
b1011100000 .
b100110000 9
1$
#63830
0$
#63835
b100110001 9
b1011100001 .
1$
#63840
0$
#63845
b1011100010 .
b100110010 9
1$
#63850
0$
#63855
b100110011 9
b1011100011 .
1$
#63860
0$
#63865
b1011100100 .
b100110100 9
1$
#63870
0$
#63875
b100110101 9
b1011100101 .
1$
#63880
0$
#63885
b1011100110 .
b100110110 9
1$
#63890
0$
#63895
b100110111 9
b1011100111 .
1$
#63900
0$
#63905
b1011101000 .
b100111000 9
1$
#63910
0$
#63915
b100111001 9
b1011101001 .
1$
#63920
0$
#63925
b1011101010 .
b100111010 9
1$
#63930
0$
#63935
b100111011 9
b1011101011 .
1$
#63940
0$
#63945
b1011101100 .
b100111100 9
1$
#63950
0$
#63955
b100111101 9
b1011101101 .
1$
#63960
0$
#63965
b1011101110 .
b100111110 9
1$
#63970
0$
#63975
b100111111 9
b1011101111 .
1$
#63980
0$
#63985
b1011110000 .
b101000000 9
1$
#63990
0$
#63995
b101000001 9
b1011110001 .
1$
#64000
0$
#64005
b1011110010 .
b101000010 9
1$
#64010
0$
#64015
b101000011 9
b1011110011 .
1$
#64020
0$
#64025
b1011110100 .
b101000100 9
1$
#64030
0$
#64035
b101000101 9
b1011110101 .
1$
#64040
0$
#64045
b1011110110 .
b101000110 9
1$
#64050
0$
#64055
b101000111 9
b1011110111 .
1$
#64060
0$
#64065
b1011111000 .
b101001000 9
1$
#64070
0$
#64075
b101001001 9
b1011111001 .
1$
#64080
0$
#64085
b1011111010 .
b101001010 9
1$
#64090
0$
#64095
b101001011 9
b1011111011 .
1$
#64100
0$
#64105
b1011111100 .
b101001100 9
1$
#64110
0$
#64115
b101001101 9
b1011111101 .
1$
#64120
0$
#64125
b1011111110 .
b101001110 9
1$
#64130
0$
#64135
b101001111 9
b1011111111 .
1$
#64140
0$
#64145
b1100000000 .
b101010000 9
1$
#64150
0$
#64155
b101010001 9
b1100000001 .
1$
#64160
0$
#64165
b1100000010 .
b101010010 9
1$
#64170
0$
#64175
b101010011 9
b1100000011 .
1$
#64180
0$
#64185
b1100000100 .
b101010100 9
1$
#64190
0$
#64195
b101010101 9
b1100000101 .
1$
#64200
0$
#64205
b1100000110 .
b101010110 9
1$
#64210
0$
#64215
b101010111 9
b1100000111 .
1$
#64220
0$
#64225
b1100001000 .
b101011000 9
1$
#64230
0$
#64235
b101011001 9
b1100001001 .
1$
#64240
0$
#64245
b1100001010 .
b101011010 9
1$
#64250
0$
#64255
b101011011 9
b1100001011 .
1$
#64260
0$
#64265
b1100001100 .
b101011100 9
1$
#64270
0$
#64275
b101011101 9
b1100001101 .
1$
#64280
0$
#64285
b1100001110 .
b101011110 9
1$
#64290
0$
#64295
b101011111 9
b1100001111 .
1$
#64300
0$
#64305
b1100010000 .
b101100000 9
1$
#64310
0$
#64315
b101100001 9
b1100010001 .
1$
#64320
0$
#64325
b1100010010 .
b101100010 9
1$
#64330
0$
#64335
b101100011 9
b1100010011 .
1$
#64340
0$
#64345
b1100010100 .
b101100100 9
1$
#64350
0$
#64355
b101100101 9
b1100010101 .
1$
#64360
0$
#64365
b1100010110 .
b101100110 9
1$
#64370
0$
#64375
b101100111 9
b1100010111 .
1$
#64380
0$
#64385
b1100011000 .
b101101000 9
1$
#64390
0$
#64395
b101101001 9
b1100011001 .
1$
#64400
0$
#64405
b1100011010 .
b101101010 9
1$
#64410
0$
#64415
b101101011 9
b1100011011 .
1$
#64420
0$
#64425
b1100011100 .
b101101100 9
1$
#64430
0$
#64435
b101101101 9
b1100011101 .
1$
#64440
0$
#64445
b1100011110 .
b101101110 9
1$
#64450
0$
#64455
b101101111 9
b1100011111 .
1$
#64460
0$
#64465
b1100100000 .
b101110000 9
1$
#64470
0$
#64475
b101110001 9
b1100100001 .
1$
#64480
0$
#64485
b1100100010 .
b101110010 9
1$
#64490
0$
#64495
b101110011 9
b1100100011 .
1$
#64500
0$
#64505
b1100100100 .
b101110100 9
1$
#64510
0$
#64515
b101110101 9
b1100100101 .
1$
#64520
0$
#64525
b1100100110 .
b101110110 9
1$
#64530
0$
#64535
b101110111 9
b1100100111 .
1$
#64540
0$
#64545
b1100101000 .
b101111000 9
1$
#64550
0$
#64555
b101111001 9
b1100101001 .
1$
#64560
0$
#64565
b1100101010 .
b101111010 9
1$
#64570
0$
#64575
b101111011 9
b1100101011 .
1$
#64580
0$
#64585
b1100101100 .
b101111100 9
1$
#64590
0$
#64595
b101111101 9
b1100101101 .
1$
#64600
0$
#64605
b1100101110 .
b101111110 9
1$
#64610
0$
#64615
b101111111 9
b1100101111 .
1$
#64620
0$
#64625
b1100110000 .
b110000000 9
1$
#64630
0$
#64635
b110000001 9
b1100110001 .
1$
#64640
0$
#64645
b1100110010 .
b110000010 9
1$
#64650
0$
#64655
b110000011 9
b1100110011 .
1$
#64660
0$
#64665
b1100110100 .
b110000100 9
1$
#64670
0$
#64675
b110000101 9
b1100110101 .
1$
#64680
0$
#64685
b1100110110 .
b110000110 9
1$
#64690
0$
#64695
b110000111 9
b1100110111 .
1$
#64700
0$
#64705
b1100111000 .
b110001000 9
1$
#64710
0$
#64715
b110001001 9
b1100111001 .
1$
#64720
0$
#64725
b1100111010 .
b110001010 9
1$
#64730
0$
#64735
b110001011 9
b1100111011 .
1$
#64740
0$
#64745
b1100111100 .
b110001100 9
1$
#64750
0$
#64755
b110001101 9
b1100111101 .
1$
#64760
0$
#64765
b1100111110 .
b110001110 9
1$
#64770
0$
#64775
b110001111 9
b1100111111 .
1$
#64780
0$
#64785
b1101000000 .
b110010000 9
1$
#64790
0$
#64795
b110010001 9
b1101000001 .
1$
#64800
0$
#64805
b1101000010 .
b110010010 9
1$
#64810
0$
#64815
b110010011 9
b1101000011 .
1$
#64820
0$
#64825
b1101000100 .
b110010100 9
1$
#64830
0$
#64835
b110010101 9
b1101000101 .
1$
#64840
0$
#64845
b1101000110 .
b110010110 9
1$
#64850
0$
#64855
b110010111 9
b1101000111 .
1$
#64860
0$
#64865
b1101001000 .
b110011000 9
1$
#64870
0$
#64875
b110011001 9
b1101001001 .
1$
#64880
0$
#64885
b1101001010 .
b110011010 9
1$
#64890
0$
#64895
b110011011 9
b1101001011 .
1$
#64900
0$
#64905
b1101001100 .
b110011100 9
1$
#64910
0$
#64915
b110011101 9
b1101001101 .
1$
#64920
0$
#64925
b1101001110 .
b110011110 9
1$
#64930
0$
#64935
b110011111 9
b1101001111 .
1$
#64940
0$
#64945
b1101010000 .
b110100000 9
1$
#64950
0$
#64955
b110100001 9
b1101010001 .
1$
#64960
0$
#64965
b1101010010 .
b110100010 9
1$
#64970
0$
#64975
b110100011 9
b1101010011 .
1$
#64980
0$
#64985
b1101010100 .
b110100100 9
1$
#64990
0$
#64995
b110100101 9
b1101010101 .
1$
#65000
0$
#65005
b1101010110 .
b110100110 9
1$
#65010
0$
#65015
b110100111 9
b1101010111 .
1$
#65020
0$
#65025
b1101011000 .
b110101000 9
1$
#65030
0$
#65035
b110101001 9
b1101011001 .
1$
#65040
0$
#65045
b1101011010 .
b110101010 9
1$
#65050
0$
#65055
b110101011 9
b1101011011 .
1$
#65060
0$
#65065
b1101011100 .
b110101100 9
1$
#65070
0$
#65075
b110101101 9
b1101011101 .
1$
#65080
0$
#65085
b1101011110 .
b110101110 9
1$
#65090
0$
#65095
b110101111 9
b1101011111 .
1$
#65100
0$
#65105
b1101100000 .
b110110000 9
1$
#65110
0$
#65115
b110110001 9
b1101100001 .
1$
#65120
0$
#65125
b1101100010 .
b110110010 9
1$
#65130
0$
#65135
b110110011 9
b1101100011 .
1$
#65140
0$
#65145
b111 -
b1001001 /
b0 .
b110110100 9
1$
#65150
0$
#65155
b110110101 9
b1 .
1$
#65160
0$
#65165
b10 .
b110110110 9
1$
#65170
0$
#65175
b110110111 9
b11 .
1$
#65180
0$
#65185
b100 .
b110111000 9
1$
#65190
0$
#65195
b110111001 9
b101 .
1$
#65200
0$
#65205
b110 .
b110111010 9
1$
#65210
0$
#65215
b110111011 9
b111 .
1$
#65220
0$
#65225
b1000 .
b110111100 9
1$
#65230
0$
#65235
b110111101 9
b1001 .
1$
#65240
0$
#65245
b1010 .
b110111110 9
1$
#65250
0$
#65255
b110111111 9
b1011 .
1$
#65260
0$
#65265
b1100 .
b111000000 9
1$
#65270
0$
#65275
b111000001 9
b1101 .
1$
#65280
0$
#65285
b1110 .
b111000010 9
1$
#65290
0$
#65295
b111000011 9
b1111 .
1$
#65300
0$
#65305
b10000 .
b111000100 9
1$
#65310
0$
#65315
b111000101 9
b10001 .
1$
#65320
0$
#65325
b10010 .
b111000110 9
1$
#65330
0$
#65335
b111000111 9
b10011 .
1$
#65340
0$
#65345
b10100 .
b111001000 9
1$
#65350
0$
#65355
b111001001 9
b10101 .
1$
#65360
0$
#65365
b10110 .
b111001010 9
1$
#65370
0$
#65375
b111001011 9
b10111 .
1$
#65380
0$
#65385
b11000 .
b111001100 9
1$
#65390
0$
#65395
b111001101 9
b11001 .
1$
#65400
0$
#65405
b11010 .
b111001110 9
1$
#65410
0$
#65415
b111001111 9
b11011 .
1$
#65420
0$
#65425
b11100 .
b111010000 9
1$
#65430
0$
#65435
b111010001 9
b11101 .
1$
#65440
0$
#65445
b11110 .
b111010010 9
1$
#65450
0$
#65455
b111010011 9
b11111 .
1$
#65460
0$
#65465
b100000 .
b111010100 9
1$
#65470
0$
#65475
b111010101 9
b100001 .
1$
#65480
0$
#65485
b100010 .
b111010110 9
1$
#65490
0$
#65495
b111010111 9
b100011 .
1$
#65500
0$
#65505
b100100 .
b111011000 9
1$
#65510
0$
#65515
b111011001 9
b100101 .
1$
#65520
0$
#65525
b100110 .
b111011010 9
1$
#65530
0$
#65535
b111011011 9
b100111 .
1$
#65540
0$
#65545
b101000 .
b111011100 9
1$
#65550
0$
#65555
b111011101 9
b101001 .
1$
#65560
0$
#65565
b101010 .
b111011110 9
1$
#65570
0$
#65575
b111011111 9
b101011 .
1$
#65580
0$
#65585
b101100 .
b111100000 9
1$
#65590
0$
#65595
b111100001 9
b101101 .
1$
#65600
0$
#65605
b101110 .
b111100010 9
1$
#65610
0$
#65615
b111100011 9
b101111 .
1$
#65620
0$
#65625
b110000 .
b111100100 9
1$
#65630
0$
#65635
b111100101 9
b110001 .
1$
#65640
0$
#65645
b110010 .
b111100110 9
1$
#65650
0$
#65655
b111100111 9
b110011 .
1$
#65660
0$
#65665
b110100 .
b111101000 9
1$
#65670
0$
#65675
b111101001 9
b110101 .
1$
#65680
0$
#65685
b110110 .
b111101010 9
1$
#65690
0$
#65695
b111101011 9
b110111 .
1$
#65700
0$
#65705
b111000 .
b111101100 9
1$
#65710
0$
#65715
b111101101 9
b111001 .
1$
#65720
0$
#65725
b111010 .
b111101110 9
1$
#65730
0$
#65735
b111101111 9
b111011 .
1$
#65740
0$
#65745
b111100 .
b111110000 9
1$
#65750
0$
#65755
b111110001 9
b111101 .
1$
#65760
0$
#65765
b111110 .
b111110010 9
1$
#65770
0$
#65775
b111110011 9
b111111 .
1$
#65780
0$
#65785
b1000000 .
b111110100 9
1$
#65790
0$
#65795
b111110101 9
b1000001 .
1$
#65800
0$
#65805
b1000010 .
b111110110 9
1$
#65810
0$
#65815
b111110111 9
b1000011 .
1$
#65820
0$
#65825
b1000100 .
b111111000 9
1$
#65830
0$
#65835
b111111001 9
b1000101 .
1$
#65840
0$
#65845
b1000110 .
b111111010 9
1$
#65850
0$
#65855
b111111011 9
b1000111 .
1$
#65860
0$
#65865
b1001000 .
b111111100 9
1$
#65870
0$
#65875
b111111101 9
b1001001 .
1$
#65880
0$
#65885
b1001010 .
b111111110 9
1$
#65890
0$
#65895
b111111111 9
b1001011 .
1$
#65900
0$
#65905
b1001100 .
b1000000000 9
1$
#65910
0$
#65915
b1000000001 9
b1001101 .
1$
#65920
0$
#65925
b1001110 .
b1000000010 9
1$
#65930
0$
#65935
b1000000011 9
b1001111 .
1$
#65940
0$
#65945
b1010000 .
b1000000100 9
1$
#65950
0$
#65955
b1000000101 9
b1010001 .
1$
#65960
0$
#65965
b1010010 .
b1000000110 9
1$
#65970
0$
#65975
b1000000111 9
b1010011 .
1$
#65980
0$
#65985
b1010100 .
b1000001000 9
1$
#65990
0$
#65995
b1000001001 9
b1010101 .
1$
#66000
0$
#66005
b1010110 .
b1000001010 9
1$
#66010
0$
#66015
b1000001011 9
b1010111 .
1$
#66020
0$
#66025
b1011000 .
b1000001100 9
1$
#66030
0$
#66035
b1000001101 9
b1011001 .
1$
#66040
0$
#66045
b1011010 .
b1000001110 9
1$
#66050
0$
#66055
b1000001111 9
b1011011 .
1$
#66060
0$
#66065
b1011100 .
b1000010000 9
1$
#66070
0$
#66075
b1000010001 9
b1011101 .
1$
#66080
0$
#66085
b1011110 .
b1000010010 9
1$
#66090
0$
#66095
b1000010011 9
b1011111 .
1$
#66100
0$
#66105
b1100000 .
b1000010100 9
1$
#66110
0$
#66115
b1000010101 9
b1100001 .
1$
#66120
0$
#66125
b1100010 .
b1000010110 9
1$
#66130
0$
#66135
b1000010111 9
b1100011 .
1$
#66140
0$
#66145
b1100100 .
b1000011000 9
1$
#66150
0$
#66155
b1000011001 9
b1100101 .
1$
#66160
0$
#66165
b1100110 .
b1000011010 9
1$
#66170
0$
#66175
b1000011011 9
b1100111 .
1$
#66180
0$
#66185
b1101000 .
b1000011100 9
1$
#66190
0$
#66195
b1000011101 9
b1101001 .
1$
#66200
0$
#66205
b1101010 .
b1000011110 9
1$
#66210
0$
#66215
b1000011111 9
b1101011 .
1$
#66220
0$
#66225
b1101100 .
b1000100000 9
1$
#66230
0$
#66235
b1000100001 9
b1101101 .
1$
#66240
0$
#66245
b1101110 .
b1000100010 9
1$
#66250
0$
#66255
b1000100011 9
b1101111 .
1$
#66260
0$
#66265
b1110000 .
b1000100100 9
1$
#66270
0$
#66275
b1000100101 9
b1110001 .
1$
#66280
0$
#66285
b1110010 .
b1000100110 9
1$
#66290
0$
#66295
b1000100111 9
b1110011 .
1$
#66300
0$
#66305
b1110100 .
b1000101000 9
1$
#66310
0$
#66315
b1000101001 9
b1110101 .
1$
#66320
0$
#66325
b1110110 .
b1000101010 9
1$
#66330
0$
#66335
b1000101011 9
b1110111 .
1$
#66340
0$
#66345
b1111000 .
b1000101100 9
1$
#66350
0$
#66355
b1000101101 9
b1111001 .
1$
#66360
0$
#66365
b1111010 .
b1000101110 9
1$
#66370
0$
#66375
b1000101111 9
b1111011 .
1$
#66380
0$
#66385
b1111100 .
b1000110000 9
1$
#66390
0$
#66395
b1000110001 9
b1111101 .
1$
#66400
0$
#66405
b1111110 .
b1000110010 9
1$
#66410
0$
#66415
b1000110011 9
b1111111 .
1$
#66420
0$
#66425
b10000000 .
b1000110100 9
1$
#66430
0$
#66435
b1000110101 9
b10000001 .
1$
#66440
0$
#66445
b10000010 .
b1000110110 9
1$
#66450
0$
#66455
b1000110111 9
b10000011 .
1$
#66460
0$
#66465
b10000100 .
b1000111000 9
1$
#66470
0$
#66475
b1000111001 9
b10000101 .
1$
#66480
0$
#66485
b10000110 .
b1000111010 9
1$
#66490
0$
#66495
b1000111011 9
b10000111 .
1$
#66500
0$
#66505
b10001000 .
b1000111100 9
1$
#66510
0$
#66515
b1000111101 9
b10001001 .
1$
#66520
0$
#66525
b10001010 .
b1000111110 9
1$
#66530
0$
#66535
b1000111111 9
b10001011 .
1$
#66540
0$
#66545
b10001100 .
b1001000000 9
1$
#66550
0$
#66555
b1001000001 9
b10001101 .
1$
#66560
0$
#66565
b10001110 .
b1001000010 9
1$
#66570
0$
#66575
b1001000011 9
b10001111 .
1$
#66580
0$
#66585
b10010000 .
b1001000100 9
1$
#66590
0$
#66595
b1001000101 9
b10010001 .
1$
#66600
0$
#66605
b10010010 .
b1001000110 9
1$
#66610
0$
#66615
b1001000111 9
b10010011 .
1$
#66620
0$
#66625
b10010100 .
b1001001000 9
1$
#66630
0$
#66635
b1001001001 9
b10010101 .
1$
#66640
0$
#66645
b10010110 .
b1001001010 9
1$
#66650
0$
#66655
b1001001011 9
b10010111 .
1$
#66660
0$
#66665
b10011000 .
b1001001100 9
1$
#66670
0$
#66675
b1001001101 9
b10011001 .
1$
#66680
0$
#66685
b10011010 .
b1001001110 9
1$
#66690
0$
#66695
b1001001111 9
b10011011 .
1$
#66700
0$
#66705
b10011100 .
b1001010000 9
1$
#66710
0$
#66715
b1001010001 9
b10011101 .
1$
#66720
0$
#66725
b10011110 .
b1001010010 9
1$
#66730
0$
#66735
b1001010011 9
b10011111 .
1$
#66740
0$
#66745
b10100000 .
b1001010100 9
1$
#66750
0$
#66755
b1001010101 9
b10100001 .
1$
#66760
0$
#66765
b10100010 .
b1001010110 9
1$
#66770
0$
#66775
b1001010111 9
b10100011 .
1$
#66780
0$
#66785
b10100100 .
b1001011000 9
1$
#66790
0$
#66795
b1001011001 9
b10100101 .
1$
#66800
0$
#66805
b10100110 .
b1001011010 9
1$
#66810
0$
#66815
b1001011011 9
b10100111 .
1$
#66820
0$
#66825
b10101000 .
b1001011100 9
1$
#66830
0$
#66835
b1001011101 9
b10101001 .
1$
#66840
0$
#66845
b10101010 .
b1001011110 9
1$
#66850
0$
#66855
b1001011111 9
b10101011 .
1$
#66860
0$
#66865
b10101100 .
b1001100000 9
1$
#66870
0$
#66875
b1001100001 9
b10101101 .
1$
#66880
0$
#66885
b10101110 .
b1001100010 9
1$
#66890
0$
#66895
b1001100011 9
b10101111 .
1$
#66900
0$
#66905
b10110000 .
b1001100100 9
1$
#66910
0$
#66915
b1001100101 9
b10110001 .
1$
#66920
0$
#66925
b10110010 .
b1001100110 9
1$
#66930
0$
#66935
b1001100111 9
b10110011 .
1$
#66940
0$
#66945
b10110100 .
b1001101000 9
1$
#66950
0$
#66955
b1001101001 9
b10110101 .
1$
#66960
0$
#66965
b10110110 .
b1001101010 9
1$
#66970
0$
#66975
b1001101011 9
b10110111 .
1$
#66980
0$
#66985
b10111000 .
b1001101100 9
1$
#66990
0$
#66995
b1001101101 9
b10111001 .
1$
#67000
0$
#67005
b10111010 .
b1001101110 9
1$
#67010
0$
#67015
b1001101111 9
b10111011 .
1$
#67020
0$
#67025
b10111100 .
b1001110000 9
1$
#67030
0$
#67035
b1001110001 9
b10111101 .
1$
#67040
0$
#67045
b10111110 .
b1001110010 9
1$
#67050
0$
#67055
b1001110011 9
b10111111 .
1$
#67060
0$
#67065
b11000000 .
b1001110100 9
1$
#67070
0$
#67075
b1001110101 9
b11000001 .
1$
#67080
0$
#67085
b11000010 .
b1001110110 9
1$
#67090
0$
#67095
b1001110111 9
b11000011 .
1$
#67100
0$
#67105
b11000100 .
b1001111000 9
1$
#67110
0$
#67115
b1001111001 9
b11000101 .
1$
#67120
0$
#67125
b11000110 .
b1001111010 9
1$
#67130
0$
#67135
b1001111011 9
b11000111 .
1$
#67140
0$
#67145
b11001000 .
b1001111100 9
1$
#67150
0$
#67155
b1001111101 9
b11001001 .
1$
#67160
0$
#67165
b11001010 .
b1001111110 9
1$
#67170
0$
#67175
b1001111111 9
b11001011 .
1$
#67180
0$
#67185
b11001100 .
b1010000000 9
1$
#67190
0$
#67195
b1010000001 9
b11001101 .
1$
#67200
0$
#67205
b11001110 .
b1010000010 9
1$
#67210
0$
#67215
b1010000011 9
b11001111 .
1$
#67220
0$
#67225
b11010000 .
b1010000100 9
1$
#67230
0$
#67235
b1010000101 9
b11010001 .
1$
#67240
0$
#67245
b11010010 .
b1010000110 9
1$
#67250
0$
#67255
b1010000111 9
b11010011 .
1$
#67260
0$
#67265
b11010100 .
b1010001000 9
1$
#67270
0$
#67275
b1010001001 9
b11010101 .
1$
#67280
0$
#67285
b11010110 .
b1010001010 9
1$
#67290
0$
#67295
b1010001011 9
b11010111 .
1$
#67300
0$
#67305
b11011000 .
b1010001100 9
1$
#67310
0$
#67315
b1010001101 9
b11011001 .
1$
#67320
0$
#67325
b11011010 .
b1010001110 9
1$
#67330
0$
#67335
b1010001111 9
b11011011 .
1$
#67340
0$
#67345
b11011100 .
b1010010000 9
1$
#67350
0$
#67355
b1010010001 9
b11011101 .
1$
#67360
0$
#67365
b11011110 .
b1010010010 9
1$
#67370
0$
#67375
b1010010011 9
b11011111 .
1$
#67380
0$
#67385
b11100000 .
b1010010100 9
1$
#67390
0$
#67395
b1010010101 9
b11100001 .
1$
#67400
0$
#67405
b11100010 .
b1010010110 9
1$
#67410
0$
#67415
b1010010111 9
b11100011 .
1$
#67420
0$
#67425
b11100100 .
b1010011000 9
1$
#67430
0$
#67435
b1010011001 9
b11100101 .
1$
#67440
0$
#67445
b11100110 .
b1010011010 9
1$
#67450
0$
#67455
b1010011011 9
b11100111 .
1$
#67460
0$
#67465
b11101000 .
b1010011100 9
1$
#67470
0$
#67475
b1010011101 9
b11101001 .
1$
#67480
0$
#67485
b11101010 .
b1010011110 9
1$
#67490
0$
#67495
b1010011111 9
b11101011 .
1$
#67500
0$
#67505
b11101100 .
b1010100000 9
1$
#67510
0$
#67515
b1010100001 9
b11101101 .
1$
#67520
0$
#67525
b11101110 .
b1010100010 9
1$
#67530
0$
#67535
b1010100011 9
b11101111 .
1$
#67540
0$
#67545
b11110000 .
b1010100100 9
1$
#67550
0$
#67555
b1010100101 9
b11110001 .
1$
#67560
0$
#67565
b11110010 .
b1010100110 9
1$
#67570
0$
#67575
b1010100111 9
b11110011 .
1$
#67580
0$
#67585
b11110100 .
b1010101000 9
1$
#67590
0$
#67595
b1010101001 9
b11110101 .
1$
#67600
0$
#67605
b11110110 .
b1010101010 9
1$
#67610
0$
#67615
b1010101011 9
b11110111 .
1$
#67620
0$
#67625
b11111000 .
b1010101100 9
1$
#67630
0$
#67635
b1010101101 9
b11111001 .
1$
#67640
0$
#67645
b11111010 .
b1010101110 9
1$
#67650
0$
#67655
b1010101111 9
b11111011 .
1$
#67660
0$
#67665
b11111100 .
b1010110000 9
1$
#67670
0$
#67675
b1010110001 9
b11111101 .
1$
#67680
0$
#67685
b11111110 .
b1010110010 9
1$
#67690
0$
#67695
b1010110011 9
b11111111 .
1$
#67700
0$
#67705
b100000000 .
b1010110100 9
1$
#67710
0$
#67715
b1010110101 9
b100000001 .
1$
#67720
0$
#67725
b100000010 .
b1010110110 9
1$
#67730
0$
#67735
b1010110111 9
b100000011 .
1$
#67740
0$
#67745
b100000100 .
b1010111000 9
1$
#67750
0$
#67755
b1010111001 9
b100000101 .
1$
#67760
0$
#67765
b100000110 .
b1010111010 9
1$
#67770
0$
#67775
b1010111011 9
b100000111 .
1$
#67780
0$
#67785
b100001000 .
b1010111100 9
1$
#67790
0$
#67795
b1010111101 9
b100001001 .
1$
#67800
0$
#67805
b100001010 .
b1010111110 9
1$
#67810
0$
#67815
b1010111111 9
b100001011 .
1$
#67820
0$
#67825
b100001100 .
b1011000000 9
1$
#67830
0$
#67835
b1011000001 9
b100001101 .
1$
#67840
0$
#67845
b100001110 .
b1011000010 9
1$
#67850
0$
#67855
b1011000011 9
b100001111 .
1$
#67860
0$
#67865
b100010000 .
b1011000100 9
1$
#67870
0$
#67875
b1011000101 9
b100010001 .
1$
#67880
0$
#67885
b100010010 .
b1011000110 9
1$
#67890
0$
#67895
b1011000111 9
b100010011 .
1$
#67900
0$
#67905
b100010100 .
b1011001000 9
1$
#67910
0$
#67915
b1011001001 9
b100010101 .
1$
#67920
0$
#67925
b100010110 .
b1011001010 9
1$
#67930
0$
#67935
b1011001011 9
b100010111 .
1$
#67940
0$
#67945
b100011000 .
b1011001100 9
1$
#67950
0$
#67955
b1011001101 9
b100011001 .
1$
#67960
0$
#67965
b100011010 .
b1011001110 9
1$
#67970
0$
#67975
b1011001111 9
b100011011 .
1$
#67980
0$
#67985
b100011100 .
b1011010000 9
1$
#67990
0$
#67995
b1011010001 9
b100011101 .
1$
#68000
0$
#68005
b100011110 .
b1011010010 9
1$
#68010
0$
#68015
b1011010011 9
b100011111 .
1$
#68020
0$
#68025
b100100000 .
b1011010100 9
1$
#68030
0$
#68035
b1011010101 9
b100100001 .
1$
#68040
0$
#68045
b100100010 .
b1011010110 9
1$
#68050
0$
#68055
b1011010111 9
b100100011 .
1$
#68060
0$
#68065
b100100100 .
b1011011000 9
1$
#68070
0$
#68075
b1011011001 9
b100100101 .
1$
#68080
0$
#68085
b100100110 .
b1011011010 9
1$
#68090
0$
#68095
b1011011011 9
b100100111 .
1$
#68100
0$
#68105
b100101000 .
b1011011100 9
1$
#68110
0$
#68115
b1011011101 9
b100101001 .
1$
#68120
0$
#68125
b100101010 .
b1011011110 9
1$
#68130
0$
#68135
b1011011111 9
b100101011 .
1$
#68140
0$
#68145
b100101100 .
b1011100000 9
1$
#68150
0$
#68155
b1011100001 9
b100101101 .
1$
#68160
0$
#68165
b100101110 .
b1011100010 9
1$
#68170
0$
#68175
b1011100011 9
b100101111 .
1$
#68180
0$
#68185
b100110000 .
b1011100100 9
1$
#68190
0$
#68195
b1011100101 9
b100110001 .
1$
#68200
0$
#68205
b100110010 .
b1011100110 9
1$
#68210
0$
#68215
b1011100111 9
b100110011 .
1$
#68220
0$
#68225
b100110100 .
b1011101000 9
1$
#68230
0$
#68235
b1011101001 9
b100110101 .
1$
#68240
0$
#68245
b100110110 .
b1011101010 9
1$
#68250
0$
#68255
b1011101011 9
b100110111 .
1$
#68260
0$
#68265
b100111000 .
b1011101100 9
1$
#68270
0$
#68275
b1011101101 9
b100111001 .
1$
#68280
0$
#68285
b100111010 .
b1011101110 9
1$
#68290
0$
#68295
b1011101111 9
b100111011 .
1$
#68300
0$
#68305
b100111100 .
b1011110000 9
1$
#68310
0$
#68315
b1011110001 9
b100111101 .
1$
#68320
0$
#68325
b100111110 .
b1011110010 9
1$
#68330
0$
#68335
b1011110011 9
b100111111 .
1$
#68340
0$
#68345
b101000000 .
b1011110100 9
1$
#68350
0$
#68355
b1011110101 9
b101000001 .
1$
#68360
0$
#68365
b101000010 .
b1011110110 9
1$
#68370
0$
#68375
b1011110111 9
b101000011 .
1$
#68380
0$
#68385
b101000100 .
b1011111000 9
1$
#68390
0$
#68395
b1011111001 9
b101000101 .
1$
#68400
0$
#68405
b101000110 .
b1011111010 9
1$
#68410
0$
#68415
b1011111011 9
b101000111 .
1$
#68420
0$
#68425
b101001000 .
b1011111100 9
1$
#68430
0$
#68435
b1011111101 9
b101001001 .
1$
#68440
0$
#68445
b101001010 .
b1011111110 9
1$
#68450
0$
#68455
b1011111111 9
b101001011 .
1$
#68460
0$
#68465
b101001100 .
b1100000000 9
1$
#68470
0$
#68475
b1100000001 9
b101001101 .
1$
#68480
0$
#68485
b101001110 .
b1100000010 9
1$
#68490
0$
#68495
b1100000011 9
b101001111 .
1$
#68500
0$
#68505
b101010000 .
b1100000100 9
1$
#68510
0$
#68515
b1100000101 9
b101010001 .
1$
#68520
0$
#68525
b101010010 .
b1100000110 9
1$
#68530
0$
#68535
b1100000111 9
b101010011 .
1$
#68540
0$
#68545
b101010100 .
b1100001000 9
1$
#68550
0$
#68555
b1100001001 9
b101010101 .
1$
#68560
0$
#68565
b101010110 .
b1100001010 9
1$
#68570
0$
#68575
b1100001011 9
b101010111 .
1$
#68580
0$
#68585
b101011000 .
b1100001100 9
1$
#68590
0$
#68595
b1100001101 9
b101011001 .
1$
#68600
0$
#68605
b101011010 .
b1100001110 9
1$
#68610
0$
#68615
b1100001111 9
b101011011 .
1$
#68620
0$
#68625
b101011100 .
b1100010000 9
1$
#68630
0$
#68635
b1100010001 9
b101011101 .
1$
#68640
0$
#68645
b101011110 .
b1100010010 9
1$
#68650
0$
#68655
b1100010011 9
b101011111 .
1$
#68660
0$
#68665
b101100000 .
b1100010100 9
1$
#68670
0$
#68675
b1100010101 9
b101100001 .
1$
#68680
0$
#68685
b101100010 .
b1100010110 9
1$
#68690
0$
#68695
b1100010111 9
b101100011 .
1$
#68700
0$
#68705
b101100100 .
b1100011000 9
1$
#68710
0$
#68715
b1100011001 9
b101100101 .
1$
#68720
0$
#68725
b101100110 .
b1100011010 9
1$
#68730
0$
#68735
b1100011011 9
b101100111 .
1$
#68740
0$
#68745
b101101000 .
b1100011100 9
1$
#68750
0$
#68755
b1100011101 9
b101101001 .
1$
#68760
0$
#68765
b101101010 .
b1100011110 9
1$
#68770
0$
#68775
b1100011111 9
b101101011 .
1$
#68780
0$
#68785
b101101100 .
b1100100000 9
1$
#68790
0$
#68795
b1100100001 9
b101101101 .
1$
#68800
0$
#68805
b101101110 .
b1100100010 9
1$
#68810
0$
#68815
b1100100011 9
b101101111 .
1$
#68820
0$
#68825
b101110000 .
b1100100100 9
1$
#68830
0$
#68835
b1100100101 9
b101110001 .
1$
#68840
0$
#68845
b101110010 .
b1100100110 9
1$
#68850
0$
#68855
b1100100111 9
b101110011 .
1$
#68860
0$
#68865
b101110100 .
b1100101000 9
1$
#68870
0$
#68875
b1100101001 9
b101110101 .
1$
#68880
0$
#68885
b101110110 .
b1100101010 9
1$
#68890
0$
#68895
b1100101011 9
b101110111 .
1$
#68900
0$
#68905
b101111000 .
b1100101100 9
1$
#68910
0$
#68915
b1100101101 9
b101111001 .
1$
#68920
0$
#68925
b101111010 .
b1100101110 9
1$
#68930
0$
#68935
b1100101111 9
b101111011 .
1$
#68940
0$
#68945
b101111100 .
b1100110000 9
1$
#68950
0$
#68955
b1100110001 9
b101111101 .
1$
#68960
0$
#68965
b101111110 .
b1100110010 9
1$
#68970
0$
#68975
b1100110011 9
b101111111 .
1$
#68980
0$
#68985
b110000000 .
b1100110100 9
1$
#68990
0$
#68995
b1100110101 9
b110000001 .
1$
#69000
0$
#69005
b110000010 .
b1100110110 9
1$
#69010
0$
#69015
b1100110111 9
b110000011 .
1$
#69020
0$
#69025
b110000100 .
b1100111000 9
1$
#69030
0$
#69035
b1100111001 9
b110000101 .
1$
#69040
0$
#69045
b110000110 .
b1100111010 9
1$
#69050
0$
#69055
b1100111011 9
b110000111 .
1$
#69060
0$
#69065
b110001000 .
b1100111100 9
1$
#69070
0$
#69075
b1100111101 9
b110001001 .
1$
#69080
0$
#69085
b110001010 .
b1100111110 9
1$
#69090
0$
#69095
b1100111111 9
b110001011 .
1$
#69100
0$
#69105
b110001100 .
b1101000000 9
1$
#69110
0$
#69115
b1101000001 9
b110001101 .
1$
#69120
0$
#69125
b110001110 .
b1101000010 9
1$
#69130
0$
#69135
b1101000011 9
b110001111 .
1$
#69140
0$
#69145
b110010000 .
b1101000100 9
1$
#69150
0$
#69155
b1101000101 9
b110010001 .
1$
#69160
0$
#69165
b110010010 .
b1101000110 9
1$
#69170
0$
#69175
b1101000111 9
b110010011 .
1$
#69180
0$
#69185
b110010100 .
b1101001000 9
1$
#69190
0$
#69195
b1101001001 9
b110010101 .
1$
#69200
0$
#69205
b110010110 .
b1101001010 9
1$
#69210
0$
#69215
b1101001011 9
b110010111 .
1$
#69220
0$
#69225
b110011000 .
b1101001100 9
1$
#69230
0$
#69235
b1101001101 9
b110011001 .
1$
#69240
0$
#69245
b110011010 .
b1101001110 9
1$
#69250
0$
#69255
b1101001111 9
b110011011 .
1$
#69260
0$
#69265
b110011100 .
b1101010000 9
1$
#69270
0$
#69275
b1101010001 9
b110011101 .
1$
#69280
0$
#69285
b110011110 .
b1101010010 9
1$
#69290
0$
#69295
b1101010011 9
b110011111 .
1$
#69300
0$
#69305
b110100000 .
b1101010100 9
1$
#69310
0$
#69315
b1101010101 9
b110100001 .
1$
#69320
0$
#69325
b110100010 .
b1101010110 9
1$
#69330
0$
#69335
b1101010111 9
b110100011 .
1$
#69340
0$
#69345
b110100100 .
b1101011000 9
1$
#69350
0$
#69355
b1101011001 9
b110100101 .
1$
#69360
0$
#69365
b110100110 .
b1101011010 9
1$
#69370
0$
#69375
b1101011011 9
b110100111 .
1$
#69380
0$
#69385
b110101000 .
b1101011100 9
1$
#69390
0$
#69395
b1101011101 9
b110101001 .
1$
#69400
0$
#69405
b110101010 .
b1101011110 9
1$
#69410
0$
#69415
b1101011111 9
b110101011 .
1$
#69420
0$
#69425
b110101100 .
b1101100000 9
1$
#69430
0$
#69435
b1101100001 9
b110101101 .
1$
#69440
0$
#69445
b110101110 .
b1101100010 9
1$
#69450
0$
#69455
b1101100011 9
b110101111 .
1$
#69460
0$
#69465
b110110000 .
b111 8
b0 9
1$
#69470
0$
#69475
b1 9
0!
b110110001 .
1$
#69480
0$
#69485
b110110010 .
b10 9
1$
#69490
0$
#69495
b11 9
b110110011 .
1$
#69500
0$
#69505
b110110100 .
b100 9
1$
#69510
0$
#69515
b101 9
b110110101 .
1$
#69520
0$
#69525
b110110110 .
b110 9
1$
#69530
0$
#69535
b111 9
b110110111 .
1$
#69540
0$
#69545
b110111000 .
b1000 9
1$
#69550
0$
#69555
b1001 9
b110111001 .
1$
#69560
0$
#69565
b110111010 .
b1010 9
1$
#69570
0$
#69575
b1011 9
b110111011 .
1$
#69580
0$
#69585
b110111100 .
b1100 9
1$
#69590
0$
#69595
b1101 9
b110111101 .
1$
#69600
0$
#69605
b110111110 .
b1110 9
1$
#69610
0$
#69615
b1111 9
b110111111 .
1$
#69620
0$
#69625
b111000000 .
b10000 9
1$
#69630
0$
#69635
b10001 9
b111000001 .
1$
#69640
0$
#69645
b111000010 .
b10010 9
1$
#69650
0$
#69655
b10011 9
b111000011 .
1$
#69660
0$
#69665
b111000100 .
b10100 9
1$
#69670
0$
#69675
b10101 9
b111000101 .
1$
#69680
0$
#69685
b111000110 .
b10110 9
1$
#69690
0$
#69695
b10111 9
b111000111 .
1$
#69700
0$
#69705
b111001000 .
b11000 9
1$
#69710
0$
#69715
b11001 9
b111001001 .
1$
#69720
0$
#69725
b111001010 .
b11010 9
1$
#69730
0$
#69735
b11011 9
b111001011 .
1$
#69740
0$
#69745
b111001100 .
b11100 9
1$
#69750
0$
#69755
b11101 9
b111001101 .
1$
#69760
0$
#69765
b111001110 .
b11110 9
1$
#69770
0$
#69775
b11111 9
b111001111 .
1$
#69780
0$
#69785
b111010000 .
b100000 9
1$
#69790
0$
#69795
b100001 9
b111010001 .
1$
#69800
0$
#69805
b111010010 .
b100010 9
1$
#69810
0$
#69815
b100011 9
b111010011 .
1$
#69820
0$
#69825
b111010100 .
b100100 9
1$
#69830
0$
#69835
b100101 9
b111010101 .
1$
#69840
0$
#69845
b111010110 .
b100110 9
1$
#69850
0$
#69855
b100111 9
b111010111 .
1$
#69860
0$
#69865
b111011000 .
b101000 9
1$
#69870
0$
#69875
b101001 9
b111011001 .
1$
#69880
0$
#69885
b111011010 .
b101010 9
1$
#69890
0$
#69895
b101011 9
b111011011 .
1$
#69900
0$
#69905
b111011100 .
b101100 9
1$
#69910
0$
#69915
b101101 9
b111011101 .
1$
#69920
0$
#69925
b111011110 .
b101110 9
1$
#69930
0$
#69935
b101111 9
b111011111 .
1$
#69940
0$
#69945
b111100000 .
b110000 9
1$
#69950
0$
#69955
b110001 9
b111100001 .
1$
#69960
0$
#69965
b111100010 .
b110010 9
1$
#69970
0$
#69975
b110011 9
b111100011 .
1$
#69980
0$
#69985
b111100100 .
b110100 9
1$
#69990
0$
#69995
b110101 9
b111100101 .
1$
#70000
0$
#70005
b111100110 .
b110110 9
1$
#70010
0$
#70015
b110111 9
b111100111 .
1$
#70020
0$
#70025
b111101000 .
b111000 9
1$
#70030
0$
#70035
b111001 9
b111101001 .
1$
#70040
0$
#70045
b111101010 .
b111010 9
1$
#70050
0$
#70055
b111011 9
b111101011 .
1$
#70060
0$
#70065
b111101100 .
b111100 9
1$
#70070
0$
#70075
b111101 9
b111101101 .
1$
#70080
0$
#70085
b111101110 .
b111110 9
1$
#70090
0$
#70095
b111111 9
b111101111 .
1$
#70100
0$
#70105
b111110000 .
b1000000 9
1$
#70110
0$
#70115
b1000001 9
b111110001 .
1$
#70120
0$
#70125
b111110010 .
b1000010 9
1$
#70130
0$
#70135
b1000011 9
b111110011 .
1$
#70140
0$
#70145
b111110100 .
b1000100 9
1$
#70150
0$
#70155
b1000101 9
b111110101 .
1$
#70160
0$
#70165
b111110110 .
b1000110 9
1$
#70170
0$
#70175
b1000111 9
b111110111 .
1$
#70180
0$
#70185
b111111000 .
b1001000 9
1$
#70190
0$
#70195
b1001001 9
b111111001 .
1$
#70200
0$
#70205
b111111010 .
b1001010 9
1$
#70210
0$
#70215
b1001011 9
b111111011 .
1$
#70220
0$
#70225
b111111100 .
b1001100 9
1$
#70230
0$
#70235
b1001101 9
b111111101 .
1$
#70240
0$
#70245
b111111110 .
b1001110 9
1$
#70250
0$
#70255
b1001111 9
b111111111 .
1$
#70260
0$
#70265
b1000000000 .
b1010000 9
1$
#70270
0$
#70275
b1010001 9
b1000000001 .
1$
#70280
0$
#70285
b1000000010 .
b1010010 9
1$
#70290
0$
#70295
b1010011 9
b1000000011 .
1$
#70300
0$
#70305
b1000000100 .
b1010100 9
1$
#70310
0$
#70315
b1010101 9
b1000000101 .
1$
#70320
0$
#70325
b1000000110 .
b1010110 9
1$
#70330
0$
#70335
b1010111 9
b1000000111 .
1$
#70340
0$
#70345
b1000001000 .
b1011000 9
1$
#70350
0$
#70355
b1011001 9
b1000001001 .
1$
#70360
0$
#70365
b1000001010 .
b1011010 9
1$
#70370
0$
#70375
b1011011 9
b1000001011 .
1$
#70380
0$
#70385
b1000001100 .
b1011100 9
1$
#70390
0$
#70395
b1011101 9
b1000001101 .
1$
#70400
0$
#70405
b1000001110 .
b1011110 9
1$
#70410
0$
#70415
b1011111 9
b1000001111 .
1$
#70420
0$
#70425
b1000010000 .
b1100000 9
1$
#70430
0$
#70435
b1100001 9
b1000010001 .
1$
#70440
0$
#70445
b1000010010 .
b1100010 9
1$
#70450
0$
#70455
b1100011 9
b1000010011 .
1$
#70460
0$
#70465
b1000010100 .
b1100100 9
1$
#70470
0$
#70475
b1100101 9
b1000010101 .
1$
#70480
0$
#70485
b1000010110 .
b1100110 9
1$
#70490
0$
#70495
b1100111 9
b1000010111 .
1$
#70500
0$
#70505
b1000011000 .
b1101000 9
1$
#70510
0$
#70515
b1101001 9
b1000011001 .
1$
#70520
0$
#70525
b1000011010 .
b1101010 9
1$
#70530
0$
#70535
b1101011 9
b1000011011 .
1$
#70540
0$
#70545
b1000011100 .
b1101100 9
1$
#70550
0$
#70555
b1101101 9
b1000011101 .
1$
#70560
0$
#70565
b1000011110 .
b1101110 9
1$
#70570
0$
#70575
b1101111 9
b1000011111 .
1$
#70580
0$
#70585
b1000100000 .
b1110000 9
1$
#70590
0$
#70595
b1110001 9
b1000100001 .
1$
#70600
0$
#70605
b1000100010 .
b1110010 9
1$
#70610
0$
#70615
b1110011 9
b1000100011 .
1$
#70620
0$
#70625
b1000100100 .
b1110100 9
1$
#70630
0$
#70635
b1110101 9
b1000100101 .
1$
#70640
0$
#70645
b1000100110 .
b1110110 9
1$
#70650
0$
#70655
b1110111 9
b1000100111 .
1$
#70660
0$
#70665
b1000101000 .
b1111000 9
1$
#70670
0$
#70675
b1111001 9
b1000101001 .
1$
#70680
0$
#70685
b1000101010 .
b1111010 9
1$
#70690
0$
#70695
b1111011 9
b1000101011 .
1$
#70700
0$
#70705
b1000101100 .
b1111100 9
1$
#70710
0$
#70715
b1111101 9
b1000101101 .
1$
#70720
0$
#70725
b1000101110 .
b1111110 9
1$
#70730
0$
#70735
b1111111 9
b1000101111 .
1$
#70740
0$
#70745
b1000110000 .
b10000000 9
1$
#70750
0$
#70755
b10000001 9
b1000110001 .
1$
#70760
0$
#70765
b1000110010 .
b10000010 9
1$
#70770
0$
#70775
b10000011 9
b1000110011 .
1$
#70780
0$
#70785
b1000110100 .
b10000100 9
1$
#70790
0$
#70795
b10000101 9
b1000110101 .
1$
#70800
0$
#70805
b1000110110 .
b10000110 9
1$
#70810
0$
#70815
b10000111 9
b1000110111 .
1$
#70820
0$
#70825
b1000111000 .
b10001000 9
1$
#70830
0$
#70835
b10001001 9
b1000111001 .
1$
#70840
0$
#70845
b1000111010 .
b10001010 9
1$
#70850
0$
#70855
b10001011 9
b1000111011 .
1$
#70860
0$
#70865
b1000111100 .
b10001100 9
1$
#70870
0$
#70875
b10001101 9
b1000111101 .
1$
#70880
0$
#70885
b1000111110 .
b10001110 9
1$
#70890
0$
#70895
b10001111 9
b1000111111 .
1$
#70900
0$
#70905
b1001000000 .
b10010000 9
1$
#70910
0$
#70915
b10010001 9
b1001000001 .
1$
#70920
0$
#70925
b1001000010 .
b10010010 9
1$
#70930
0$
#70935
b10010011 9
b1001000011 .
1$
#70940
0$
#70945
b1001000100 .
b10010100 9
1$
#70950
0$
#70955
b10010101 9
b1001000101 .
1$
#70960
0$
#70965
b1001000110 .
b10010110 9
1$
#70970
0$
#70975
b10010111 9
b1001000111 .
1$
#70980
0$
#70985
b1001001000 .
b10011000 9
1$
#70990
0$
#70995
b10011001 9
b1001001001 .
1$
#71000
0$
#71005
b1001001010 .
b10011010 9
1$
#71010
0$
#71015
b10011011 9
b1001001011 .
1$
#71020
0$
#71025
b1001001100 .
b10011100 9
1$
#71030
0$
#71035
b10011101 9
b1001001101 .
1$
#71040
0$
#71045
b1001001110 .
b10011110 9
1$
#71050
0$
#71055
b10011111 9
b1001001111 .
1$
#71060
0$
#71065
b1001010000 .
b10100000 9
1$
#71070
0$
#71075
b10100001 9
b1001010001 .
1$
#71080
0$
#71085
b1001010010 .
b10100010 9
1$
#71090
0$
#71095
b10100011 9
b1001010011 .
1$
#71100
0$
#71105
b1001010100 .
b10100100 9
1$
#71110
0$
#71115
b10100101 9
b1001010101 .
1$
#71120
0$
#71125
b1001010110 .
b10100110 9
1$
#71130
0$
#71135
b10100111 9
b1001010111 .
1$
#71140
0$
#71145
b1001011000 .
b10101000 9
1$
#71150
0$
#71155
b10101001 9
b1001011001 .
1$
#71160
0$
#71165
b1001011010 .
b10101010 9
1$
#71170
0$
#71175
b10101011 9
b1001011011 .
1$
#71180
0$
#71185
b1001011100 .
b10101100 9
1$
#71190
0$
#71195
b10101101 9
b1001011101 .
1$
#71200
0$
#71205
b1001011110 .
b10101110 9
1$
#71210
0$
#71215
b10101111 9
b1001011111 .
1$
#71220
0$
#71225
b1001100000 .
b10110000 9
1$
#71230
0$
#71235
b10110001 9
b1001100001 .
1$
#71240
0$
#71245
b1001100010 .
b10110010 9
1$
#71250
0$
#71255
b10110011 9
b1001100011 .
1$
#71260
0$
#71265
b1001100100 .
b10110100 9
1$
#71270
0$
#71275
b10110101 9
b1001100101 .
1$
#71280
0$
#71285
b1001100110 .
b10110110 9
1$
#71290
0$
#71295
b10110111 9
b1001100111 .
1$
#71300
0$
#71305
b1001101000 .
b10111000 9
1$
#71310
0$
#71315
b10111001 9
b1001101001 .
1$
#71320
0$
#71325
b1001101010 .
b10111010 9
1$
#71330
0$
#71335
b10111011 9
b1001101011 .
1$
#71340
0$
#71345
b1001101100 .
b10111100 9
1$
#71350
0$
#71355
b10111101 9
b1001101101 .
1$
#71360
0$
#71365
b1001101110 .
b10111110 9
1$
#71370
0$
#71375
b10111111 9
b1001101111 .
1$
#71380
0$
#71385
b1001110000 .
b11000000 9
1$
#71390
0$
#71395
b11000001 9
b1001110001 .
1$
#71400
0$
#71405
b1001110010 .
b11000010 9
1$
#71410
0$
#71415
b11000011 9
b1001110011 .
1$
#71420
0$
#71425
b1001110100 .
b11000100 9
1$
#71430
0$
#71435
b11000101 9
b1001110101 .
1$
#71440
0$
#71445
b1001110110 .
b11000110 9
1$
#71450
0$
#71455
b11000111 9
b1001110111 .
1$
#71460
0$
#71465
b1001111000 .
b11001000 9
1$
#71470
0$
#71475
b11001001 9
b1001111001 .
1$
#71480
0$
#71485
b1001111010 .
b11001010 9
1$
#71490
0$
#71495
b11001011 9
b1001111011 .
1$
#71500
0$
#71505
b1001111100 .
b11001100 9
1$
#71510
0$
#71515
b11001101 9
b1001111101 .
1$
#71520
0$
#71525
b1001111110 .
b11001110 9
1$
#71530
0$
#71535
b11001111 9
b1001111111 .
1$
#71540
0$
#71545
b1010000000 .
b11010000 9
1$
#71550
0$
#71555
b11010001 9
b1010000001 .
1$
#71560
0$
#71565
b1010000010 .
b11010010 9
1$
#71570
0$
#71575
b11010011 9
b1010000011 .
1$
#71580
0$
#71585
b1010000100 .
b11010100 9
1$
#71590
0$
#71595
b11010101 9
b1010000101 .
1$
#71600
0$
#71605
b1010000110 .
b11010110 9
1$
#71610
0$
#71615
b11010111 9
b1010000111 .
1$
#71620
0$
#71625
b1010001000 .
b11011000 9
1$
#71630
0$
#71635
b11011001 9
b1010001001 .
1$
#71640
0$
#71645
b1010001010 .
b11011010 9
1$
#71650
0$
#71655
b11011011 9
b1010001011 .
1$
#71660
0$
#71665
b1010001100 .
b11011100 9
1$
#71670
0$
#71675
b11011101 9
b1010001101 .
1$
#71680
0$
#71685
b1010001110 .
b11011110 9
1$
#71690
0$
#71695
b11011111 9
b1010001111 .
1$
#71700
0$
#71705
b1010010000 .
b11100000 9
1$
#71710
0$
#71715
b11100001 9
b1010010001 .
1$
#71720
0$
#71725
b1010010010 .
b11100010 9
1$
#71730
0$
#71735
b11100011 9
b1010010011 .
1$
#71740
0$
#71745
b1010010100 .
b11100100 9
1$
#71750
0$
#71755
b11100101 9
b1010010101 .
1$
#71760
0$
#71765
b1010010110 .
b11100110 9
1$
#71770
0$
#71775
b11100111 9
b1010010111 .
1$
#71780
0$
#71785
b1010011000 .
b11101000 9
1$
#71790
0$
#71795
b11101001 9
b1010011001 .
1$
#71800
0$
#71805
b1010011010 .
b11101010 9
1$
#71810
0$
#71815
b11101011 9
b1010011011 .
1$
#71820
0$
#71825
b1010011100 .
b11101100 9
1$
#71830
0$
#71835
b11101101 9
b1010011101 .
1$
#71840
0$
#71845
b1010011110 .
b11101110 9
1$
#71850
0$
#71855
b11101111 9
b1010011111 .
1$
#71860
0$
#71865
b1010100000 .
b11110000 9
1$
#71870
0$
#71875
b11110001 9
b1010100001 .
1$
#71880
0$
#71885
b1010100010 .
b11110010 9
1$
#71890
0$
#71895
b11110011 9
b1010100011 .
1$
#71900
0$
#71905
b1010100100 .
b11110100 9
1$
#71910
0$
#71915
b11110101 9
b1010100101 .
1$
#71920
0$
#71925
b1010100110 .
b11110110 9
1$
#71930
0$
#71935
b11110111 9
b1010100111 .
1$
#71940
0$
#71945
b1010101000 .
b11111000 9
1$
#71950
0$
#71955
b11111001 9
b1010101001 .
1$
#71960
0$
#71965
b1010101010 .
b11111010 9
1$
#71970
0$
#71975
b11111011 9
b1010101011 .
1$
#71980
0$
#71985
b1010101100 .
b11111100 9
1$
#71990
0$
#71995
b11111101 9
b1010101101 .
1$
#72000
0$
#72005
b1010101110 .
b11111110 9
1$
#72010
0$
#72015
b11111111 9
b1010101111 .
1$
#72020
0$
#72025
b1010110000 .
b100000000 9
1$
#72030
0$
#72035
b100000001 9
b1010110001 .
1$
#72040
0$
#72045
b1010110010 .
b100000010 9
1$
#72050
0$
#72055
b100000011 9
b1010110011 .
1$
#72060
0$
#72065
b1010110100 .
b100000100 9
1$
#72070
0$
#72075
b100000101 9
b1010110101 .
1$
#72080
0$
#72085
b1010110110 .
b100000110 9
1$
#72090
0$
#72095
b100000111 9
b1010110111 .
1$
#72100
0$
#72105
b1010111000 .
b100001000 9
1$
#72110
0$
#72115
b100001001 9
b1010111001 .
1$
#72120
0$
#72125
b1010111010 .
b100001010 9
1$
#72130
0$
#72135
b100001011 9
b1010111011 .
1$
#72140
0$
#72145
b1010111100 .
b100001100 9
1$
#72150
0$
#72155
b100001101 9
b1010111101 .
1$
#72160
0$
#72165
b1010111110 .
b100001110 9
1$
#72170
0$
#72175
b100001111 9
b1010111111 .
1$
#72180
0$
#72185
b1011000000 .
b100010000 9
1$
#72190
0$
#72195
b100010001 9
b1011000001 .
1$
#72200
0$
#72205
b1011000010 .
b100010010 9
1$
#72210
0$
#72215
b100010011 9
b1011000011 .
1$
#72220
0$
#72225
b1011000100 .
b100010100 9
1$
#72230
0$
#72235
b100010101 9
b1011000101 .
1$
#72240
0$
#72245
b1011000110 .
b100010110 9
1$
#72250
0$
#72255
b100010111 9
b1011000111 .
1$
#72260
0$
#72265
b1011001000 .
b100011000 9
1$
#72270
0$
#72275
b100011001 9
b1011001001 .
1$
#72280
0$
#72285
b1011001010 .
b100011010 9
1$
#72290
0$
#72295
b100011011 9
b1011001011 .
1$
#72300
0$
#72305
b1011001100 .
b100011100 9
1$
#72310
0$
#72315
b100011101 9
b1011001101 .
1$
#72320
0$
#72325
b1011001110 .
b100011110 9
1$
#72330
0$
#72335
b100011111 9
b1011001111 .
1$
#72340
0$
#72345
b1011010000 .
b100100000 9
1$
#72350
0$
#72355
b100100001 9
b1011010001 .
1$
#72360
0$
#72365
b1011010010 .
b100100010 9
1$
#72370
0$
#72375
b100100011 9
b1011010011 .
1$
#72380
0$
#72385
b1011010100 .
b100100100 9
1$
#72390
0$
#72395
b100100101 9
b1011010101 .
1$
#72400
0$
#72405
b1011010110 .
b100100110 9
1$
#72410
0$
#72415
b100100111 9
b1011010111 .
1$
#72420
0$
#72425
b1011011000 .
b100101000 9
1$
#72430
0$
#72435
b100101001 9
b1011011001 .
1$
#72440
0$
#72445
b1011011010 .
b100101010 9
1$
#72450
0$
#72455
b100101011 9
b1011011011 .
1$
#72460
0$
#72465
b1011011100 .
b100101100 9
1$
#72470
0$
#72475
b100101101 9
b1011011101 .
1$
#72480
0$
#72485
b1011011110 .
b100101110 9
1$
#72490
0$
#72495
b100101111 9
b1011011111 .
1$
#72500
0$
#72505
b1011100000 .
b100110000 9
1$
#72510
0$
#72515
b100110001 9
b1011100001 .
1$
#72520
0$
#72525
b1011100010 .
b100110010 9
1$
#72530
0$
#72535
b100110011 9
b1011100011 .
1$
#72540
0$
#72545
b1011100100 .
b100110100 9
1$
#72550
0$
#72555
b100110101 9
b1011100101 .
1$
#72560
0$
#72565
b1011100110 .
b100110110 9
1$
#72570
0$
#72575
b100110111 9
b1011100111 .
1$
#72580
0$
#72585
b1011101000 .
b100111000 9
1$
#72590
0$
#72595
b100111001 9
b1011101001 .
1$
#72600
0$
#72605
b1011101010 .
b100111010 9
1$
#72610
0$
#72615
b100111011 9
b1011101011 .
1$
#72620
0$
#72625
b1011101100 .
b100111100 9
1$
#72630
0$
#72635
b100111101 9
b1011101101 .
1$
#72640
0$
#72645
b1011101110 .
b100111110 9
1$
#72650
0$
#72655
b100111111 9
b1011101111 .
1$
#72660
0$
#72665
b1011110000 .
b101000000 9
1$
#72670
0$
#72675
b101000001 9
b1011110001 .
1$
#72680
0$
#72685
b1011110010 .
b101000010 9
1$
#72690
0$
#72695
b101000011 9
b1011110011 .
1$
#72700
0$
#72705
b1011110100 .
b101000100 9
1$
#72710
0$
#72715
b101000101 9
b1011110101 .
1$
#72720
0$
#72725
b1011110110 .
b101000110 9
1$
#72730
0$
#72735
b101000111 9
b1011110111 .
1$
#72740
0$
#72745
b1011111000 .
b101001000 9
1$
#72750
0$
#72755
b101001001 9
b1011111001 .
1$
#72760
0$
#72765
b1011111010 .
b101001010 9
1$
#72770
0$
#72775
b101001011 9
b1011111011 .
1$
#72780
0$
#72785
b1011111100 .
b101001100 9
1$
#72790
0$
#72795
b101001101 9
b1011111101 .
1$
#72800
0$
#72805
b1011111110 .
b101001110 9
1$
#72810
0$
#72815
b101001111 9
b1011111111 .
1$
#72820
0$
#72825
b1100000000 .
b101010000 9
1$
#72830
0$
#72835
b101010001 9
b1100000001 .
1$
#72840
0$
#72845
b1100000010 .
b101010010 9
1$
#72850
0$
#72855
b101010011 9
b1100000011 .
1$
#72860
0$
#72865
b1100000100 .
b101010100 9
1$
#72870
0$
#72875
b101010101 9
b1100000101 .
1$
#72880
0$
#72885
b1100000110 .
b101010110 9
1$
#72890
0$
#72895
b101010111 9
b1100000111 .
1$
#72900
0$
#72905
b1100001000 .
b101011000 9
1$
#72910
0$
#72915
b101011001 9
b1100001001 .
1$
#72920
0$
#72925
b1100001010 .
b101011010 9
1$
#72930
0$
#72935
b101011011 9
b1100001011 .
1$
#72940
0$
#72945
b1100001100 .
b101011100 9
1$
#72950
0$
#72955
b101011101 9
b1100001101 .
1$
#72960
0$
#72965
b1100001110 .
b101011110 9
1$
#72970
0$
#72975
b101011111 9
b1100001111 .
1$
#72980
0$
#72985
b1100010000 .
b101100000 9
1$
#72990
0$
#72995
b101100001 9
b1100010001 .
1$
#73000
0$
#73005
b1100010010 .
b101100010 9
1$
#73010
0$
#73015
b101100011 9
b1100010011 .
1$
#73020
0$
#73025
b1100010100 .
b101100100 9
1$
#73030
0$
#73035
b101100101 9
b1100010101 .
1$
#73040
0$
#73045
b1100010110 .
b101100110 9
1$
#73050
0$
#73055
b101100111 9
b1100010111 .
1$
#73060
0$
#73065
b1100011000 .
b101101000 9
1$
#73070
0$
#73075
b101101001 9
b1100011001 .
1$
#73080
0$
#73085
b1100011010 .
b101101010 9
1$
#73090
0$
#73095
b101101011 9
b1100011011 .
1$
#73100
0$
#73105
b1100011100 .
b101101100 9
1$
#73110
0$
#73115
b101101101 9
b1100011101 .
1$
#73120
0$
#73125
b1100011110 .
b101101110 9
1$
#73130
0$
#73135
b101101111 9
b1100011111 .
1$
#73140
0$
#73145
b1100100000 .
b101110000 9
1$
#73150
0$
#73155
b101110001 9
b1100100001 .
1$
#73160
0$
#73165
b1100100010 .
b101110010 9
1$
#73170
0$
#73175
b101110011 9
b1100100011 .
1$
#73180
0$
#73185
b1100100100 .
b101110100 9
1$
#73190
0$
#73195
b101110101 9
b1100100101 .
1$
#73200
0$
#73205
b1100100110 .
b101110110 9
1$
#73210
0$
#73215
b101110111 9
b1100100111 .
1$
#73220
0$
#73225
b1100101000 .
b101111000 9
1$
#73230
0$
#73235
b101111001 9
b1100101001 .
1$
#73240
0$
#73245
b1100101010 .
b101111010 9
1$
#73250
0$
#73255
b101111011 9
b1100101011 .
1$
#73260
0$
#73265
b1100101100 .
b101111100 9
1$
#73270
0$
#73275
b101111101 9
b1100101101 .
1$
#73280
0$
#73285
b1100101110 .
b101111110 9
1$
#73290
0$
#73295
b101111111 9
b1100101111 .
1$
#73300
0$
#73305
b1100110000 .
b110000000 9
1$
#73310
0$
#73315
b110000001 9
b1100110001 .
1$
#73320
0$
#73325
b1100110010 .
b110000010 9
1$
#73330
0$
#73335
b110000011 9
b1100110011 .
1$
#73340
0$
#73345
b1100110100 .
b110000100 9
1$
#73350
0$
#73355
b110000101 9
b1100110101 .
1$
#73360
0$
#73365
b1100110110 .
b110000110 9
1$
#73370
0$
#73375
b110000111 9
b1100110111 .
1$
#73380
0$
#73385
b1100111000 .
b110001000 9
1$
#73390
0$
#73395
b110001001 9
b1100111001 .
1$
#73400
0$
#73405
b1100111010 .
b110001010 9
1$
#73410
0$
#73415
b110001011 9
b1100111011 .
1$
#73420
0$
#73425
b1100111100 .
b110001100 9
1$
#73430
0$
#73435
b110001101 9
b1100111101 .
1$
#73440
0$
#73445
b1100111110 .
b110001110 9
1$
#73450
0$
#73455
b110001111 9
b1100111111 .
1$
#73460
0$
#73465
b1101000000 .
b110010000 9
1$
#73470
0$
#73475
b110010001 9
b1101000001 .
1$
#73480
0$
#73485
b1101000010 .
b110010010 9
1$
#73490
0$
#73495
b110010011 9
b1101000011 .
1$
#73500
0$
#73505
b1101000100 .
b110010100 9
1$
#73510
0$
#73515
b110010101 9
b1101000101 .
1$
#73520
0$
#73525
b1101000110 .
b110010110 9
1$
#73530
0$
#73535
b110010111 9
b1101000111 .
1$
#73540
0$
#73545
b1101001000 .
b110011000 9
1$
#73550
0$
#73555
b110011001 9
b1101001001 .
1$
#73560
0$
#73565
b1101001010 .
b110011010 9
1$
#73570
0$
#73575
b110011011 9
b1101001011 .
1$
#73580
0$
#73585
b1101001100 .
b110011100 9
1$
#73590
0$
#73595
b110011101 9
b1101001101 .
1$
#73600
0$
#73605
b1101001110 .
b110011110 9
1$
#73610
0$
#73615
b110011111 9
b1101001111 .
1$
#73620
0$
#73625
b1101010000 .
b110100000 9
1$
#73630
0$
#73635
b110100001 9
b1101010001 .
1$
#73640
0$
#73645
b1101010010 .
b110100010 9
1$
#73650
0$
#73655
b110100011 9
b1101010011 .
1$
#73660
0$
#73665
b1101010100 .
b110100100 9
1$
#73670
0$
#73675
b110100101 9
b1101010101 .
1$
#73680
0$
#73685
b1101010110 .
b110100110 9
1$
#73690
0$
#73695
b110100111 9
b1101010111 .
1$
#73700
0$
#73705
b1101011000 .
b110101000 9
1$
#73710
0$
#73715
b110101001 9
b1101011001 .
1$
#73720
0$
#73725
b1101011010 .
b110101010 9
1$
#73730
0$
#73735
b110101011 9
b1101011011 .
1$
#73740
0$
#73745
b1101011100 .
b110101100 9
1$
#73750
0$
#73755
b110101101 9
b1101011101 .
1$
#73760
0$
#73765
b1101011110 .
b110101110 9
1$
#73770
0$
#73775
b110101111 9
b1101011111 .
1$
#73780
0$
#73785
b1101100000 .
b110110000 9
1$
#73790
0$
#73795
b110110001 9
b1101100001 .
1$
#73800
0$
#73805
b1101100010 .
b110110010 9
1$
#73810
0$
#73815
b110110011 9
b1101100011 .
1$
#73820
0$
#73825
b11 1
b0 -
b0 .
b110110100 9
1$
#73830
0$
#73835
b110110101 9
b1 .
1$
#73840
0$
#73845
b10 .
b110110110 9
1$
#73850
0$
#73855
b110110111 9
b11 .
1$
#73860
0$
#73865
b100 .
b110111000 9
1$
#73870
0$
#73875
b110111001 9
b101 .
1$
#73880
0$
#73885
b110 .
b110111010 9
1$
#73890
0$
#73895
b110111011 9
b111 .
1$
#73900
0$
#73905
b1000 .
b110111100 9
1$
#73910
0$
#73915
b110111101 9
b1001 .
1$
#73920
0$
#73925
b1010 .
b110111110 9
1$
#73930
0$
#73935
b110111111 9
b1011 .
1$
#73940
0$
#73945
b1100 .
b111000000 9
1$
#73950
0$
#73955
b111000001 9
b1101 .
1$
#73960
0$
#73965
b1110 .
b111000010 9
1$
#73970
0$
#73975
b111000011 9
b1111 .
1$
#73980
0$
#73985
b10000 .
b111000100 9
1$
#73990
0$
#73995
b111000101 9
b10001 .
1$
#74000
0$
#74005
b10010 .
b111000110 9
1$
#74010
0$
#74015
b111000111 9
b10011 .
1$
#74020
0$
#74025
b10100 .
b111001000 9
1$
#74030
0$
#74035
b111001001 9
b10101 .
1$
#74040
0$
#74045
b10110 .
b111001010 9
1$
#74050
0$
#74055
b111001011 9
b10111 .
1$
#74060
0$
#74065
b11000 .
b111001100 9
1$
#74070
0$
#74075
b111001101 9
b11001 .
1$
#74080
0$
#74085
b11010 .
b111001110 9
1$
#74090
0$
#74095
b111001111 9
b11011 .
1$
#74100
0$
#74105
b11100 .
b111010000 9
1$
#74110
0$
#74115
b111010001 9
b11101 .
1$
#74120
0$
#74125
b11110 .
b111010010 9
1$
#74130
0$
#74135
b111010011 9
b11111 .
1$
#74140
0$
#74145
b100000 .
b111010100 9
1$
#74150
0$
#74155
b111010101 9
b100001 .
1$
#74160
0$
#74165
b100010 .
b111010110 9
1$
#74170
0$
#74175
b111010111 9
b100011 .
1$
#74180
0$
#74185
b100100 .
b111011000 9
1$
#74190
0$
#74195
b111011001 9
b100101 .
1$
#74200
0$
#74205
b100110 .
b111011010 9
1$
#74210
0$
#74215
b111011011 9
b100111 .
1$
#74220
0$
#74225
b101000 .
b111011100 9
1$
#74230
0$
#74235
b111011101 9
b101001 .
1$
#74240
0$
#74245
b101010 .
b111011110 9
1$
#74250
0$
#74255
b111011111 9
b101011 .
1$
#74260
0$
#74265
b101100 .
b111100000 9
1$
#74270
0$
#74275
b111100001 9
b101101 .
1$
#74280
0$
#74285
b101110 .
b111100010 9
1$
#74290
0$
#74295
b111100011 9
b101111 .
1$
#74300
0$
#74305
b110000 .
b111100100 9
1$
#74310
0$
#74315
b111100101 9
b110001 .
1$
#74320
0$
#74325
b110010 .
b111100110 9
1$
#74330
0$
#74335
b111100111 9
b110011 .
1$
#74340
0$
#74345
b110100 .
b111101000 9
1$
#74350
0$
#74355
b111101001 9
b110101 .
1$
#74360
0$
#74365
b110110 .
b111101010 9
1$
#74370
0$
#74375
b111101011 9
b110111 .
1$
#74380
0$
#74385
b111000 .
b111101100 9
1$
#74390
0$
#74395
b111101101 9
b111001 .
1$
#74400
0$
#74405
b111010 .
b111101110 9
1$
#74410
0$
#74415
b111101111 9
b111011 .
1$
#74420
0$
#74425
b111100 .
b111110000 9
1$
#74430
0$
#74435
b111110001 9
b111101 .
1$
#74440
0$
#74445
b111110 .
b111110010 9
1$
#74450
0$
#74455
b111110011 9
b111111 .
1$
#74460
0$
#74465
b1000000 .
b111110100 9
1$
#74470
0$
#74475
b111110101 9
b1000001 .
1$
#74480
0$
#74485
b1000010 .
b111110110 9
1$
#74490
0$
#74495
b111110111 9
b1000011 .
1$
#74500
0$
#74505
b1000100 .
b111111000 9
1$
#74510
0$
#74515
b111111001 9
b1000101 .
1$
#74520
0$
#74525
b1000110 .
b111111010 9
1$
#74530
0$
#74535
b111111011 9
b1000111 .
1$
#74540
0$
#74545
b1001000 .
b111111100 9
1$
#74550
0$
#74555
b111111101 9
b1001001 .
1$
#74560
0$
#74565
b1001010 .
b111111110 9
1$
#74570
0$
#74575
b111111111 9
b1001011 .
1$
#74580
0$
#74585
b1001100 .
b1000000000 9
1$
#74590
0$
#74595
b1000000001 9
b1001101 .
1$
#74600
0$
#74605
b1001110 .
b1000000010 9
1$
#74610
0$
#74615
b1000000011 9
b1001111 .
1$
#74620
0$
#74625
b1010000 .
b1000000100 9
1$
#74630
0$
#74635
b1000000101 9
b1010001 .
1$
#74640
0$
#74645
b1010010 .
b1000000110 9
1$
#74650
0$
#74655
b1000000111 9
b1010011 .
1$
#74660
0$
#74665
b1010100 .
b1000001000 9
1$
#74670
0$
#74675
b1000001001 9
b1010101 .
1$
#74680
0$
#74685
b1010110 .
b1000001010 9
1$
#74690
0$
#74695
b1000001011 9
b1010111 .
1$
#74700
0$
#74705
b1011000 .
b1000001100 9
1$
#74710
0$
#74715
b1000001101 9
b1011001 .
1$
#74720
0$
#74725
b1011010 .
b1000001110 9
1$
#74730
0$
#74735
b1000001111 9
b1011011 .
1$
#74740
0$
#74745
b1011100 .
b1000010000 9
1$
#74750
0$
#74755
b1000010001 9
b1011101 .
1$
#74760
0$
#74765
b1011110 .
b1000010010 9
1$
#74770
0$
#74775
b1000010011 9
b1011111 .
1$
#74780
0$
#74785
b1100000 .
b1000010100 9
1$
#74790
0$
#74795
b1000010101 9
b1100001 .
1$
#74800
0$
#74805
b1100010 .
b1000010110 9
1$
#74810
0$
#74815
b1000010111 9
b1100011 .
1$
#74820
0$
#74825
b1100100 .
b1000011000 9
1$
#74830
0$
#74835
b1000011001 9
b1100101 .
1$
#74840
0$
#74845
b1100110 .
b1000011010 9
1$
#74850
0$
#74855
b1000011011 9
b1100111 .
1$
#74860
0$
#74865
b1101000 .
b1000011100 9
1$
#74870
0$
#74875
b1000011101 9
b1101001 .
1$
#74880
0$
#74885
b1101010 .
b1000011110 9
1$
#74890
0$
#74895
b1000011111 9
b1101011 .
1$
#74900
0$
#74905
b1101100 .
b1000100000 9
1$
#74910
0$
#74915
b1000100001 9
b1101101 .
1$
#74920
0$
#74925
b1101110 .
b1000100010 9
1$
#74930
0$
#74935
b1000100011 9
b1101111 .
1$
#74940
0$
#74945
b1110000 .
b1000100100 9
1$
#74950
0$
#74955
b1000100101 9
b1110001 .
1$
#74960
0$
#74965
b1110010 .
b1000100110 9
1$
#74970
0$
#74975
b1000100111 9
b1110011 .
1$
#74980
0$
#74985
b1110100 .
b1000101000 9
1$
#74990
0$
#74995
b1000101001 9
b1110101 .
1$
#75000
0$
#75005
b1110110 .
b1000101010 9
1$
#75010
0$
#75015
b1000101011 9
b1110111 .
1$
#75020
0$
#75025
b1111000 .
b1000101100 9
1$
#75030
0$
#75035
b1000101101 9
b1111001 .
1$
#75040
0$
#75045
b1111010 .
b1000101110 9
1$
#75050
0$
#75055
b1000101111 9
b1111011 .
1$
#75060
0$
#75065
b1111100 .
b1000110000 9
1$
#75070
0$
#75075
b1000110001 9
b1111101 .
1$
#75080
0$
#75085
b1111110 .
b1000110010 9
1$
#75090
0$
#75095
b1000110011 9
b1111111 .
1$
#75100
0$
#75105
b10000000 .
b1000110100 9
1$
#75110
0$
#75115
b1000110101 9
b10000001 .
1$
#75120
0$
#75125
b10000010 .
b1000110110 9
1$
#75130
0$
#75135
b1000110111 9
b10000011 .
1$
#75140
0$
#75145
b10000100 .
b1000111000 9
1$
#75150
0$
#75155
b1000111001 9
b10000101 .
1$
#75160
0$
#75165
b10000110 .
b1000111010 9
1$
#75170
0$
#75175
b1000111011 9
b10000111 .
1$
#75180
0$
#75185
b10001000 .
b1000111100 9
1$
#75190
0$
#75195
b1000111101 9
b10001001 .
1$
#75200
0$
#75205
b10001010 .
b1000111110 9
1$
#75210
0$
#75215
b1000111111 9
b10001011 .
1$
#75220
0$
#75225
b10001100 .
b1001000000 9
1$
#75230
0$
#75235
b1001000001 9
b10001101 .
1$
#75240
0$
#75245
b10001110 .
b1001000010 9
1$
#75250
0$
#75255
b1001000011 9
b10001111 .
1$
#75260
0$
#75265
b10010000 .
b1001000100 9
1$
#75270
0$
#75275
b1001000101 9
b10010001 .
1$
#75280
0$
#75285
b10010010 .
b1001000110 9
1$
#75290
0$
#75295
b1001000111 9
b10010011 .
1$
#75300
0$
#75305
b10010100 .
b1001001000 9
1$
#75310
0$
#75315
b1001001001 9
b10010101 .
1$
#75320
0$
#75325
b10010110 .
b1001001010 9
1$
#75330
0$
#75335
b1001001011 9
b10010111 .
1$
#75340
0$
#75345
b10011000 .
b1001001100 9
1$
#75350
0$
#75355
b1001001101 9
b10011001 .
1$
#75360
0$
#75365
b10011010 .
b1001001110 9
1$
#75370
0$
#75375
b1001001111 9
b10011011 .
1$
#75380
0$
#75385
b10011100 .
b1001010000 9
1$
#75390
0$
#75395
b1001010001 9
b10011101 .
1$
#75400
0$
#75405
b10011110 .
b1001010010 9
1$
#75410
0$
#75415
b1001010011 9
b10011111 .
1$
#75420
0$
#75425
b10100000 .
b1001010100 9
1$
#75430
0$
#75435
b1001010101 9
b10100001 .
1$
#75440
0$
#75445
b10100010 .
b1001010110 9
1$
#75450
0$
#75455
b1001010111 9
b10100011 .
1$
#75460
0$
#75465
b10100100 .
b1001011000 9
1$
#75470
0$
#75475
b1001011001 9
b10100101 .
1$
#75480
0$
#75485
b10100110 .
b1001011010 9
1$
#75490
0$
#75495
b1001011011 9
b10100111 .
1$
#75500
0$
#75505
b10101000 .
b1001011100 9
1$
#75510
0$
#75515
b1001011101 9
b10101001 .
1$
#75520
0$
#75525
b10101010 .
b1001011110 9
1$
#75530
0$
#75535
b1001011111 9
b10101011 .
1$
#75540
0$
#75545
b10101100 .
b1001100000 9
1$
#75550
0$
#75555
b1001100001 9
b10101101 .
1$
#75560
0$
#75565
b10101110 .
b1001100010 9
1$
#75570
0$
#75575
b1001100011 9
b10101111 .
1$
#75580
0$
#75585
b10110000 .
b1001100100 9
1$
#75590
0$
#75595
b1001100101 9
b10110001 .
1$
#75600
0$
#75605
b10110010 .
b1001100110 9
1$
#75610
0$
#75615
b1001100111 9
b10110011 .
1$
#75620
0$
#75625
b10110100 .
b1001101000 9
1$
#75630
0$
#75635
b1001101001 9
b10110101 .
1$
#75640
0$
#75645
b10110110 .
b1001101010 9
1$
#75650
0$
#75655
b1001101011 9
b10110111 .
1$
#75660
0$
#75665
b10111000 .
b1001101100 9
1$
#75670
0$
#75675
b1001101101 9
b10111001 .
1$
#75680
0$
#75685
b10111010 .
b1001101110 9
1$
#75690
0$
#75695
b1001101111 9
b10111011 .
1$
#75700
0$
#75705
b10111100 .
b1001110000 9
1$
#75710
0$
#75715
b1001110001 9
b10111101 .
1$
#75720
0$
#75725
b10111110 .
b1001110010 9
1$
#75730
0$
#75735
b1001110011 9
b10111111 .
1$
#75740
0$
#75745
b11000000 .
b1001110100 9
1$
#75750
0$
#75755
b1001110101 9
b11000001 .
1$
#75760
0$
#75765
b11000010 .
b1001110110 9
1$
#75770
0$
#75775
b1001110111 9
b11000011 .
1$
#75780
0$
#75785
b11000100 .
b1001111000 9
1$
#75790
0$
#75795
b1001111001 9
b11000101 .
1$
#75800
0$
#75805
b11000110 .
b1001111010 9
1$
#75810
0$
#75815
b1001111011 9
b11000111 .
1$
#75820
0$
#75825
b11001000 .
b1001111100 9
1$
#75830
0$
#75835
b1001111101 9
b11001001 .
1$
#75840
0$
#75845
b11001010 .
b1001111110 9
1$
#75850
0$
#75855
b1001111111 9
b11001011 .
1$
#75860
0$
#75865
b11001100 .
b1010000000 9
1$
#75870
0$
#75875
b1010000001 9
b11001101 .
1$
#75880
0$
#75885
b11001110 .
b1010000010 9
1$
#75890
0$
#75895
b1010000011 9
b11001111 .
1$
#75900
0$
#75905
b11010000 .
b1010000100 9
1$
#75910
0$
#75915
b1010000101 9
b11010001 .
1$
#75920
0$
#75925
b11010010 .
b1010000110 9
1$
#75930
0$
#75935
b1010000111 9
b11010011 .
1$
#75940
0$
#75945
b11010100 .
b1010001000 9
1$
#75950
0$
#75955
b1010001001 9
b11010101 .
1$
#75960
0$
#75965
b11010110 .
b1010001010 9
1$
#75970
0$
#75975
b1010001011 9
b11010111 .
1$
#75980
0$
#75985
b11011000 .
b1010001100 9
1$
#75990
0$
#75995
b1010001101 9
b11011001 .
1$
#76000
0$
#76005
b11011010 .
b1010001110 9
1$
#76010
0$
#76015
b1010001111 9
b11011011 .
1$
#76020
0$
#76025
b11011100 .
b1010010000 9
1$
#76030
0$
#76035
b1010010001 9
b11011101 .
1$
#76040
0$
#76045
b11011110 .
b1010010010 9
1$
#76050
0$
#76055
b1010010011 9
b11011111 .
1$
#76060
0$
#76065
b11100000 .
b1010010100 9
1$
#76070
0$
#76075
b1010010101 9
b11100001 .
1$
#76080
0$
#76085
b11100010 .
b1010010110 9
1$
#76090
0$
#76095
b1010010111 9
b11100011 .
1$
#76100
0$
#76105
b11100100 .
b1010011000 9
1$
#76110
0$
#76115
b1010011001 9
b11100101 .
1$
#76120
0$
#76125
b11100110 .
b1010011010 9
1$
#76130
0$
#76135
b1010011011 9
b11100111 .
1$
#76140
0$
#76145
b11101000 .
b1010011100 9
1$
#76150
0$
#76155
b1010011101 9
b11101001 .
1$
#76160
0$
#76165
b11101010 .
b1010011110 9
1$
#76170
0$
#76175
b1010011111 9
b11101011 .
1$
#76180
0$
#76185
b11101100 .
b1010100000 9
1$
#76190
0$
#76195
b1010100001 9
b11101101 .
1$
#76200
0$
#76205
b11101110 .
b1010100010 9
1$
#76210
0$
#76215
b1010100011 9
b11101111 .
1$
#76220
0$
#76225
b11110000 .
b1010100100 9
1$
#76230
0$
#76235
b1010100101 9
b11110001 .
1$
#76240
0$
#76245
b11110010 .
b1010100110 9
1$
#76250
0$
#76255
b1010100111 9
b11110011 .
1$
#76260
0$
#76265
b11110100 .
b1010101000 9
1$
#76270
0$
#76275
b1010101001 9
b11110101 .
1$
#76280
0$
#76285
b11110110 .
b1010101010 9
1$
#76290
0$
#76295
b1010101011 9
b11110111 .
1$
#76300
0$
#76305
b11111000 .
b1010101100 9
1$
#76310
0$
#76315
b1010101101 9
b11111001 .
1$
#76320
0$
#76325
b11111010 .
b1010101110 9
1$
#76330
0$
#76335
b1010101111 9
b11111011 .
1$
#76340
0$
#76345
b11111100 .
b1010110000 9
1$
#76350
0$
#76355
b1010110001 9
b11111101 .
1$
#76360
0$
#76365
b11111110 .
b1010110010 9
1$
#76370
0$
#76375
b1010110011 9
b11111111 .
1$
#76380
0$
#76385
b100000000 .
b1010110100 9
1$
#76390
0$
#76395
b1010110101 9
b100000001 .
1$
#76400
0$
#76405
b100000010 .
b1010110110 9
1$
#76410
0$
#76415
b1010110111 9
b100000011 .
1$
#76420
0$
#76425
b100000100 .
b1010111000 9
1$
#76430
0$
#76435
b1010111001 9
b100000101 .
1$
#76440
0$
#76445
b100000110 .
b1010111010 9
1$
#76450
0$
#76455
b1010111011 9
b100000111 .
1$
#76460
0$
#76465
b100001000 .
b1010111100 9
1$
#76470
0$
#76475
b1010111101 9
b100001001 .
1$
#76480
0$
#76485
b100001010 .
b1010111110 9
1$
#76490
0$
#76495
b1010111111 9
b100001011 .
1$
#76500
0$
#76505
b100001100 .
b1011000000 9
1$
#76510
0$
#76515
b1011000001 9
b100001101 .
1$
#76520
0$
#76525
b100001110 .
b1011000010 9
1$
#76530
0$
#76535
b1011000011 9
b100001111 .
1$
#76540
0$
#76545
b100010000 .
b1011000100 9
1$
#76550
0$
#76555
b1011000101 9
b100010001 .
1$
#76560
0$
#76565
b100010010 .
b1011000110 9
1$
#76570
0$
#76575
b1011000111 9
b100010011 .
1$
#76580
0$
#76585
b100010100 .
b1011001000 9
1$
#76590
0$
#76595
b1011001001 9
b100010101 .
1$
#76600
0$
#76605
b100010110 .
b1011001010 9
1$
#76610
0$
#76615
b1011001011 9
b100010111 .
1$
#76620
0$
#76625
b100011000 .
b1011001100 9
1$
#76630
0$
#76635
b1011001101 9
b100011001 .
1$
#76640
0$
#76645
b100011010 .
b1011001110 9
1$
#76650
0$
#76655
b1011001111 9
b100011011 .
1$
#76660
0$
#76665
b100011100 .
b1011010000 9
1$
#76670
0$
#76675
b1011010001 9
b100011101 .
1$
#76680
0$
#76685
b100011110 .
b1011010010 9
1$
#76690
0$
#76695
b1011010011 9
b100011111 .
1$
#76700
0$
#76705
b100100000 .
b1011010100 9
1$
#76710
0$
#76715
b1011010101 9
b100100001 .
1$
#76720
0$
#76725
b100100010 .
b1011010110 9
1$
#76730
0$
#76735
b1011010111 9
b100100011 .
1$
#76740
0$
#76745
b100100100 .
b1011011000 9
1$
#76750
0$
#76755
b1011011001 9
b100100101 .
1$
#76760
0$
#76765
b100100110 .
b1011011010 9
1$
#76770
0$
#76775
b1011011011 9
b100100111 .
1$
#76780
0$
#76785
b100101000 .
b1011011100 9
1$
#76790
0$
#76795
b1011011101 9
b100101001 .
1$
#76800
0$
#76805
b100101010 .
b1011011110 9
1$
#76810
0$
#76815
b1011011111 9
b100101011 .
1$
#76820
0$
#76825
b100101100 .
b1011100000 9
1$
#76830
0$
#76835
b1011100001 9
b100101101 .
1$
#76840
0$
#76845
b100101110 .
b1011100010 9
1$
#76850
0$
#76855
b1011100011 9
b100101111 .
1$
#76860
0$
#76865
b100110000 .
b1011100100 9
1$
#76870
0$
#76875
b1011100101 9
b100110001 .
1$
#76880
0$
#76885
b100110010 .
b1011100110 9
1$
#76890
0$
#76895
b1011100111 9
b100110011 .
1$
#76900
0$
#76905
b100110100 .
b1011101000 9
1$
#76910
0$
#76915
b1011101001 9
b100110101 .
1$
#76920
0$
#76925
b100110110 .
b1011101010 9
1$
#76930
0$
#76935
b1011101011 9
b100110111 .
1$
#76940
0$
#76945
b100111000 .
b1011101100 9
1$
#76950
0$
#76955
b1011101101 9
b100111001 .
1$
#76960
0$
#76965
b100111010 .
b1011101110 9
1$
#76970
0$
#76975
b1011101111 9
b100111011 .
1$
#76980
0$
#76985
b100111100 .
b1011110000 9
1$
#76990
0$
#76995
b1011110001 9
b100111101 .
1$
#77000
0$
#77005
b100111110 .
b1011110010 9
1$
#77010
0$
#77015
b1011110011 9
b100111111 .
1$
#77020
0$
#77025
b101000000 .
b1011110100 9
1$
#77030
0$
#77035
b1011110101 9
b101000001 .
1$
#77040
0$
#77045
b101000010 .
b1011110110 9
1$
#77050
0$
#77055
b1011110111 9
b101000011 .
1$
#77060
0$
#77065
b101000100 .
b1011111000 9
1$
#77070
0$
#77075
b1011111001 9
b101000101 .
1$
#77080
0$
#77085
b101000110 .
b1011111010 9
1$
#77090
0$
#77095
b1011111011 9
b101000111 .
1$
#77100
0$
#77105
b101001000 .
b1011111100 9
1$
#77110
0$
#77115
b1011111101 9
b101001001 .
1$
#77120
0$
#77125
b101001010 .
b1011111110 9
1$
#77130
0$
#77135
b1011111111 9
b101001011 .
1$
#77140
0$
#77145
b101001100 .
b1100000000 9
1$
#77150
0$
#77155
b1100000001 9
b101001101 .
1$
#77160
0$
#77165
b101001110 .
b1100000010 9
1$
#77170
0$
#77175
b1100000011 9
b101001111 .
1$
#77180
0$
#77185
b101010000 .
b1100000100 9
1$
#77190
0$
#77195
b1100000101 9
b101010001 .
1$
#77200
0$
#77205
b101010010 .
b1100000110 9
1$
#77210
0$
#77215
b1100000111 9
b101010011 .
1$
#77220
0$
#77225
b101010100 .
b1100001000 9
1$
#77230
0$
#77235
b1100001001 9
b101010101 .
1$
#77240
0$
#77245
b101010110 .
b1100001010 9
1$
#77250
0$
#77255
b1100001011 9
b101010111 .
1$
#77260
0$
#77265
b101011000 .
b1100001100 9
1$
#77270
0$
#77275
b1100001101 9
b101011001 .
1$
#77280
0$
#77285
b101011010 .
b1100001110 9
1$
#77290
0$
#77295
b1100001111 9
b101011011 .
1$
#77300
0$
#77305
b101011100 .
b1100010000 9
1$
#77310
0$
#77315
b1100010001 9
b101011101 .
1$
#77320
0$
#77325
b101011110 .
b1100010010 9
1$
#77330
0$
#77335
b1100010011 9
b101011111 .
1$
#77340
0$
#77345
b101100000 .
b1100010100 9
1$
#77350
0$
#77355
b1100010101 9
b101100001 .
1$
#77360
0$
#77365
b101100010 .
b1100010110 9
1$
#77370
0$
#77375
b1100010111 9
b101100011 .
1$
#77380
0$
#77385
b101100100 .
b1100011000 9
1$
#77390
0$
#77395
b1100011001 9
b101100101 .
1$
#77400
0$
#77405
b101100110 .
b1100011010 9
1$
#77410
0$
#77415
b1100011011 9
b101100111 .
1$
#77420
0$
#77425
b101101000 .
b1100011100 9
1$
#77430
0$
#77435
b1100011101 9
b101101001 .
1$
#77440
0$
#77445
b101101010 .
b1100011110 9
1$
#77450
0$
#77455
b1100011111 9
b101101011 .
1$
#77460
0$
#77465
b101101100 .
b1100100000 9
1$
#77470
0$
#77475
b1100100001 9
b101101101 .
1$
#77480
0$
#77485
b101101110 .
b1100100010 9
1$
#77490
0$
#77495
b1100100011 9
b101101111 .
1$
#77500
0$
#77505
b101110000 .
b1100100100 9
1$
#77510
0$
#77515
b1100100101 9
b101110001 .
1$
#77520
0$
#77525
b101110010 .
b1100100110 9
1$
#77530
0$
#77535
b1100100111 9
b101110011 .
1$
#77540
0$
#77545
b101110100 .
b1100101000 9
1$
#77550
0$
#77555
b1100101001 9
b101110101 .
1$
#77560
0$
#77565
b101110110 .
b1100101010 9
1$
#77570
0$
#77575
b1100101011 9
b101110111 .
1$
#77580
0$
#77585
b101111000 .
b1100101100 9
1$
#77590
0$
#77595
b1100101101 9
b101111001 .
1$
#77600
0$
#77605
b101111010 .
b1100101110 9
1$
#77610
0$
#77615
b1100101111 9
b101111011 .
1$
#77620
0$
#77625
b101111100 .
b1100110000 9
1$
#77630
0$
#77635
b1100110001 9
b101111101 .
1$
#77640
0$
#77645
b101111110 .
b1100110010 9
1$
#77650
0$
#77655
b1100110011 9
b101111111 .
1$
#77660
0$
#77665
b110000000 .
b1100110100 9
1$
#77670
0$
#77675
b1100110101 9
b110000001 .
1$
#77680
0$
#77685
b110000010 .
b1100110110 9
1$
#77690
0$
#77695
b1100110111 9
b110000011 .
1$
#77700
0$
#77705
b110000100 .
b1100111000 9
1$
#77710
0$
#77715
b1100111001 9
b110000101 .
1$
#77720
0$
#77725
b110000110 .
b1100111010 9
1$
#77730
0$
#77735
b1100111011 9
b110000111 .
1$
#77740
0$
#77745
b110001000 .
b1100111100 9
1$
#77750
0$
#77755
b1100111101 9
b110001001 .
1$
#77760
0$
#77765
b110001010 .
b1100111110 9
1$
#77770
0$
#77775
b1100111111 9
b110001011 .
1$
#77780
0$
#77785
b110001100 .
b1101000000 9
1$
#77790
0$
#77795
b1101000001 9
b110001101 .
1$
#77800
0$
#77805
b110001110 .
b1101000010 9
1$
#77810
0$
#77815
b1101000011 9
b110001111 .
1$
#77820
0$
#77825
b110010000 .
b1101000100 9
1$
#77830
0$
#77835
b1101000101 9
b110010001 .
1$
#77840
0$
#77845
b110010010 .
b1101000110 9
1$
#77850
0$
#77855
b1101000111 9
b110010011 .
1$
#77860
0$
#77865
b110010100 .
b1101001000 9
1$
#77870
0$
#77875
b1101001001 9
b110010101 .
1$
#77880
0$
#77885
b110010110 .
b1101001010 9
1$
#77890
0$
#77895
b1101001011 9
b110010111 .
1$
#77900
0$
#77905
b110011000 .
b1101001100 9
1$
#77910
0$
#77915
b1101001101 9
b110011001 .
1$
#77920
0$
#77925
b110011010 .
b1101001110 9
1$
#77930
0$
#77935
b1101001111 9
b110011011 .
1$
#77940
0$
#77945
b110011100 .
b1101010000 9
1$
#77950
0$
#77955
b1101010001 9
b110011101 .
1$
#77960
0$
#77965
b110011110 .
b1101010010 9
1$
#77970
0$
#77975
b1101010011 9
b110011111 .
1$
#77980
0$
#77985
b110100000 .
b1101010100 9
1$
#77990
0$
#77995
b1101010101 9
b110100001 .
1$
#78000
0$
#78005
b110100010 .
b1101010110 9
1$
#78010
0$
#78015
b1101010111 9
b110100011 .
1$
#78020
0$
#78025
b110100100 .
b1101011000 9
1$
#78030
0$
#78035
b1101011001 9
b110100101 .
1$
#78040
0$
#78045
b110100110 .
b1101011010 9
1$
#78050
0$
#78055
b1101011011 9
b110100111 .
1$
#78060
0$
#78065
b110101000 .
b1101011100 9
1$
#78070
0$
#78075
b1101011101 9
b110101001 .
1$
#78080
0$
#78085
b110101010 .
b1101011110 9
1$
#78090
0$
#78095
b1101011111 9
b110101011 .
1$
#78100
0$
#78105
b110101100 .
b1101100000 9
1$
#78110
0$
#78115
b1101100001 9
b110101101 .
1$
#78120
0$
#78125
b110101110 .
b1101100010 9
1$
#78130
0$
#78135
b1101100011 9
b110101111 .
1$
#78140
0$
#78145
b110110000 .
b11 ;
b0 8
b0 9
1$
#78150
0$
#78155
b1 9
1!
b110110001 .
1$
#78160
0$
#78165
b110110010 .
b10 9
1$
#78170
0$
#78175
b11 9
b110110011 .
1$
#78180
0$
#78185
b110110100 .
b100 9
1$
#78190
0$
#78195
b101 9
b110110101 .
1$
#78200
0$
#78205
b110110110 .
b110 9
1$
#78210
0$
#78215
b111 9
b110110111 .
1$
#78220
0$
#78225
b110111000 .
b1000 9
1$
#78230
0$
#78235
b1001 9
b110111001 .
1$
#78240
0$
#78245
b110111010 .
b1010 9
1$
#78250
0$
#78255
b1011 9
b110111011 .
1$
#78260
0$
#78265
b110111100 .
b1100 9
1$
#78270
0$
#78275
b1101 9
b110111101 .
1$
#78280
0$
#78285
b110111110 .
b1110 9
1$
#78290
0$
#78295
b1111 9
b110111111 .
1$
#78300
0$
#78305
b111000000 .
b10000 9
1$
#78310
0$
#78315
b10001 9
b111000001 .
1$
#78320
0$
#78325
b111000010 .
b10010 9
1$
#78330
0$
#78335
b10011 9
b111000011 .
1$
#78340
0$
#78345
b111000100 .
b10100 9
1$
#78350
0$
#78355
b10101 9
b111000101 .
1$
#78360
0$
#78365
b111000110 .
b10110 9
1$
#78370
0$
#78375
b10111 9
b111000111 .
1$
#78380
0$
#78385
b111001000 .
b11000 9
1$
#78390
0$
#78395
b11001 9
b111001001 .
1$
#78400
0$
#78405
b111001010 .
b11010 9
1$
#78410
0$
#78415
b11011 9
b111001011 .
1$
#78420
0$
#78425
b111001100 .
b11100 9
1$
#78430
0$
#78435
b11101 9
b111001101 .
1$
#78440
0$
#78445
b111001110 .
b11110 9
1$
#78450
0$
#78455
b11111 9
b111001111 .
1$
#78460
0$
#78465
b111010000 .
b100000 9
1$
#78470
0$
#78475
b100001 9
b111010001 .
1$
#78480
0$
#78485
b111010010 .
b100010 9
1$
#78490
0$
#78495
b100011 9
b111010011 .
1$
#78500
0$
#78505
b111010100 .
b100100 9
1$
#78510
0$
#78515
b100101 9
b111010101 .
1$
#78520
0$
#78525
b111010110 .
b100110 9
1$
#78530
0$
#78535
b100111 9
b111010111 .
1$
#78540
0$
#78545
b111011000 .
b101000 9
1$
#78550
0$
#78555
b101001 9
b111011001 .
1$
#78560
0$
#78565
b111011010 .
b101010 9
1$
#78570
0$
#78575
b101011 9
b111011011 .
1$
#78580
0$
#78585
b111011100 .
b101100 9
1$
#78590
0$
#78595
b101101 9
b111011101 .
1$
#78600
0$
#78605
b111011110 .
b101110 9
1$
#78610
0$
#78615
b101111 9
b111011111 .
1$
#78620
0$
#78625
b111100000 .
b110000 9
1$
#78630
0$
#78635
b110001 9
b111100001 .
1$
#78640
0$
#78645
b111100010 .
b110010 9
1$
#78650
0$
#78655
b110011 9
b111100011 .
1$
#78660
0$
#78665
b111100100 .
b110100 9
1$
#78670
0$
#78675
b110101 9
b111100101 .
1$
#78680
0$
#78685
b111100110 .
b110110 9
1$
#78690
0$
#78695
b110111 9
b111100111 .
1$
#78700
0$
#78705
b111101000 .
b111000 9
1$
#78710
0$
#78715
b111001 9
b111101001 .
1$
#78720
0$
#78725
b111101010 .
b111010 9
1$
#78730
0$
#78735
b111011 9
b111101011 .
1$
#78740
0$
#78745
b111101100 .
b111100 9
1$
#78750
0$
#78755
b111101 9
b111101101 .
1$
#78760
0$
#78765
b111101110 .
b111110 9
1$
#78770
0$
#78775
b111111 9
b111101111 .
1$
#78780
0$
#78785
b111110000 .
b1000000 9
1$
#78790
0$
#78795
b1000001 9
b111110001 .
1$
#78800
0$
#78805
b111110010 .
b1000010 9
1$
#78810
0$
#78815
b1000011 9
b111110011 .
1$
#78820
0$
#78825
b111110100 .
b1000100 9
1$
#78830
0$
#78835
b1000101 9
b111110101 .
1$
#78840
0$
#78845
b111110110 .
b1000110 9
1$
#78850
0$
#78855
b1000111 9
b111110111 .
1$
#78860
0$
#78865
b111111000 .
b1001000 9
1$
#78870
0$
#78875
b1001001 9
b111111001 .
1$
#78880
0$
#78885
b111111010 .
b1001010 9
1$
#78890
0$
#78895
b1001011 9
b111111011 .
1$
#78900
0$
#78905
b111111100 .
b1001100 9
1$
#78910
0$
#78915
b1001101 9
b111111101 .
1$
#78920
0$
#78925
b111111110 .
b1001110 9
1$
#78930
0$
#78935
b1001111 9
b111111111 .
1$
#78940
0$
#78945
b1000000000 .
b1010000 9
1$
#78950
0$
#78955
b1010001 9
b1000000001 .
1$
#78960
0$
#78965
b1000000010 .
b1010010 9
1$
#78970
0$
#78975
b1010011 9
b1000000011 .
1$
#78980
0$
#78985
b1000000100 .
b1010100 9
1$
#78990
0$
#78995
b1010101 9
b1000000101 .
1$
#79000
0$
#79005
b1000000110 .
b1010110 9
1$
#79010
0$
#79015
b1010111 9
b1000000111 .
1$
#79020
0$
#79025
b1000001000 .
b1011000 9
1$
#79030
0$
#79035
b1011001 9
b1000001001 .
1$
#79040
0$
#79045
b1000001010 .
b1011010 9
1$
#79050
0$
#79055
b1011011 9
b1000001011 .
1$
#79060
0$
#79065
b1000001100 .
b1011100 9
1$
#79070
0$
#79075
b1011101 9
b1000001101 .
1$
#79080
0$
#79085
b1000001110 .
b1011110 9
1$
#79090
0$
#79095
b1011111 9
b1000001111 .
1$
#79100
0$
#79105
b1000010000 .
b1100000 9
1$
#79110
0$
#79115
b1100001 9
b1000010001 .
1$
#79120
0$
#79125
b1000010010 .
b1100010 9
1$
#79130
0$
#79135
b1100011 9
b1000010011 .
1$
#79140
0$
#79145
b1000010100 .
b1100100 9
1$
#79150
0$
#79155
b1100101 9
b1000010101 .
1$
#79160
0$
#79165
b1000010110 .
b1100110 9
1$
#79170
0$
#79175
b1100111 9
b1000010111 .
1$
#79180
0$
#79185
b1000011000 .
b1101000 9
1$
#79190
0$
#79195
b1101001 9
b1000011001 .
1$
#79200
0$
#79205
b1000011010 .
b1101010 9
1$
#79210
0$
#79215
b1101011 9
b1000011011 .
1$
#79220
0$
#79225
b1000011100 .
b1101100 9
1$
#79230
0$
#79235
b1101101 9
b1000011101 .
1$
#79240
0$
#79245
b1000011110 .
b1101110 9
1$
#79250
0$
#79255
b1101111 9
b1000011111 .
1$
#79260
0$
#79265
b1000100000 .
b1110000 9
1$
#79270
0$
#79275
b1110001 9
b1000100001 .
1$
#79280
0$
#79285
b1000100010 .
b1110010 9
1$
#79290
0$
#79295
b1110011 9
b1000100011 .
1$
#79300
0$
#79305
b1000100100 .
b1110100 9
1$
#79310
0$
#79315
b1110101 9
b1000100101 .
1$
#79320
0$
#79325
b1000100110 .
b1110110 9
1$
#79330
0$
#79335
b1110111 9
b1000100111 .
1$
#79340
0$
#79345
b1000101000 .
b1111000 9
1$
#79350
0$
#79355
b1111001 9
b1000101001 .
1$
#79360
0$
#79365
b1000101010 .
b1111010 9
1$
#79370
0$
#79375
b1111011 9
b1000101011 .
1$
#79380
0$
#79385
b1000101100 .
b1111100 9
1$
#79390
0$
#79395
b1111101 9
b1000101101 .
1$
#79400
0$
#79405
b1000101110 .
b1111110 9
1$
#79410
0$
#79415
b1111111 9
b1000101111 .
1$
#79420
0$
#79425
b1000110000 .
b10000000 9
1$
#79430
0$
#79435
b10000001 9
b1000110001 .
1$
#79440
0$
#79445
b1000110010 .
b10000010 9
1$
#79450
0$
#79455
b10000011 9
b1000110011 .
1$
#79460
0$
#79465
b1000110100 .
b10000100 9
1$
#79470
0$
#79475
b10000101 9
b1000110101 .
1$
#79480
0$
#79485
b1000110110 .
b10000110 9
1$
#79490
0$
#79495
b10000111 9
b1000110111 .
1$
#79500
0$
#79505
b1000111000 .
b10001000 9
1$
#79510
0$
#79515
b10001001 9
b1000111001 .
1$
#79520
0$
#79525
b1000111010 .
b10001010 9
1$
#79530
0$
#79535
b10001011 9
b1000111011 .
1$
#79540
0$
#79545
b1000111100 .
b10001100 9
1$
#79550
0$
#79555
b10001101 9
b1000111101 .
1$
#79560
0$
#79565
b1000111110 .
b10001110 9
1$
#79570
0$
#79575
b10001111 9
b1000111111 .
1$
#79580
0$
#79585
b1001000000 .
b10010000 9
1$
#79590
0$
#79595
b10010001 9
b1001000001 .
1$
#79600
0$
#79605
b1001000010 .
b10010010 9
1$
#79610
0$
#79615
b10010011 9
b1001000011 .
1$
#79620
0$
#79625
b1001000100 .
b10010100 9
1$
#79630
0$
#79635
b10010101 9
b1001000101 .
1$
#79640
0$
#79645
b1001000110 .
b10010110 9
1$
#79650
0$
#79655
b10010111 9
b1001000111 .
1$
#79660
0$
#79665
b1001001000 .
b10011000 9
1$
#79670
0$
#79675
b10011001 9
b1001001001 .
1$
#79680
0$
#79685
b1001001010 .
b10011010 9
1$
#79690
0$
#79695
b10011011 9
b1001001011 .
1$
#79700
0$
#79705
b1001001100 .
b10011100 9
1$
#79710
0$
#79715
b10011101 9
b1001001101 .
1$
#79720
0$
#79725
b1001001110 .
b10011110 9
1$
#79730
0$
#79735
b10011111 9
b1001001111 .
1$
#79740
0$
#79745
b1001010000 .
b10100000 9
1$
#79750
0$
#79755
b10100001 9
b1001010001 .
1$
#79760
0$
#79765
b1001010010 .
b10100010 9
1$
#79770
0$
#79775
b10100011 9
b1001010011 .
1$
#79780
0$
#79785
b1001010100 .
b10100100 9
1$
#79790
0$
#79795
b10100101 9
b1001010101 .
1$
#79800
0$
#79805
b1001010110 .
b10100110 9
1$
#79810
0$
#79815
b10100111 9
b1001010111 .
1$
#79820
0$
#79825
b1001011000 .
b10101000 9
1$
#79830
0$
#79835
b10101001 9
b1001011001 .
1$
#79840
0$
#79845
b1001011010 .
b10101010 9
1$
#79850
0$
#79855
b10101011 9
b1001011011 .
1$
#79860
0$
#79865
b1001011100 .
b10101100 9
1$
#79870
0$
#79875
b10101101 9
b1001011101 .
1$
#79880
0$
#79885
b1001011110 .
b10101110 9
1$
#79890
0$
#79895
b10101111 9
b1001011111 .
1$
#79900
0$
#79905
b1001100000 .
b10110000 9
1$
#79910
0$
#79915
b10110001 9
b1001100001 .
1$
#79920
0$
#79925
b1001100010 .
b10110010 9
1$
#79930
0$
#79935
b10110011 9
b1001100011 .
1$
#79940
0$
#79945
b1001100100 .
b10110100 9
1$
#79950
0$
#79955
b10110101 9
b1001100101 .
1$
#79960
0$
#79965
b1001100110 .
b10110110 9
1$
#79970
0$
#79975
b10110111 9
b1001100111 .
1$
#79980
0$
#79985
b1001101000 .
b10111000 9
1$
#79990
0$
#79995
b10111001 9
b1001101001 .
1$
#80000
0$
#80005
b1001101010 .
b10111010 9
1$
#80010
0$
#80015
b10111011 9
b1001101011 .
1$
#80020
0$
#80025
b1001101100 .
b10111100 9
1$
#80030
0$
#80035
b10111101 9
b1001101101 .
1$
#80040
0$
#80045
b1001101110 .
b10111110 9
1$
#80050
0$
#80055
b10111111 9
b1001101111 .
1$
#80060
0$
#80065
b1001110000 .
b11000000 9
1$
#80070
0$
#80075
b11000001 9
b1001110001 .
1$
#80080
0$
#80085
b1001110010 .
b11000010 9
1$
#80090
0$
#80095
b11000011 9
b1001110011 .
1$
#80100
0$
#80105
b1001110100 .
b11000100 9
1$
#80110
0$
#80115
b11000101 9
b1001110101 .
1$
#80120
0$
#80125
b1001110110 .
b11000110 9
1$
#80130
0$
#80135
b11000111 9
b1001110111 .
1$
#80140
0$
#80145
b1001111000 .
b11001000 9
1$
#80150
0$
#80155
b11001001 9
b1001111001 .
1$
#80160
0$
#80165
b1001111010 .
b11001010 9
1$
#80170
0$
#80175
b11001011 9
b1001111011 .
1$
#80180
0$
#80185
b1001111100 .
b11001100 9
1$
#80190
0$
#80195
b11001101 9
b1001111101 .
1$
#80200
0$
#80205
b1001111110 .
b11001110 9
1$
#80210
0$
#80215
b11001111 9
b1001111111 .
1$
#80220
0$
#80225
b1010000000 .
b11010000 9
1$
#80230
0$
#80235
b11010001 9
b1010000001 .
1$
#80240
0$
#80245
b1010000010 .
b11010010 9
1$
#80250
0$
#80255
b11010011 9
b1010000011 .
1$
#80260
0$
#80265
b1010000100 .
b11010100 9
1$
#80270
0$
#80275
b11010101 9
b1010000101 .
1$
#80280
0$
#80285
b1010000110 .
b11010110 9
1$
#80290
0$
#80295
b11010111 9
b1010000111 .
1$
#80300
0$
#80305
b1010001000 .
b11011000 9
1$
#80310
0$
#80315
b11011001 9
b1010001001 .
1$
#80320
0$
#80325
b1010001010 .
b11011010 9
1$
#80330
0$
#80335
b11011011 9
b1010001011 .
1$
#80340
0$
#80345
b1010001100 .
b11011100 9
1$
#80350
0$
#80355
b11011101 9
b1010001101 .
1$
#80360
0$
#80365
b1010001110 .
b11011110 9
1$
#80370
0$
#80375
b11011111 9
b1010001111 .
1$
#80380
0$
#80385
b1010010000 .
b11100000 9
1$
#80390
0$
#80395
b11100001 9
b1010010001 .
1$
#80400
0$
#80405
b1010010010 .
b11100010 9
1$
#80410
0$
#80415
b11100011 9
b1010010011 .
1$
#80420
0$
#80425
b1010010100 .
b11100100 9
1$
#80430
0$
#80435
b11100101 9
b1010010101 .
1$
#80440
0$
#80445
b1010010110 .
b11100110 9
1$
#80450
0$
#80455
b11100111 9
b1010010111 .
1$
#80460
0$
#80465
b1010011000 .
b11101000 9
1$
#80470
0$
#80475
b11101001 9
b1010011001 .
1$
#80480
0$
#80485
b1010011010 .
b11101010 9
1$
#80490
0$
#80495
b11101011 9
b1010011011 .
1$
#80500
0$
#80505
b1010011100 .
b11101100 9
1$
#80510
0$
#80515
b11101101 9
b1010011101 .
1$
#80520
0$
#80525
b1010011110 .
b11101110 9
1$
#80530
0$
#80535
b11101111 9
b1010011111 .
1$
#80540
0$
#80545
b1010100000 .
b11110000 9
1$
#80550
0$
#80555
b11110001 9
b1010100001 .
1$
#80560
0$
#80565
b1010100010 .
b11110010 9
1$
#80570
0$
#80575
b11110011 9
b1010100011 .
1$
#80580
0$
#80585
b1010100100 .
b11110100 9
1$
#80590
0$
#80595
b11110101 9
b1010100101 .
1$
#80600
0$
#80605
b1010100110 .
b11110110 9
1$
#80610
0$
#80615
b11110111 9
b1010100111 .
1$
#80620
0$
#80625
b1010101000 .
b11111000 9
1$
#80630
0$
#80635
b11111001 9
b1010101001 .
1$
#80640
0$
#80645
b1010101010 .
b11111010 9
1$
#80650
0$
#80655
b11111011 9
b1010101011 .
1$
#80660
0$
#80665
b1010101100 .
b11111100 9
1$
#80670
0$
#80675
b11111101 9
b1010101101 .
1$
#80680
0$
#80685
b1010101110 .
b11111110 9
1$
#80690
0$
#80695
b11111111 9
b1010101111 .
1$
#80700
0$
#80705
b1010110000 .
b100000000 9
1$
#80710
0$
#80715
b100000001 9
b1010110001 .
1$
#80720
0$
#80725
b1010110010 .
b100000010 9
1$
#80730
0$
#80735
b100000011 9
b1010110011 .
1$
#80740
0$
#80745
b1010110100 .
b100000100 9
1$
#80750
0$
#80755
b100000101 9
b1010110101 .
1$
#80760
0$
#80765
b1010110110 .
b100000110 9
1$
#80770
0$
#80775
b100000111 9
b1010110111 .
1$
#80780
0$
#80785
b1010111000 .
b100001000 9
1$
#80790
0$
#80795
b100001001 9
b1010111001 .
1$
#80800
0$
#80805
b1010111010 .
b100001010 9
1$
#80810
0$
#80815
b100001011 9
b1010111011 .
1$
#80820
0$
#80825
b1010111100 .
b100001100 9
1$
#80830
0$
#80835
b100001101 9
b1010111101 .
1$
#80840
0$
#80845
b1010111110 .
b100001110 9
1$
#80850
0$
#80855
b100001111 9
b1010111111 .
1$
#80860
0$
#80865
b1011000000 .
b100010000 9
1$
#80870
0$
#80875
b100010001 9
b1011000001 .
1$
#80880
0$
#80885
b1011000010 .
b100010010 9
1$
#80890
0$
#80895
b100010011 9
b1011000011 .
1$
#80900
0$
#80905
b1011000100 .
b100010100 9
1$
#80910
0$
#80915
b100010101 9
b1011000101 .
1$
#80920
0$
#80925
b1011000110 .
b100010110 9
1$
#80930
0$
#80935
b100010111 9
b1011000111 .
1$
#80940
0$
#80945
b1011001000 .
b100011000 9
1$
#80950
0$
#80955
b100011001 9
b1011001001 .
1$
#80960
0$
#80965
b1011001010 .
b100011010 9
1$
#80970
0$
#80975
b100011011 9
b1011001011 .
1$
#80980
0$
#80985
b1011001100 .
b100011100 9
1$
#80990
0$
#80995
b100011101 9
b1011001101 .
1$
#81000
0$
#81005
b1011001110 .
b100011110 9
1$
#81010
0$
#81015
b100011111 9
b1011001111 .
1$
#81020
0$
#81025
b1011010000 .
b100100000 9
1$
#81030
0$
#81035
b100100001 9
b1011010001 .
1$
#81040
0$
#81045
b1011010010 .
b100100010 9
1$
#81050
0$
#81055
b100100011 9
b1011010011 .
1$
#81060
0$
#81065
b1011010100 .
b100100100 9
1$
#81070
0$
#81075
b100100101 9
b1011010101 .
1$
#81080
0$
#81085
b1011010110 .
b100100110 9
1$
#81090
0$
#81095
b100100111 9
b1011010111 .
1$
#81100
0$
#81105
b1011011000 .
b100101000 9
1$
#81110
0$
#81115
b100101001 9
b1011011001 .
1$
#81120
0$
#81125
b1011011010 .
b100101010 9
1$
#81130
0$
#81135
b100101011 9
b1011011011 .
1$
#81140
0$
#81145
b1011011100 .
b100101100 9
1$
#81150
0$
#81155
b100101101 9
b1011011101 .
1$
#81160
0$
#81165
b1011011110 .
b100101110 9
1$
#81170
0$
#81175
b100101111 9
b1011011111 .
1$
#81180
0$
#81185
b1011100000 .
b100110000 9
1$
#81190
0$
#81195
b100110001 9
b1011100001 .
1$
#81200
0$
#81205
b1011100010 .
b100110010 9
1$
#81210
0$
#81215
b100110011 9
b1011100011 .
1$
#81220
0$
#81225
b1011100100 .
b100110100 9
1$
#81230
0$
#81235
b100110101 9
b1011100101 .
1$
#81240
0$
#81245
b1011100110 .
b100110110 9
1$
#81250
0$
#81255
b100110111 9
b1011100111 .
1$
#81260
0$
#81265
b1011101000 .
b100111000 9
1$
#81270
0$
#81275
b100111001 9
b1011101001 .
1$
#81280
0$
#81285
b1011101010 .
b100111010 9
1$
#81290
0$
#81295
b100111011 9
b1011101011 .
1$
#81300
0$
#81305
b1011101100 .
b100111100 9
1$
#81310
0$
#81315
b100111101 9
b1011101101 .
1$
#81320
0$
#81325
b1011101110 .
b100111110 9
1$
#81330
0$
#81335
b100111111 9
b1011101111 .
1$
#81340
0$
#81345
b1011110000 .
b101000000 9
1$
#81350
0$
#81355
b101000001 9
b1011110001 .
1$
#81360
0$
#81365
b1011110010 .
b101000010 9
1$
#81370
0$
#81375
b101000011 9
b1011110011 .
1$
#81380
0$
#81385
b1011110100 .
b101000100 9
1$
#81390
0$
#81395
b101000101 9
b1011110101 .
1$
#81400
0$
#81405
b1011110110 .
b101000110 9
1$
#81410
0$
#81415
b101000111 9
b1011110111 .
1$
#81420
0$
#81425
b1011111000 .
b101001000 9
1$
#81430
0$
#81435
b101001001 9
b1011111001 .
1$
#81440
0$
#81445
b1011111010 .
b101001010 9
1$
#81450
0$
#81455
b101001011 9
b1011111011 .
1$
#81460
0$
#81465
b1011111100 .
b101001100 9
1$
#81470
0$
#81475
b101001101 9
b1011111101 .
1$
#81480
0$
#81485
b1011111110 .
b101001110 9
1$
#81490
0$
#81495
b101001111 9
b1011111111 .
1$
#81500
0$
#81505
b1100000000 .
b101010000 9
1$
#81510
0$
#81515
b101010001 9
b1100000001 .
1$
#81520
0$
#81525
b1100000010 .
b101010010 9
1$
#81530
0$
#81535
b101010011 9
b1100000011 .
1$
#81540
0$
#81545
b1100000100 .
b101010100 9
1$
#81550
0$
#81555
b101010101 9
b1100000101 .
1$
#81560
0$
#81565
b1100000110 .
b101010110 9
1$
#81570
0$
#81575
b101010111 9
b1100000111 .
1$
#81580
0$
#81585
b1100001000 .
b101011000 9
1$
#81590
0$
#81595
b101011001 9
b1100001001 .
1$
#81600
0$
#81605
b1100001010 .
b101011010 9
1$
#81610
0$
#81615
b101011011 9
b1100001011 .
1$
#81620
0$
#81625
b1100001100 .
b101011100 9
1$
#81630
0$
#81635
b101011101 9
b1100001101 .
1$
#81640
0$
#81645
b1100001110 .
b101011110 9
1$
#81650
0$
#81655
b101011111 9
b1100001111 .
1$
#81660
0$
#81665
b1100010000 .
b101100000 9
1$
#81670
0$
#81675
b101100001 9
b1100010001 .
1$
#81680
0$
#81685
b1100010010 .
b101100010 9
1$
#81690
0$
#81695
b101100011 9
b1100010011 .
1$
#81700
0$
#81705
b1100010100 .
b101100100 9
1$
#81710
0$
#81715
b101100101 9
b1100010101 .
1$
#81720
0$
#81725
b1100010110 .
b101100110 9
1$
#81730
0$
#81735
b101100111 9
b1100010111 .
1$
#81740
0$
#81745
b1100011000 .
b101101000 9
1$
#81750
0$
#81755
b101101001 9
b1100011001 .
1$
#81760
0$
#81765
b1100011010 .
b101101010 9
1$
#81770
0$
#81775
b101101011 9
b1100011011 .
1$
#81780
0$
#81785
b1100011100 .
b101101100 9
1$
#81790
0$
#81795
b101101101 9
b1100011101 .
1$
#81800
0$
#81805
b1100011110 .
b101101110 9
1$
#81810
0$
#81815
b101101111 9
b1100011111 .
1$
#81820
0$
#81825
b1100100000 .
b101110000 9
1$
#81830
0$
#81835
b101110001 9
b1100100001 .
1$
#81840
0$
#81845
b1100100010 .
b101110010 9
1$
#81850
0$
#81855
b101110011 9
b1100100011 .
1$
#81860
0$
#81865
b1100100100 .
b101110100 9
1$
#81870
0$
#81875
b101110101 9
b1100100101 .
1$
#81880
0$
#81885
b1100100110 .
b101110110 9
1$
#81890
0$
#81895
b101110111 9
b1100100111 .
1$
#81900
0$
#81905
b1100101000 .
b101111000 9
1$
#81910
0$
#81915
b101111001 9
b1100101001 .
1$
#81920
0$
#81925
b1100101010 .
b101111010 9
1$
#81930
0$
#81935
b101111011 9
b1100101011 .
1$
#81940
0$
#81945
b1100101100 .
b101111100 9
1$
#81950
0$
#81955
b101111101 9
b1100101101 .
1$
#81960
0$
#81965
b1100101110 .
b101111110 9
1$
#81970
0$
#81975
b101111111 9
b1100101111 .
1$
#81980
0$
#81985
b1100110000 .
b110000000 9
1$
#81990
0$
#81995
b110000001 9
b1100110001 .
1$
#82000
0$
#82005
b1100110010 .
b110000010 9
1$
#82010
0$
#82015
b110000011 9
b1100110011 .
1$
#82020
0$
#82025
b1100110100 .
b110000100 9
1$
#82030
0$
#82035
b110000101 9
b1100110101 .
1$
#82040
0$
#82045
b1100110110 .
b110000110 9
1$
#82050
0$
#82055
b110000111 9
b1100110111 .
1$
#82060
0$
#82065
b1100111000 .
b110001000 9
1$
#82070
0$
#82075
b110001001 9
b1100111001 .
1$
#82080
0$
#82085
b1100111010 .
b110001010 9
1$
#82090
0$
#82095
b110001011 9
b1100111011 .
1$
#82100
0$
#82105
b1100111100 .
b110001100 9
1$
#82110
0$
#82115
b110001101 9
b1100111101 .
1$
#82120
0$
#82125
b1100111110 .
b110001110 9
1$
#82130
0$
#82135
b110001111 9
b1100111111 .
1$
#82140
0$
#82145
b1101000000 .
b110010000 9
1$
#82150
0$
#82155
b110010001 9
b1101000001 .
1$
#82160
0$
#82165
b1101000010 .
b110010010 9
1$
#82170
0$
#82175
b110010011 9
b1101000011 .
1$
#82180
0$
#82185
b1101000100 .
b110010100 9
1$
#82190
0$
#82195
b110010101 9
b1101000101 .
1$
#82200
0$
#82205
b1101000110 .
b110010110 9
1$
#82210
0$
#82215
b110010111 9
b1101000111 .
1$
#82220
0$
#82225
b1101001000 .
b110011000 9
1$
#82230
0$
#82235
b110011001 9
b1101001001 .
1$
#82240
0$
#82245
b1101001010 .
b110011010 9
1$
#82250
0$
#82255
b110011011 9
b1101001011 .
1$
#82260
0$
#82265
b1101001100 .
b110011100 9
1$
#82270
0$
#82275
b110011101 9
b1101001101 .
1$
#82280
0$
#82285
b1101001110 .
b110011110 9
1$
#82290
0$
#82295
b110011111 9
b1101001111 .
1$
#82300
0$
#82305
b1101010000 .
b110100000 9
1$
#82310
0$
#82315
b110100001 9
b1101010001 .
1$
#82320
0$
#82325
b1101010010 .
b110100010 9
1$
#82330
0$
#82335
b110100011 9
b1101010011 .
1$
#82340
0$
#82345
b1101010100 .
b110100100 9
1$
#82350
0$
#82355
b110100101 9
b1101010101 .
1$
#82360
0$
#82365
b1101010110 .
b110100110 9
1$
#82370
0$
#82375
b110100111 9
b1101010111 .
1$
#82380
0$
#82385
b1101011000 .
b110101000 9
1$
#82390
0$
#82395
b110101001 9
b1101011001 .
1$
#82400
0$
#82405
b1101011010 .
b110101010 9
1$
#82410
0$
#82415
b110101011 9
b1101011011 .
1$
#82420
0$
#82425
b1101011100 .
b110101100 9
1$
#82430
0$
#82435
b110101101 9
b1101011101 .
1$
#82440
0$
#82445
b1101011110 .
b110101110 9
1$
#82450
0$
#82455
b110101111 9
b1101011111 .
1$
#82460
0$
#82465
b1101100000 .
b110110000 9
1$
#82470
0$
#82475
b110110001 9
b1101100001 .
1$
#82480
0$
#82485
b1101100010 .
b110110010 9
1$
#82490
0$
#82495
b110110011 9
b1101100011 .
1$
#82500
0$
#82505
b0 1
b0 .
1"
b1001001 #
b1001001 0
b110110100 9
1$
#82510
0$
#82515
b110110101 9
0"
1$
#82520
0$
#82525
b110110110 9
1$
#82530
0$
#82535
b110110111 9
1$
#82540
0$
#82545
b110111000 9
1$
#82550
0$
#82555
b110111001 9
1$
#82560
0$
#82565
b110111010 9
1$
#82570
0$
#82575
b110111011 9
1$
#82580
0$
#82585
b110111100 9
1$
#82590
0$
#82595
b110111101 9
1$
#82600
0$
#82605
b110111110 9
1$
#82610
0$
#82615
b110111111 9
1$
#82620
0$
#82625
b111000000 9
1$
#82630
0$
#82635
b111000001 9
1$
#82640
0$
#82645
b111000010 9
1$
#82650
0$
#82655
b111000011 9
1$
#82660
0$
#82665
b111000100 9
1$
#82670
0$
#82675
b111000101 9
1$
#82680
0$
#82685
b111000110 9
1$
#82690
0$
#82695
b111000111 9
1$
#82700
0$
#82705
b111001000 9
1$
#82710
0$
#82715
b111001001 9
1$
#82720
0$
#82725
b111001010 9
1$
#82730
0$
#82735
b111001011 9
1$
#82740
0$
#82745
b111001100 9
1$
#82750
0$
#82755
b111001101 9
1$
#82760
0$
#82765
b111001110 9
1$
#82770
0$
#82775
b111001111 9
1$
#82780
0$
#82785
b111010000 9
1$
#82790
0$
#82795
b111010001 9
1$
#82800
0$
#82805
b111010010 9
1$
#82810
0$
#82815
b111010011 9
1$
#82820
0$
#82825
b111010100 9
1$
#82830
0$
#82835
b111010101 9
1$
#82840
0$
#82845
b111010110 9
1$
#82850
0$
#82855
b111010111 9
1$
#82860
0$
#82865
b111011000 9
1$
#82870
0$
#82875
b111011001 9
1$
#82880
0$
#82885
b111011010 9
1$
#82890
0$
#82895
b111011011 9
1$
#82900
0$
#82905
b111011100 9
1$
#82910
0$
#82915
b111011101 9
1$
#82920
0$
#82925
b111011110 9
1$
#82930
0$
#82935
b111011111 9
1$
#82940
0$
#82945
b111100000 9
1$
#82950
0$
#82955
b111100001 9
1$
#82960
0$
#82965
b111100010 9
1$
#82970
0$
#82975
b111100011 9
1$
#82980
0$
#82985
b111100100 9
1$
#82990
0$
#82995
b111100101 9
1$
#83000
0$
#83005
b111100110 9
1$
#83010
0$
#83015
b111100111 9
1$
#83020
0$
#83025
b111101000 9
1$
#83030
0$
#83035
b111101001 9
1$
#83040
0$
#83045
b111101010 9
1$
#83050
0$
#83055
b111101011 9
1$
#83060
0$
#83065
b111101100 9
1$
#83070
0$
#83075
b111101101 9
1$
#83080
0$
#83085
b111101110 9
1$
#83090
0$
#83095
b111101111 9
1$
#83100
0$
#83105
b111110000 9
1$
#83110
0$
#83115
b111110001 9
1$
#83120
0$
#83125
b111110010 9
1$
#83130
0$
#83135
b111110011 9
1$
#83140
0$
#83145
b111110100 9
1$
#83150
0$
#83155
b111110101 9
1$
#83160
0$
#83165
b111110110 9
1$
#83170
0$
#83175
b111110111 9
1$
#83180
0$
#83185
b111111000 9
1$
#83190
0$
#83195
b111111001 9
1$
#83200
0$
#83205
b111111010 9
1$
#83210
0$
#83215
b111111011 9
1$
#83220
0$
#83225
b111111100 9
1$
#83230
0$
#83235
b111111101 9
1$
#83240
0$
#83245
b111111110 9
1$
#83250
0$
#83255
b111111111 9
1$
#83260
0$
#83265
b1000000000 9
1$
#83270
0$
#83275
b1000000001 9
1$
#83280
0$
#83285
b1000000010 9
1$
#83290
0$
#83295
b1000000011 9
1$
#83300
0$
#83305
b1000000100 9
1$
#83310
0$
#83315
b1000000101 9
1$
#83320
0$
#83325
b1000000110 9
1$
#83330
0$
#83335
b1000000111 9
1$
#83340
0$
#83345
b1000001000 9
1$
#83350
0$
#83355
b1000001001 9
1$
#83360
0$
#83365
b1000001010 9
1$
#83370
0$
#83375
b1000001011 9
1$
#83380
0$
#83385
b1000001100 9
1$
#83390
0$
#83395
b1000001101 9
1$
#83400
0$
#83405
b1000001110 9
1$
#83410
0$
#83415
b1000001111 9
1$
#83420
0$
#83425
b1000010000 9
1$
#83430
0$
#83435
b1000010001 9
1$
#83440
0$
#83445
b1000010010 9
1$
#83450
0$
#83455
b1000010011 9
1$
#83460
0$
#83465
b1000010100 9
1$
#83470
0$
#83475
b1000010101 9
1$
#83480
0$
#83485
b1000010110 9
1$
#83490
0$
#83495
b1000010111 9
1$
#83500
0$
#83505
b1000011000 9
1$
#83510
0$
#83515
b1000011001 9
1$
#83520
0$
#83525
b1000011010 9
1$
#83530
0$
#83535
b1000011011 9
1$
#83540
0$
#83545
b1000011100 9
1$
#83550
0$
#83555
b1000011101 9
1$
#83560
0$
#83565
b1000011110 9
1$
#83570
0$
#83575
b1000011111 9
1$
#83580
0$
#83585
b1000100000 9
1$
#83590
0$
#83595
b1000100001 9
1$
#83600
0$
#83605
b1000100010 9
1$
#83610
0$
#83615
b1000100011 9
1$
#83620
0$
#83625
b1000100100 9
1$
#83630
0$
#83635
b1000100101 9
1$
#83640
0$
#83645
b1000100110 9
1$
#83650
0$
#83655
b1000100111 9
1$
#83660
0$
#83665
b1000101000 9
1$
#83670
0$
#83675
b1000101001 9
1$
#83680
0$
#83685
b1000101010 9
1$
#83690
0$
#83695
b1000101011 9
1$
#83700
0$
#83705
b1000101100 9
1$
#83710
0$
#83715
b1000101101 9
1$
#83720
0$
#83725
b1000101110 9
1$
#83730
0$
#83735
b1000101111 9
1$
#83740
0$
#83745
b1000110000 9
1$
#83750
0$
#83755
b1000110001 9
1$
#83760
0$
#83765
b1000110010 9
1$
#83770
0$
#83775
b1000110011 9
1$
#83780
0$
#83785
b1000110100 9
1$
#83790
0$
#83795
b1000110101 9
1$
#83800
0$
#83805
b1000110110 9
1$
#83810
0$
#83815
b1000110111 9
1$
#83820
0$
#83825
b1000111000 9
1$
#83830
0$
#83835
b1000111001 9
1$
#83840
0$
#83845
b1000111010 9
1$
#83850
0$
#83855
b1000111011 9
1$
#83860
0$
#83865
b1000111100 9
1$
#83870
0$
#83875
b1000111101 9
1$
#83880
0$
#83885
b1000111110 9
1$
#83890
0$
#83895
b1000111111 9
1$
#83900
0$
#83905
b1001000000 9
1$
#83910
0$
#83915
b1001000001 9
1$
#83920
0$
#83925
b1001000010 9
1$
#83930
0$
#83935
b1001000011 9
1$
#83940
0$
#83945
b1001000100 9
1$
#83950
0$
#83955
b1001000101 9
1$
#83960
0$
#83965
b1001000110 9
1$
#83970
0$
#83975
b1001000111 9
1$
#83980
0$
#83985
b1001001000 9
1$
#83990
0$
#83995
b1001001001 9
1$
#84000
0$
#84005
b1001001010 9
1$
#84010
0$
#84015
b1001001011 9
1$
#84020
0$
#84025
b1001001100 9
1$
#84030
0$
#84035
b1001001101 9
1$
#84040
0$
#84045
b1001001110 9
1$
#84050
0$
#84055
b1001001111 9
1$
#84060
0$
#84065
b1001010000 9
1$
#84070
0$
#84075
b1001010001 9
1$
#84080
0$
#84085
b1001010010 9
1$
#84090
0$
#84095
b1001010011 9
1$
#84100
0$
#84105
b1001010100 9
1$
#84110
0$
#84115
b1001010101 9
1$
#84120
0$
#84125
b1001010110 9
1$
#84130
0$
#84135
b1001010111 9
1$
#84140
0$
#84145
b1001011000 9
1$
#84150
0$
#84155
b1001011001 9
1$
#84160
0$
#84165
b1001011010 9
1$
#84170
0$
#84175
b1001011011 9
1$
#84180
0$
#84185
b1001011100 9
1$
#84190
0$
#84195
b1001011101 9
1$
#84200
0$
#84205
b1001011110 9
1$
#84210
0$
#84215
b1001011111 9
1$
#84220
0$
#84225
b1001100000 9
1$
#84230
0$
#84235
b1001100001 9
1$
#84240
0$
#84245
b1001100010 9
1$
#84250
0$
#84255
b1001100011 9
1$
#84260
0$
#84265
b1001100100 9
1$
#84270
0$
#84275
b1001100101 9
1$
#84280
0$
#84285
b1001100110 9
1$
#84290
0$
#84295
b1001100111 9
1$
#84300
0$
#84305
b1001101000 9
1$
#84310
0$
#84315
b1001101001 9
1$
#84320
0$
#84325
b1001101010 9
1$
#84330
0$
#84335
b1001101011 9
1$
#84340
0$
#84345
b1001101100 9
1$
#84350
0$
#84355
b1001101101 9
1$
#84360
0$
#84365
b1001101110 9
1$
#84370
0$
#84375
b1001101111 9
1$
#84380
0$
#84385
b1001110000 9
1$
#84390
0$
#84395
b1001110001 9
1$
#84400
0$
#84405
b1001110010 9
1$
#84410
0$
#84415
b1001110011 9
1$
#84420
0$
#84425
b1001110100 9
1$
#84430
0$
#84435
b1001110101 9
1$
#84440
0$
#84445
b1001110110 9
1$
#84450
0$
#84455
b1001110111 9
1$
#84460
0$
#84465
b1001111000 9
1$
#84470
0$
#84475
b1001111001 9
1$
#84480
0$
#84485
b1001111010 9
1$
#84490
0$
#84495
b1001111011 9
1$
#84500
0$
#84505
b1001111100 9
1$
#84510
0$
#84515
b1001111101 9
1$
#84520
0$
#84525
b1001111110 9
1$
#84530
0$
#84535
b1001111111 9
1$
#84540
0$
#84545
b1010000000 9
1$
#84550
0$
#84555
b1010000001 9
1$
#84560
0$
#84565
b1010000010 9
1$
#84570
0$
#84575
b1010000011 9
1$
#84580
0$
#84585
b1010000100 9
1$
#84590
0$
#84595
b1010000101 9
1$
#84600
0$
#84605
b1010000110 9
1$
#84610
0$
#84615
b1010000111 9
1$
#84620
0$
#84625
b1010001000 9
1$
#84630
0$
#84635
b1010001001 9
1$
#84640
0$
#84645
b1010001010 9
1$
#84650
0$
#84655
b1010001011 9
1$
#84660
0$
#84665
b1010001100 9
1$
#84670
0$
#84675
b1010001101 9
1$
#84680
0$
#84685
b1010001110 9
1$
#84690
0$
#84695
b1010001111 9
1$
#84700
0$
#84705
b1010010000 9
1$
#84710
0$
#84715
b1010010001 9
1$
#84720
0$
#84725
b1010010010 9
1$
#84730
0$
#84735
b1010010011 9
1$
#84740
0$
#84745
b1010010100 9
1$
#84750
0$
#84755
b1010010101 9
1$
#84760
0$
#84765
b1010010110 9
1$
#84770
0$
#84775
b1010010111 9
1$
#84780
0$
#84785
b1010011000 9
1$
#84790
0$
#84795
b1010011001 9
1$
#84800
0$
#84805
b1010011010 9
1$
#84810
0$
#84815
b1010011011 9
1$
#84820
0$
#84825
b1010011100 9
1$
#84830
0$
#84835
b1010011101 9
1$
#84840
0$
#84845
b1010011110 9
1$
#84850
0$
#84855
b1010011111 9
1$
#84860
0$
#84865
b1010100000 9
1$
#84870
0$
#84875
b1010100001 9
1$
#84880
0$
#84885
b1010100010 9
1$
#84890
0$
#84895
b1010100011 9
1$
#84900
0$
#84905
b1010100100 9
1$
#84910
0$
#84915
b1010100101 9
1$
#84920
0$
#84925
b1010100110 9
1$
#84930
0$
#84935
b1010100111 9
1$
#84940
0$
#84945
b1010101000 9
1$
#84950
0$
#84955
b1010101001 9
1$
#84960
0$
#84965
b1010101010 9
1$
#84970
0$
#84975
b1010101011 9
1$
#84980
0$
#84985
b1010101100 9
1$
#84990
0$
#84995
b1010101101 9
1$
#85000
0$
#85005
b1010101110 9
1$
#85010
0$
#85015
b1010101111 9
1$
#85020
0$
#85025
b1010110000 9
1$
#85030
0$
#85035
b1010110001 9
1$
#85040
0$
#85045
b1010110010 9
1$
#85050
0$
#85055
b1010110011 9
1$
#85060
0$
#85065
b1010110100 9
1$
#85070
0$
#85075
b1010110101 9
1$
#85080
0$
#85085
b1010110110 9
1$
#85090
0$
#85095
b1010110111 9
1$
#85100
0$
#85105
b1010111000 9
1$
#85110
0$
#85115
b1010111001 9
1$
#85120
0$
#85125
b1010111010 9
1$
#85130
0$
#85135
b1010111011 9
1$
#85140
0$
#85145
b1010111100 9
1$
#85150
0$
#85155
b1010111101 9
1$
#85160
0$
#85165
b1010111110 9
1$
#85170
0$
#85175
b1010111111 9
1$
#85180
0$
#85185
b1011000000 9
1$
#85190
0$
#85195
b1011000001 9
1$
#85200
0$
#85205
b1011000010 9
1$
#85210
0$
#85215
b1011000011 9
1$
#85220
0$
#85225
b1011000100 9
1$
#85230
0$
#85235
b1011000101 9
1$
#85240
0$
#85245
b1011000110 9
1$
#85250
0$
#85255
b1011000111 9
1$
#85260
0$
#85265
b1011001000 9
1$
#85270
0$
#85275
b1011001001 9
1$
#85280
0$
#85285
b1011001010 9
1$
#85290
0$
#85295
b1011001011 9
1$
#85300
0$
#85305
b1011001100 9
1$
#85310
0$
#85315
b1011001101 9
1$
#85320
0$
#85325
b1011001110 9
1$
#85330
0$
#85335
b1011001111 9
1$
#85340
0$
#85345
b1011010000 9
1$
#85350
0$
#85355
b1011010001 9
1$
#85360
0$
#85365
b1011010010 9
1$
#85370
0$
#85375
b1011010011 9
1$
#85380
0$
#85385
b1011010100 9
1$
#85390
0$
#85395
b1011010101 9
1$
#85400
0$
#85405
b1011010110 9
1$
#85410
0$
#85415
b1011010111 9
1$
#85420
0$
#85425
b1011011000 9
1$
#85430
0$
#85435
b1011011001 9
1$
#85440
0$
#85445
b1011011010 9
1$
#85450
0$
#85455
b1011011011 9
1$
#85460
0$
#85465
b1011011100 9
1$
#85470
0$
#85475
b1011011101 9
1$
#85480
0$
#85485
b1011011110 9
1$
#85490
0$
#85495
b1011011111 9
1$
#85500
0$
#85505
b1011100000 9
1$
#85510
0$
#85515
b1011100001 9
1$
#85520
0$
#85525
b1011100010 9
1$
#85530
0$
#85535
b1011100011 9
1$
#85540
0$
#85545
b1011100100 9
1$
#85550
0$
#85555
b1011100101 9
1$
#85560
0$
#85565
b1011100110 9
1$
#85570
0$
#85575
b1011100111 9
1$
#85580
0$
#85585
b1011101000 9
1$
#85590
0$
#85595
b1011101001 9
1$
#85600
0$
#85605
b1011101010 9
1$
#85610
0$
#85615
b1011101011 9
1$
#85620
0$
#85625
b1011101100 9
1$
#85630
0$
#85635
b1011101101 9
1$
#85640
0$
#85645
b1011101110 9
1$
#85650
0$
#85655
b1011101111 9
1$
#85660
0$
#85665
b1011110000 9
1$
#85670
0$
#85675
b1011110001 9
1$
#85680
0$
#85685
b1011110010 9
1$
#85690
0$
#85695
b1011110011 9
1$
#85700
0$
#85705
b1011110100 9
1$
#85710
0$
#85715
b1011110101 9
1$
#85720
0$
#85725
b1011110110 9
1$
#85730
0$
#85735
b1011110111 9
1$
#85740
0$
#85745
b1011111000 9
1$
#85750
0$
#85755
b1011111001 9
1$
#85760
0$
#85765
b1011111010 9
1$
#85770
0$
#85775
b1011111011 9
1$
#85780
0$
#85785
b1011111100 9
1$
#85790
0$
#85795
b1011111101 9
1$
#85800
0$
#85805
b1011111110 9
1$
#85810
0$
#85815
b1011111111 9
1$
#85820
0$
#85825
b1100000000 9
1$
#85830
0$
#85835
b1100000001 9
1$
#85840
0$
#85845
b1100000010 9
1$
#85850
0$
#85855
b1100000011 9
1$
#85860
0$
#85865
b1100000100 9
1$
#85870
0$
#85875
b1100000101 9
1$
#85880
0$
#85885
b1100000110 9
1$
#85890
0$
#85895
b1100000111 9
1$
#85900
0$
#85905
b1100001000 9
1$
#85910
0$
#85915
b1100001001 9
1$
#85920
0$
#85925
b1100001010 9
1$
#85930
0$
#85935
b1100001011 9
1$
#85940
0$
#85945
b1100001100 9
1$
#85950
0$
#85955
b1100001101 9
1$
#85960
0$
#85965
b1100001110 9
1$
#85970
0$
#85975
b1100001111 9
1$
#85980
0$
#85985
b1100010000 9
1$
#85990
0$
#85995
b1100010001 9
1$
#86000
0$
#86005
b1100010010 9
1$
#86010
0$
#86015
b1100010011 9
1$
#86020
0$
#86025
b1100010100 9
1$
#86030
0$
#86035
b1100010101 9
1$
#86040
0$
#86045
b1100010110 9
1$
#86050
0$
#86055
b1100010111 9
1$
#86060
0$
#86065
b1100011000 9
1$
#86070
0$
#86075
b1100011001 9
1$
#86080
0$
#86085
b1100011010 9
1$
#86090
0$
#86095
b1100011011 9
1$
#86100
0$
#86105
b1100011100 9
1$
#86110
0$
#86115
b1100011101 9
1$
#86120
0$
#86125
b1100011110 9
1$
#86130
0$
#86135
b1100011111 9
1$
#86140
0$
#86145
b1100100000 9
1$
#86150
0$
#86155
b1100100001 9
1$
#86160
0$
#86165
b1100100010 9
1$
#86170
0$
#86175
b1100100011 9
1$
#86180
0$
#86185
b1100100100 9
1$
#86190
0$
#86195
b1100100101 9
1$
#86200
0$
#86205
b1100100110 9
1$
#86210
0$
#86215
b1100100111 9
1$
#86220
0$
#86225
b1100101000 9
1$
#86230
0$
#86235
b1100101001 9
1$
#86240
0$
#86245
b1100101010 9
1$
#86250
0$
#86255
b1100101011 9
1$
#86260
0$
#86265
b1100101100 9
1$
#86270
0$
#86275
b1100101101 9
1$
#86280
0$
#86285
b1100101110 9
1$
#86290
0$
#86295
b1100101111 9
1$
#86300
0$
#86305
b1100110000 9
1$
#86310
0$
#86315
b1100110001 9
1$
#86320
0$
#86325
b1100110010 9
1$
#86330
0$
#86335
b1100110011 9
1$
#86340
0$
#86345
b1100110100 9
1$
#86350
0$
#86355
b1100110101 9
1$
#86360
0$
#86365
b1100110110 9
1$
#86370
0$
#86375
b1100110111 9
1$
#86380
0$
#86385
b1100111000 9
1$
#86390
0$
#86395
b1100111001 9
1$
#86400
0$
#86405
b1100111010 9
1$
#86410
0$
#86415
b1100111011 9
1$
#86420
0$
#86425
b1100111100 9
1$
#86430
0$
#86435
b1100111101 9
1$
#86440
0$
#86445
b1100111110 9
1$
#86450
0$
#86455
b1100111111 9
1$
#86460
0$
#86465
b1101000000 9
1$
#86470
0$
#86475
b1101000001 9
1$
#86480
0$
#86485
b1101000010 9
1$
#86490
0$
#86495
b1101000011 9
1$
#86500
0$
#86505
b1101000100 9
1$
#86510
0$
#86515
b1101000101 9
1$
#86520
0$
#86525
b1101000110 9
1$
#86530
0$
#86535
b1101000111 9
1$
#86540
0$
#86545
b1101001000 9
1$
#86550
0$
#86555
b1101001001 9
1$
#86560
0$
#86565
b1101001010 9
1$
#86570
0$
#86575
b1101001011 9
1$
#86580
0$
#86585
b1101001100 9
1$
#86590
0$
#86595
b1101001101 9
1$
#86600
0$
#86605
b1101001110 9
1$
#86610
0$
#86615
b1101001111 9
1$
#86620
0$
#86625
b1101010000 9
1$
#86630
0$
#86635
b1101010001 9
1$
#86640
0$
#86645
b1101010010 9
1$
#86650
0$
#86655
b1101010011 9
1$
#86660
0$
#86665
b1101010100 9
1$
#86670
0$
#86675
b1101010101 9
1$
#86680
0$
#86685
b1101010110 9
1$
#86690
0$
#86695
b1101010111 9
1$
#86700
0$
#86705
b1101011000 9
1$
#86710
0$
#86715
b1101011001 9
1$
#86720
0$
#86725
b1101011010 9
1$
#86730
0$
#86735
b1101011011 9
1$
#86740
0$
#86745
b1101011100 9
1$
#86750
0$
#86755
b1101011101 9
1$
#86760
0$
#86765
b1101011110 9
1$
#86770
0$
#86775
b1101011111 9
1$
#86780
0$
#86785
b1101100000 9
1$
#86790
0$
#86795
b1101100001 9
1$
#86800
0$
#86805
b1101100010 9
1$
#86810
0$
#86815
b1101100011 9
1$
#86820
0$
#86825
b0 ;
b0 9
1$
#86830
0$
#86835
1$
#86840
0$
#86845
1$
#86850
0$
#86855
1$
#86860
0$
#86865
1$
#86870
0$
#86875
1$
#86880
0$
#86885
1$
#86890
0$
#86895
1$
#86900
0$
#86905
1$
#86910
0$
#86915
1$
#86920
0$
#86925
1$
#86930
0$
#86935
1$
#86940
0$
#86945
1$
#86950
0$
#86955
1$
#86960
0$
#86965
1$
#86970
0$
#86975
1$
#86980
0$
#86985
1$
#86990
0$
#86995
1$
#87000
0$
#87005
1$
#87010
0$
#87015
1$
#87020
0$
#87025
1$
#87030
0$
#87035
1$
#87040
0$
#87045
1$
#87050
0$
#87055
1$
#87060
0$
#87065
1$
#87070
0$
#87075
1$
#87080
0$
#87085
1$
#87090
0$
#87095
1$
#87100
0$
#87105
1$
#87110
0$
#87115
1$
#87120
0$
#87125
1$
#87130
0$
#87135
1$
#87140
0$
#87145
1$
#87150
0$
#87155
1$
#87160
0$
#87165
1$
#87170
0$
#87175
1$
#87180
0$
#87185
1$
#87190
0$
#87195
1$
#87200
0$
#87205
1$
#87210
0$
#87215
1$
#87220
0$
#87225
1$
#87230
0$
#87235
1$
#87240
0$
#87245
1$
#87250
0$
#87255
1$
#87260
0$
#87265
1$
#87270
0$
#87275
1$
#87280
0$
#87285
1$
#87290
0$
#87295
1$
#87300
0$
#87305
1$
#87310
0$
#87315
1$
#87320
0$
#87325
1$
#87330
0$
#87335
1$
#87340
0$
#87345
1$
#87350
0$
#87355
1$
#87360
0$
#87365
1$
#87370
0$
#87375
1$
#87380
0$
#87385
1$
#87390
0$
#87395
1$
#87400
0$
#87405
1$
#87410
0$
#87415
1$
#87420
0$
#87425
1$
#87430
0$
#87435
1$
#87440
0$
#87445
1$
#87450
0$
#87455
1$
#87460
0$
#87465
1$
#87470
0$
#87475
1$
#87480
0$
#87485
1$
#87490
0$
#87495
1$
#87500
0$
#87505
1$
#87510
0$
#87515
1$
#87520
0$
#87525
1$
#87530
0$
#87535
1$
#87540
0$
#87545
1$
#87550
0$
#87555
1$
#87560
0$
#87565
1$
#87570
0$
#87575
1$
#87580
0$
#87585
1$
#87590
0$
#87595
1$
#87600
0$
#87605
1$
#87610
0$
#87615
1$
#87620
0$
#87625
1$
#87630
0$
#87635
1$
#87640
0$
#87645
1$
#87650
0$
#87655
1$
#87660
0$
#87665
1$
#87670
0$
#87675
1$
#87680
0$
#87685
1$
#87690
0$
#87695
1$
#87700
0$
#87705
1$
#87710
0$
#87715
1$
#87720
0$
#87725
1$
#87730
0$
#87735
1$
#87740
0$
#87745
1$
#87750
0$
#87755
1$
#87760
0$
#87765
1$
#87770
0$
#87775
1$
#87780
0$
#87785
1$
#87790
0$
#87795
1$
#87800
0$
#87805
1$
#87810
0$
#87815
1$
#87820
0$
#87825
1$
#87830
0$
#87835
1$
#87840
0$
#87845
1$
#87850
0$
#87855
1$
#87860
0$
#87865
1$
#87870
0$
#87875
1$
#87880
0$
#87885
1$
#87890
0$
#87895
1$
#87900
0$
#87905
1$
#87910
0$
#87915
1$
#87920
0$
#87925
1$
#87930
0$
#87935
1$
#87940
0$
#87945
1$
#87950
0$
#87955
1$
#87960
0$
#87965
1$
#87970
0$
#87975
1$
#87980
0$
#87985
1$
#87990
0$
#87995
1$
#88000
0$
#88005
1$
#88010
0$
#88015
1$
#88020
0$
#88025
1$
#88030
0$
#88035
1$
#88040
0$
#88045
1$
#88050
0$
#88055
1$
#88060
0$
#88065
1$
#88070
0$
#88075
1$
#88080
0$
#88085
1$
#88090
0$
#88095
1$
#88100
0$
#88105
1$
#88110
0$
#88115
1$
#88120
0$
#88125
1$
#88130
0$
#88135
1$
#88140
0$
#88145
1$
#88150
0$
#88155
1$
#88160
0$
#88165
1$
#88170
0$
#88175
1$
#88180
0$
#88185
1$
#88190
0$
#88195
1$
#88200
0$
#88205
1$
#88210
0$
#88215
1$
#88220
0$
#88225
1$
#88230
0$
#88235
1$
#88240
0$
#88245
1$
#88250
0$
#88255
1$
#88260
0$
#88265
1$
#88270
0$
#88275
1$
#88280
0$
#88285
1$
#88290
0$
#88295
1$
#88300
0$
#88305
1$
#88310
0$
#88315
1$
#88320
0$
#88325
1$
#88330
0$
#88335
1$
#88340
0$
#88345
1$
#88350
0$
#88355
1$
#88360
0$
#88365
1$
#88370
0$
#88375
1$
#88380
0$
#88385
1$
#88390
0$
#88395
1$
#88400
0$
#88405
1$
#88410
0$
#88415
1$
#88420
0$
#88425
1$
#88430
0$
#88435
1$
#88440
0$
#88445
1$
#88450
0$
#88455
1$
#88460
0$
#88465
1$
#88470
0$
#88475
1$
#88480
0$
#88485
1$
#88490
0$
#88495
1$
#88500
0$
#88505
1$
#88510
0$
#88515
1$
#88520
0$
#88525
1$
#88530
0$
#88535
1$
#88540
0$
#88545
1$
#88550
0$
#88555
1$
#88560
0$
#88565
1$
#88570
0$
#88575
1$
#88580
0$
#88585
1$
#88590
0$
#88595
1$
#88600
0$
#88605
1$
#88610
0$
#88615
1$
#88620
0$
#88625
1$
#88630
0$
#88635
1$
#88640
0$
#88645
1$
#88650
0$
#88655
1$
#88660
0$
#88665
1$
#88670
0$
#88675
1$
#88680
0$
#88685
1$
#88690
0$
#88695
1$
#88700
0$
#88705
1$
#88710
0$
#88715
1$
#88720
0$
#88725
1$
#88730
0$
#88735
1$
#88740
0$
#88745
1$
#88750
0$
#88755
1$
#88760
0$
#88765
1$
#88770
0$
#88775
1$
#88780
0$
#88785
1$
#88790
0$
#88795
1$
#88800
0$
#88805
1$
#88810
0$
#88815
1$
#88820
0$
#88825
1$
#88830
0$
#88835
1$
#88840
0$
#88845
1$
#88850
0$
#88855
1$
#88860
0$
#88865
1$
#88870
0$
#88875
1$
#88880
0$
#88885
1$
#88890
0$
#88895
1$
#88900
0$
#88905
1$
#88910
0$
#88915
1$
#88920
0$
#88925
1$
#88930
0$
#88935
1$
#88940
0$
#88945
1$
#88950
0$
#88955
1$
#88960
0$
#88965
1$
#88970
0$
#88975
1$
#88980
0$
#88985
1$
#88990
0$
#88995
1$
#89000
0$
#89005
1$
#89010
0$
#89015
1$
#89020
0$
#89025
1$
#89030
0$
#89035
1$
#89040
0$
#89045
1$
#89050
0$
#89055
1$
#89060
0$
#89065
1$
#89070
0$
#89075
1$
#89080
0$
#89085
1$
#89090
0$
#89095
1$
#89100
0$
#89105
1$
#89110
0$
#89115
1$
#89120
0$
#89125
1$
#89130
0$
#89135
1$
#89140
0$
#89145
1$
#89150
0$
#89155
1$
#89160
0$
#89165
1$
#89170
0$
#89175
1$
#89180
0$
#89185
1$
#89190
0$
#89195
1$
#89200
0$
#89205
1$
#89210
0$
#89215
1$
#89220
0$
#89225
1$
#89230
0$
#89235
1$
#89240
0$
#89245
1$
#89250
0$
#89255
1$
#89260
0$
#89265
1$
#89270
0$
#89275
1$
#89280
0$
#89285
1$
#89290
0$
#89295
1$
#89300
0$
#89305
1$
#89310
0$
#89315
1$
#89320
0$
#89325
1$
#89330
0$
#89335
1$
#89340
0$
#89345
1$
#89350
0$
#89355
1$
#89360
0$
#89365
1$
#89370
0$
#89375
1$
#89380
0$
#89385
1$
#89390
0$
#89395
1$
#89400
0$
#89405
1$
#89410
0$
#89415
1$
#89420
0$
#89425
1$
#89430
0$
#89435
1$
#89440
0$
#89445
1$
#89450
0$
#89455
1$
#89460
0$
#89465
1$
#89470
0$
#89475
1$
#89480
0$
#89485
1$
#89490
0$
#89495
1$
#89500
0$
#89505
1$
#89510
0$
#89515
1$
#89520
0$
#89525
1$
#89530
0$
#89535
1$
#89540
0$
#89545
1$
#89550
0$
#89555
1$
#89560
0$
#89565
1$
#89570
0$
#89575
1$
#89580
0$
#89585
1$
#89590
0$
#89595
1$
#89600
0$
#89605
1$
#89610
0$
#89615
1$
#89620
0$
#89625
1$
#89630
0$
#89635
1$
#89640
0$
#89645
1$
#89650
0$
#89655
1$
#89660
0$
#89665
1$
#89670
0$
#89675
1$
#89680
0$
#89685
1$
#89690
0$
#89695
1$
#89700
0$
#89705
1$
#89710
0$
#89715
1$
#89720
0$
#89725
1$
#89730
0$
#89735
1$
#89740
0$
#89745
1$
#89750
0$
#89755
1$
#89760
0$
#89765
1$
#89770
0$
#89775
1$
#89780
0$
#89785
1$
#89790
0$
#89795
1$
#89800
0$
#89805
1$
#89810
0$
#89815
1$
#89820
0$
#89825
1$
#89830
0$
#89835
1$
#89840
0$
#89845
1$
#89850
0$
#89855
1$
#89860
0$
#89865
1$
#89870
0$
#89875
1$
#89880
0$
#89885
1$
#89890
0$
#89895
1$
#89900
0$
#89905
1$
#89910
0$
#89915
1$
#89920
0$
#89925
1$
#89930
0$
#89935
1$
#89940
0$
#89945
1$
#89950
0$
#89955
1$
#89960
0$
#89965
1$
#89970
0$
#89975
1$
#89980
0$
#89985
1$
#89990
0$
#89995
1$
#90000
0$
#90005
1$
#90010
0$
#90015
1$
#90020
0$
#90025
1$
#90030
0$
#90035
1$
#90040
0$
#90045
1$
#90050
0$
#90055
1$
#90060
0$
#90065
1$
#90070
0$
#90075
1$
#90080
0$
#90085
1$
#90090
0$
#90095
1$
#90100
0$
#90105
1$
#90110
0$
#90115
1$
#90120
0$
#90125
1$
#90130
0$
#90135
1$
#90140
0$
#90145
1$
#90150
0$
#90155
1$
#90160
0$
#90165
1$
#90170
0$
#90175
1$
#90180
0$
#90185
1$
#90190
0$
#90195
1$
#90200
0$
#90205
1$
#90210
0$
#90215
1$
#90220
0$
#90225
1$
#90230
0$
#90235
1$
#90240
0$
#90245
1$
#90250
0$
#90255
1$
#90260
0$
#90265
1$
#90270
0$
#90275
1$
#90280
0$
#90285
1$
#90290
0$
#90295
1$
#90300
0$
#90305
1$
#90310
0$
#90315
1$
#90320
0$
#90325
1$
#90330
0$
#90335
1$
#90340
0$
#90345
1$
#90350
0$
#90355
1$
#90360
0$
#90365
1$
#90370
0$
#90375
1$
#90380
0$
#90385
1$
#90390
0$
#90395
1$
#90400
0$
#90405
1$
#90410
0$
#90415
1$
#90420
0$
#90425
1$
#90430
0$
#90435
1$
#90440
0$
#90445
1$
#90450
0$
#90455
1$
#90460
0$
#90465
1$
#90470
0$
#90475
1$
#90480
0$
#90485
1$
#90490
0$
#90495
1$
#90500
0$
#90505
1$
#90510
0$
#90515
1$
#90520
0$
#90525
1$
#90530
0$
#90535
1$
#90540
0$
#90545
1$
#90550
0$
#90555
1$
#90560
0$
#90565
1$
#90570
0$
#90575
1$
#90580
0$
#90585
1$
#90590
0$
#90595
1$
#90600
0$
#90605
1$
#90610
0$
#90615
1$
#90620
0$
#90625
1$
#90630
0$
#90635
1$
#90640
0$
#90645
1$
#90650
0$
#90655
1$
#90660
0$
#90665
1$
#90670
0$
#90675
1$
#90680
0$
#90685
1$
#90690
0$
#90695
1$
#90700
0$
#90705
1$
#90710
0$
#90715
1$
#90720
0$
#90725
1$
#90730
0$
#90735
1$
#90740
0$
#90745
1$
#90750
0$
#90755
1$
#90760
0$
#90765
1$
#90770
0$
#90775
1$
#90780
0$
#90785
1$
#90790
0$
#90795
1$
#90800
0$
#90805
1$
#90810
0$
#90815
1$
#90820
0$
#90825
1$
#90830
0$
#90835
1$
#90840
0$
#90845
1$
#90850
0$
#90855
1$
#90860
0$
#90865
1$
#90870
0$
#90875
1$
#90880
0$
#90885
1$
#90890
0$
#90895
1$
#90900
0$
#90905
1$
#90910
0$
#90915
1$
#90920
0$
#90925
1$
#90930
0$
#90935
1$
#90940
0$
#90945
1$
#90950
0$
#90955
1$
#90960
0$
#90965
1$
#90970
0$
#90975
1$
#90980
0$
#90985
1$
#90990
0$
#90995
1$
#91000
0$
#91005
1$
#91010
0$
#91015
1$
#91020
0$
#91025
1$
#91030
0$
#91035
1$
#91040
0$
#91045
1$
#91050
0$
#91055
1$
#91060
0$
#91065
1$
#91070
0$
#91075
1$
#91080
0$
#91085
1$
#91090
0$
#91095
1$
#91100
0$
#91105
1$
#91110
0$
#91115
1$
#91120
0$
#91125
1$
#91130
0$
#91135
1$
#91140
0$
#91145
1$
#91150
0$
#91155
1$
#91160
0$
#91165
1$
#91170
0$
#91175
1$
#91180
0$
#91185
1$
#91190
0$
#91195
1$
#91200
0$
#91205
1$
#91210
0$
#91215
1$
#91220
0$
#91225
1$
#91230
0$
#91235
1$
#91240
0$
#91245
1$
#91250
0$
#91255
1$
#91260
0$
#91265
1$
#91270
0$
#91275
1$
#91280
0$
#91285
1$
#91290
0$
#91295
1$
#91300
0$
#91305
1$
#91310
0$
#91315
1$
#91320
0$
#91325
1$
#91330
0$
#91335
1$
#91340
0$
#91345
1$
#91350
0$
#91355
1$
#91360
0$
#91365
1$
#91370
0$
#91375
1$
#91380
0$
#91385
1$
#91390
0$
#91395
1$
#91400
0$
#91405
1$
#91410
0$
#91415
1$
#91420
0$
#91425
1$
#91430
0$
#91435
1$
#91440
0$
#91445
1$
#91450
0$
#91455
1$
#91460
0$
#91465
1$
#91470
0$
#91475
1$
#91480
0$
#91485
1$
#91490
0$
#91495
1$
#91500
0$
#91505
1$
#91510
0$
#91515
1$
#91520
0$
#91525
1$
#91530
0$
#91535
1$
#91540
0$
#91545
1$
#91550
0$
#91555
1$
#91560
0$
#91565
1$
#91570
0$
#91575
1$
#91580
0$
#91585
1$
#91590
0$
#91595
1$
#91600
0$
#91605
1$
#91610
0$
#91615
1$
#91620
0$
#91625
1$
#91630
0$
#91635
1$
#91640
0$
#91645
1$
#91650
0$
#91655
1$
#91660
0$
#91665
1$
#91670
0$
#91675
1$
#91680
0$
#91685
1$
#91690
0$
#91695
1$
#91700
0$
#91705
1$
#91710
0$
#91715
1$
#91720
0$
#91725
1$
#91730
0$
#91735
1$
#91740
0$
#91745
1$
#91750
0$
#91755
1$
#91760
0$
#91765
1$
#91770
0$
#91775
1$
#91780
0$
#91785
1$
#91790
0$
#91795
1$
#91800
0$
#91805
1$
#91810
0$
#91815
1$
#91820
0$
#91825
1$
#91830
0$
#91835
1$
#91840
0$
#91845
1$
#91850
0$
#91855
1$
#91860
0$
#91865
1$
#91870
0$
#91875
1$
#91880
0$
#91885
1$
#91890
0$
#91895
1$
#91900
0$
#91905
1$
#91910
0$
#91915
1$
#91920
0$
#91925
1$
#91930
0$
#91935
1$
#91940
0$
#91945
1$
#91950
0$
#91955
1$
#91960
0$
#91965
1$
#91970
0$
#91975
1$
#91980
0$
#91985
1$
#91990
0$
#91995
1$
#92000
0$
#92005
1$
#92010
0$
#92015
1$
#92020
0$
#92025
1$
#92030
0$
#92035
1$
#92040
0$
#92045
1$
#92050
0$
#92055
1$
#92060
0$
#92065
1$
#92070
0$
#92075
1$
#92080
0$
#92085
1$
#92090
0$
#92095
1$
#92100
0$
#92105
1$
#92110
0$
#92115
1$
#92120
0$
#92125
1$
#92130
0$
#92135
1$
#92140
0$
#92145
1$
#92150
0$
#92155
1$
#92160
0$
#92165
1$
#92170
0$
#92175
1$
#92180
0$
#92185
1$
#92190
0$
#92195
1$
#92200
0$
#92205
1$
#92210
0$
#92215
1$
#92220
0$
#92225
1$
#92230
0$
#92235
1$
#92240
0$
#92245
1$
#92250
0$
#92255
1$
#92260
0$
#92265
1$
#92270
0$
#92275
1$
#92280
0$
#92285
1$
#92290
0$
#92295
1$
#92300
0$
#92305
1$
#92310
0$
#92315
1$
#92320
0$
#92325
1$
#92330
0$
#92335
1$
#92340
0$
#92345
1$
#92350
0$
#92355
1$
#92360
0$
#92365
1$
#92370
0$
#92375
1$
#92380
0$
#92385
1$
#92390
0$
#92395
1$
#92400
0$
#92405
1$
#92410
0$
#92415
1$
#92420
0$
#92425
1$
#92430
0$
#92435
1$
#92440
0$
#92445
1$
#92450
0$
#92455
1$
#92460
0$
#92465
1$
#92470
0$
#92475
1$
#92480
0$
#92485
1$
#92490
0$
#92495
1$
#92500
0$
#92505
1$
#92510
0$
#92515
1$
#92520
0$
#92525
1$
#92530
0$
#92535
1$
#92540
0$
#92545
1$
#92550
0$
#92555
1$
#92560
0$
#92565
1$
#92570
0$
#92575
1$
#92580
0$
#92585
1$
#92590
0$
#92595
1$
#92600
0$
#92605
1$
#92610
0$
#92615
1$
#92620
0$
#92625
1$
#92630
0$
#92635
1$
#92640
0$
#92645
1$
#92650
0$
#92655
1$
#92660
0$
#92665
1$
#92670
0$
#92675
1$
#92680
0$
#92685
1$
#92690
0$
#92695
1$
#92700
0$
#92705
1$
#92710
0$
#92715
1$
#92720
0$
#92725
1$
#92730
0$
#92735
1$
#92740
0$
#92745
1$
#92750
0$
#92755
1$
#92760
0$
#92765
1$
#92770
0$
#92775
1$
#92780
0$
#92785
1$
#92790
0$
#92795
1$
#92800
0$
#92805
1$
#92810
0$
#92815
1$
#92820
0$
#92825
1$
#92830
0$
#92835
1$
#92840
0$
#92845
1$
#92850
0$
#92855
1$
#92860
0$
#92865
1$
#92870
0$
#92875
1$
#92880
0$
#92885
1$
#92890
0$
#92895
1$
#92900
0$
#92905
1$
#92910
0$
#92915
1$
#92920
0$
#92925
1$
#92930
0$
#92935
1$
#92940
0$
#92945
1$
#92950
0$
#92955
1$
#92960
0$
#92965
1$
#92970
0$
#92975
1$
#92980
0$
#92985
1$
#92990
0$
#92995
1$
#93000
0$
#93005
1$
#93010
0$
#93015
1$
#93020
0$
#93025
1$
#93030
0$
#93035
1$
#93040
0$
#93045
1$
#93050
0$
#93055
1$
#93060
0$
#93065
1$
#93070
0$
#93075
1$
#93080
0$
#93085
1$
#93090
0$
#93095
1$
#93100
0$
#93105
1$
#93110
0$
#93115
1$
#93120
0$
#93125
1$
#93130
0$
#93135
1$
#93140
0$
#93145
1$
#93150
0$
#93155
1$
#93160
0$
#93165
1$
#93170
0$
#93175
1$
#93180
0$
#93185
1$
#93190
0$
#93195
1$
#93200
0$
#93205
1$
#93210
0$
#93215
1$
#93220
0$
#93225
1$
#93230
0$
#93235
1$
#93240
0$
#93245
1$
#93250
0$
#93255
1$
#93260
0$
#93265
1$
#93270
0$
#93275
1$
#93280
0$
#93285
1$
#93290
0$
#93295
1$
#93300
0$
#93305
1$
#93310
0$
#93315
1$
#93320
0$
#93325
1$
#93330
0$
#93335
1$
#93340
0$
#93345
1$
#93350
0$
#93355
1$
#93360
0$
#93365
1$
#93370
0$
#93375
1$
#93380
0$
#93385
1$
#93390
0$
#93395
1$
#93400
0$
#93405
1$
#93410
0$
#93415
1$
#93420
0$
#93425
1$
#93430
0$
#93435
1$
#93440
0$
#93445
1$
#93450
0$
#93455
1$
#93460
0$
#93465
1$
#93470
0$
#93475
1$
#93480
0$
#93485
1$
#93490
0$
#93495
1$
#93500
0$
#93505
1$
#93510
0$
#93515
1$
#93520
0$
#93525
1$
#93530
0$
#93535
1$
#93540
0$
#93545
1$
#93550
0$
#93555
1$
#93560
0$
#93565
1$
#93570
0$
#93575
1$
#93580
0$
#93585
1$
#93590
0$
#93595
1$
#93600
0$
#93605
1$
#93610
0$
#93615
1$
#93620
0$
#93625
1$
#93630
0$
#93635
1$
#93640
0$
#93645
1$
#93650
0$
#93655
1$
#93660
0$
#93665
1$
#93670
0$
#93675
1$
#93680
0$
#93685
1$
#93690
0$
#93695
1$
#93700
0$
#93705
1$
#93710
0$
#93715
1$
#93720
0$
#93725
1$
#93730
0$
#93735
1$
#93740
0$
#93745
1$
#93750
0$
#93755
1$
#93760
0$
#93765
1$
#93770
0$
#93775
1$
#93780
0$
#93785
1$
#93790
0$
#93795
1$
#93800
0$
#93805
1$
#93810
0$
#93815
1$
#93820
0$
#93825
1$
#93830
0$
#93835
1$
#93840
0$
#93845
1$
#93850
0$
#93855
1$
#93860
0$
#93865
1$
#93870
0$
#93875
1$
#93880
0$
#93885
1$
#93890
0$
#93895
1$
#93900
0$
#93905
1$
#93910
0$
#93915
1$
#93920
0$
#93925
1$
#93930
0$
#93935
1$
#93940
0$
#93945
1$
#93950
0$
#93955
1$
#93960
0$
#93965
1$
#93970
0$
#93975
1$
#93980
0$
#93985
1$
#93990
0$
#93995
1$
#94000
0$
#94005
1$
#94010
0$
#94015
1$
#94020
0$
#94025
1$
#94030
0$
#94035
1$
#94040
0$
#94045
1$
#94050
0$
#94055
1$
#94060
0$
#94065
1$
#94070
0$
#94075
1$
#94080
0$
#94085
1$
#94090
0$
#94095
1$
#94100
0$
#94105
1$
#94110
0$
#94115
1$
#94120
0$
#94125
1$
#94130
0$
#94135
1$
#94140
0$
#94145
1$
#94150
0$
#94155
1$
#94160
0$
#94165
1$
#94170
0$
#94175
1$
#94180
0$
#94185
1$
#94190
0$
#94195
1$
#94200
0$
#94205
1$
#94210
0$
#94215
1$
#94220
0$
#94225
1$
#94230
0$
#94235
1$
#94240
0$
#94245
1$
#94250
0$
#94255
1$
#94260
0$
#94265
1$
#94270
0$
#94275
1$
#94280
0$
#94285
1$
#94290
0$
#94295
1$
#94300
0$
#94305
1$
#94310
0$
#94315
1$
#94320
0$
#94325
1$
#94330
0$
#94335
1$
#94340
0$
#94345
1$
#94350
0$
#94355
1$
#94360
0$
#94365
1$
#94370
0$
#94375
1$
#94380
0$
#94385
1$
#94390
0$
#94395
1$
#94400
0$
#94405
1$
#94410
0$
#94415
1$
#94420
0$
#94425
1$
#94430
0$
#94435
1$
#94440
0$
#94445
1$
#94450
0$
#94455
1$
#94460
0$
#94465
1$
#94470
0$
#94475
1$
#94480
0$
#94485
1$
#94490
0$
#94495
1$
#94500
0$
#94505
1$
#94510
0$
#94515
1$
#94520
0$
#94525
1$
#94530
0$
#94535
1$
#94540
0$
#94545
1$
#94550
0$
#94555
1$
#94560
0$
#94565
1$
#94570
0$
#94575
1$
#94580
0$
#94585
1$
#94590
0$
#94595
1$
#94600
0$
#94605
1$
#94610
0$
#94615
1$
#94620
0$
#94625
1$
#94630
0$
#94635
1$
#94640
0$
#94645
1$
#94650
0$
#94655
1$
#94660
0$
#94665
1$
#94670
0$
#94675
1$
#94680
0$
#94685
1$
#94690
0$
#94695
1$
#94700
0$
#94705
1$
#94710
0$
#94715
1$
#94720
0$
#94725
1$
#94730
0$
#94735
1$
#94740
0$
#94745
1$
#94750
0$
#94755
1$
#94760
0$
#94765
1$
#94770
0$
#94775
1$
#94780
0$
#94785
1$
#94790
0$
#94795
1$
#94800
0$
#94805
1$
#94810
0$
#94815
1$
#94820
0$
#94825
1$
#94830
0$
#94835
1$
#94840
0$
#94845
1$
#94850
0$
#94855
1$
#94860
0$
#94865
1$
#94870
0$
#94875
1$
#94880
0$
#94885
1$
#94890
0$
#94895
1$
#94900
0$
#94905
1$
#94910
0$
#94915
1$
#94920
0$
#94925
1$
#94930
0$
#94935
1$
#94940
0$
#94945
1$
#94950
0$
#94955
1$
#94960
0$
#94965
1$
#94970
0$
#94975
1$
#94980
0$
#94985
1$
#94990
0$
#94995
1$
#95000
0$
#95005
1$
#95010
0$
#95015
1$
#95020
0$
#95025
1$
#95030
0$
#95035
1$
#95040
0$
#95045
1$
#95050
0$
#95055
1$
#95060
0$
#95065
1$
#95070
0$
#95075
1$
#95080
0$
#95085
1$
#95090
0$
#95095
1$
#95100
0$
#95105
1$
#95110
0$
#95115
1$
#95120
0$
#95125
1$
#95130
0$
#95135
1$
#95140
0$
#95145
1$
#95150
0$
#95155
1$
#95160
0$
#95165
1$
#95170
0$
#95175
1$
#95180
0$
#95185
1$
#95190
0$
#95195
1$
#95200
0$
#95205
1$
#95210
0$
#95215
1$
#95220
0$
#95225
1$
#95230
0$
#95235
1$
#95240
0$
#95245
1$
#95250
0$
#95255
1$
#95260
0$
#95265
1$
#95270
0$
#95275
1$
#95280
0$
#95285
1$
#95290
0$
#95295
1$
#95300
0$
#95305
1$
#95310
0$
#95315
1$
#95320
0$
#95325
1$
#95330
0$
#95335
1$
#95340
0$
#95345
1$
#95350
0$
#95355
1$
#95360
0$
#95365
1$
#95370
0$
#95375
1$
#95380
0$
#95385
1$
#95390
0$
#95395
1$
#95400
0$
#95405
1$
#95410
0$
#95415
1$
#95420
0$
#95425
1$
#95430
0$
#95435
1$
#95440
0$
#95445
1$
#95450
0$
#95455
1$
#95460
0$
#95465
1$
#95470
0$
#95475
1$
#95480
0$
#95485
1$
#95490
0$
#95495
1$
#95500
0$
#95505
1$
#95510
0$
#95515
1$
#95520
0$
#95525
1$
#95530
0$
#95535
1$
#95540
0$
#95545
1$
#95550
0$
#95555
1$
#95560
0$
#95565
1$
#95570
0$
#95575
1$
#95580
0$
#95585
1$
#95590
0$
#95595
1$
#95600
0$
#95605
1$
#95610
0$
#95615
1$
#95620
0$
#95625
1$
#95630
0$
#95635
1$
#95640
0$
#95645
1$
#95650
0$
#95655
1$
#95660
0$
#95665
1$
#95670
0$
#95675
1$
#95680
0$
#95685
1$
#95690
0$
#95695
1$
#95700
0$
#95705
1$
#95710
0$
#95715
1$
#95720
0$
#95725
1$
#95730
0$
#95735
1$
#95740
0$
#95745
1$
#95750
0$
#95755
1$
#95760
0$
#95765
1$
#95770
0$
#95775
1$
#95780
0$
#95785
1$
#95790
0$
#95795
1$
#95800
0$
#95805
1$
#95810
0$
#95815
1$
#95820
0$
#95825
1$
#95830
0$
#95835
1$
#95840
0$
#95845
1$
#95850
0$
#95855
1$
#95860
0$
#95865
1$
#95870
0$
#95875
1$
#95880
0$
#95885
1$
#95890
0$
#95895
1$
#95900
0$
#95905
1$
#95910
0$
#95915
1$
#95920
0$
#95925
1$
#95930
0$
#95935
1$
#95940
0$
#95945
1$
#95950
0$
#95955
1$
#95960
0$
#95965
1$
#95970
0$
#95975
1$
#95980
0$
#95985
1$
#95990
0$
#95995
1$
#96000
0$
#96005
1$
#96010
0$
#96015
1$
#96020
0$
#96025
1$
#96030
0$
#96035
1$
#96040
0$
#96045
1$
#96050
0$
#96055
1$
#96060
0$
#96065
1$
#96070
0$
#96075
1$
#96080
0$
#96085
1$
#96090
0$
#96095
1$
#96100
0$
#96105
1$
#96110
0$
#96115
1$
#96120
0$
#96125
1$
#96130
0$
#96135
1$
#96140
0$
#96145
1$
#96150
0$
#96155
1$
#96160
0$
#96165
1$
#96170
0$
#96175
1$
#96180
0$
#96185
1$
#96190
0$
#96195
1$
#96200
0$
#96205
1$
#96210
0$
#96215
1$
#96220
0$
#96225
1$
#96230
0$
#96235
1$
#96240
0$
#96245
1$
#96250
0$
#96255
1$
#96260
0$
#96265
1$
#96270
0$
#96275
1$
#96280
0$
#96285
1$
#96290
0$
#96295
1$
#96300
0$
#96305
1$
#96310
0$
#96315
1$
#96320
0$
#96325
1$
#96330
0$
#96335
1$
#96340
0$
#96345
1$
#96350
0$
#96355
1$
#96360
0$
#96365
1$
#96370
0$
#96375
1$
#96380
0$
#96385
1$
#96390
0$
#96395
1$
#96400
0$
#96405
1$
#96410
0$
#96415
1$
#96420
0$
#96425
1$
#96430
0$
#96435
1$
#96440
0$
#96445
1$
#96450
0$
#96455
1$
#96460
0$
#96465
1$
#96470
0$
#96475
1$
#96480
0$
#96485
1$
#96490
0$
#96495
1$
#96500
0$
#96505
1$
#96510
0$
#96515
1$
#96520
0$
#96525
1$
#96530
0$
#96535
1$
#96540
0$
#96545
1$
#96550
0$
#96555
1$
#96560
0$
#96565
1$
#96570
0$
#96575
1$
#96580
0$
#96585
1$
#96590
0$
#96595
1$
#96600
0$
#96605
1$
#96610
0$
#96615
1$
#96620
0$
#96625
1$
#96630
0$
#96635
1$
#96640
0$
#96645
1$
#96650
0$
#96655
1$
#96660
0$
#96665
1$
#96670
0$
#96675
1$
#96680
0$
#96685
1$
#96690
0$
#96695
1$
#96700
0$
#96705
1$
#96710
0$
#96715
1$
#96720
0$
#96725
1$
#96730
0$
#96735
1$
#96740
0$
#96745
1$
#96750
0$
#96755
1$
#96760
0$
#96765
1$
#96770
0$
#96775
1$
#96780
0$
#96785
1$
#96790
0$
#96795
1$
#96800
0$
#96805
1$
#96810
0$
#96815
1$
#96820
0$
#96825
1$
#96830
0$
#96835
1$
#96840
0$
#96845
1$
#96850
0$
#96855
1$
#96860
0$
#96865
1$
#96870
0$
#96875
1$
#96880
0$
#96885
1$
#96890
0$
#96895
1$
#96900
0$
#96905
1$
#96910
0$
#96915
1$
#96920
0$
#96925
1$
#96930
0$
#96935
1$
#96940
0$
#96945
1$
#96950
0$
#96955
1$
#96960
0$
#96965
1$
#96970
0$
#96975
1$
#96980
0$
#96985
1$
#96990
0$
#96995
1$
#97000
0$
#97005
1$
#97010
0$
#97015
1$
#97020
0$
#97025
1$
#97030
0$
#97035
1$
#97040
0$
#97045
1$
#97050
0$
#97055
1$
#97060
0$
#97065
1$
#97070
0$
#97075
1$
#97080
0$
#97085
1$
#97090
0$
#97095
1$
#97100
0$
#97105
1$
#97110
0$
#97115
1$
#97120
0$
#97125
1$
#97130
0$
#97135
1$
#97140
0$
#97145
1$
#97150
0$
#97155
1$
#97160
0$
#97165
1$
#97170
0$
#97175
1$
#97180
0$
#97185
1$
#97190
0$
#97195
1$
#97200
0$
#97205
1$
#97210
0$
#97215
1$
#97220
0$
#97225
1$
#97230
0$
#97235
1$
#97240
0$
#97245
1$
#97250
0$
#97255
1$
#97260
0$
#97265
1$
#97270
0$
#97275
1$
#97280
0$
#97285
1$
#97290
0$
#97295
1$
#97300
0$
#97305
1$
#97310
0$
#97315
1$
#97320
0$
#97325
1$
#97330
0$
#97335
1$
#97340
0$
#97345
1$
#97350
0$
#97355
1$
#97360
0$
#97365
1$
#97370
0$
#97375
1$
#97380
0$
#97385
1$
#97390
0$
#97395
1$
#97400
0$
#97405
1$
#97410
0$
#97415
1$
#97420
0$
#97425
1$
#97430
0$
#97435
1$
#97440
0$
#97445
1$
#97450
0$
#97455
1$
#97460
0$
#97465
1$
#97470
0$
#97475
1$
#97480
0$
#97485
1$
#97490
0$
#97495
1$
#97500
0$
#97505
1$
#97510
0$
#97515
1$
#97520
0$
#97525
1$
#97530
0$
#97535
1$
#97540
0$
#97545
1$
#97550
0$
#97555
1$
#97560
0$
#97565
1$
#97570
0$
#97575
1$
#97580
0$
#97585
1$
#97590
0$
#97595
1$
#97600
0$
#97605
1$
#97610
0$
#97615
1$
#97620
0$
#97625
1$
#97630
0$
#97635
1$
#97640
0$
#97645
1$
#97650
0$
#97655
1$
#97660
0$
#97665
1$
#97670
0$
#97675
1$
#97680
0$
#97685
1$
#97690
0$
#97695
1$
#97700
0$
#97705
1$
#97710
0$
#97715
1$
#97720
0$
#97725
1$
#97730
0$
#97735
1$
#97740
0$
#97745
1$
#97750
0$
#97755
1$
#97760
0$
#97765
1$
#97770
0$
#97775
1$
#97780
0$
#97785
1$
#97790
0$
#97795
1$
#97800
0$
#97805
1$
#97810
0$
#97815
1$
#97820
0$
#97825
1$
#97830
0$
#97835
1$
#97840
0$
#97845
1$
#97850
0$
#97855
1$
#97860
0$
#97865
1$
#97870
0$
#97875
1$
#97880
0$
#97885
1$
#97890
0$
#97895
1$
#97900
0$
#97905
1$
#97910
0$
#97915
1$
#97920
0$
#97925
1$
#97930
0$
#97935
1$
#97940
0$
#97945
1$
#97950
0$
#97955
1$
#97960
0$
#97965
1$
#97970
0$
#97975
1$
#97980
0$
#97985
1$
#97990
0$
#97995
1$
#98000
0$
#98005
1$
#98010
0$
#98015
1$
#98020
0$
#98025
1$
#98030
0$
#98035
1$
#98040
0$
#98045
1$
#98050
0$
#98055
1$
#98060
0$
#98065
1$
#98070
0$
#98075
1$
#98080
0$
#98085
1$
#98090
0$
#98095
1$
#98100
0$
#98105
1$
#98110
0$
#98115
1$
#98120
0$
#98125
1$
#98130
0$
#98135
1$
#98140
0$
#98145
1$
#98150
0$
#98155
1$
#98160
0$
#98165
1$
#98170
0$
#98175
1$
#98180
0$
#98185
1$
#98190
0$
#98195
1$
#98200
0$
#98205
1$
#98210
0$
#98215
1$
#98220
0$
#98225
1$
#98230
0$
#98235
1$
#98240
0$
#98245
1$
#98250
0$
#98255
1$
#98260
0$
#98265
1$
#98270
0$
#98275
1$
#98280
0$
#98285
1$
#98290
0$
#98295
1$
#98300
0$
#98305
1$
#98310
0$
#98315
1$
#98320
0$
#98325
1$
#98330
0$
#98335
1$
#98340
0$
#98345
1$
#98350
0$
#98355
1$
#98360
0$
#98365
1$
#98370
0$
#98375
1$
#98380
0$
#98385
1$
#98390
0$
#98395
1$
#98400
0$
#98405
1$
#98410
0$
#98415
1$
#98420
0$
#98425
1$
#98430
0$
#98435
1$
#98440
0$
#98445
1$
#98450
0$
#98455
1$
#98460
0$
#98465
1$
#98470
0$
#98475
1$
#98480
0$
#98485
1$
#98490
0$
#98495
1$
#98500
0$
#98505
1$
#98510
0$
#98515
1$
#98520
0$
#98525
1$
#98530
0$
#98535
1$
#98540
0$
#98545
1$
#98550
0$
#98555
1$
#98560
0$
#98565
1$
#98570
0$
#98575
1$
#98580
0$
#98585
1$
#98590
0$
#98595
1$
#98600
0$
#98605
1$
#98610
0$
#98615
1$
#98620
0$
#98625
1$
#98630
0$
#98635
1$
#98640
0$
#98645
1$
#98650
0$
#98655
1$
#98660
0$
#98665
1$
#98670
0$
#98675
1$
#98680
0$
#98685
1$
#98690
0$
#98695
1$
#98700
0$
#98705
1$
#98710
0$
#98715
1$
#98720
0$
#98725
1$
#98730
0$
#98735
1$
#98740
0$
#98745
1$
#98750
0$
#98755
1$
#98760
0$
#98765
1$
#98770
0$
#98775
1$
#98780
0$
#98785
1$
#98790
0$
#98795
1$
#98800
0$
#98805
1$
#98810
0$
#98815
1$
#98820
0$
#98825
1$
#98830
0$
#98835
1$
#98840
0$
#98845
1$
#98850
0$
#98855
1$
#98860
0$
#98865
1$
#98870
0$
#98875
1$
#98880
0$
#98885
1$
#98890
0$
#98895
1$
#98900
0$
#98905
1$
#98910
0$
#98915
1$
#98920
0$
#98925
1$
#98930
0$
#98935
1$
#98940
0$
#98945
1$
#98950
0$
#98955
1$
#98960
0$
#98965
1$
#98970
0$
#98975
1$
#98980
0$
#98985
1$
#98990
0$
#98995
1$
#99000
0$
#99005
1$
#99010
0$
#99015
1$
#99020
0$
#99025
1$
#99030
0$
#99035
1$
#99040
0$
#99045
1$
#99050
0$
#99055
1$
#99060
0$
#99065
1$
#99070
0$
#99075
1$
#99080
0$
#99085
1$
#99090
0$
#99095
1$
#99100
0$
#99105
1$
#99110
0$
#99115
1$
#99120
0$
#99125
1$
#99130
0$
#99135
1$
#99140
0$
#99145
1$
#99150
0$
#99155
1$
#99160
0$
#99165
1$
#99170
0$
#99175
1$
#99180
0$
#99185
1$
#99190
0$
#99195
1$
#99200
0$
#99205
1$
#99210
0$
#99215
1$
#99220
0$
#99225
1$
#99230
0$
#99235
1$
#99240
0$
#99245
1$
#99250
0$
#99255
1$
#99260
0$
#99265
1$
#99270
0$
#99275
1$
#99280
0$
#99285
1$
#99290
0$
#99295
1$
#99300
0$
#99305
1$
#99310
0$
#99315
1$
#99320
0$
#99325
1$
#99330
0$
#99335
1$
#99340
0$
#99345
1$
#99350
0$
#99355
1$
#99360
0$
#99365
1$
#99370
0$
#99375
1$
#99380
0$
#99385
1$
#99390
0$
#99395
1$
#99400
0$
#99405
1$
#99410
0$
#99415
1$
#99420
0$
#99425
1$
#99430
0$
#99435
1$
#99440
0$
#99445
1$
#99450
0$
#99455
1$
#99460
0$
#99465
1$
#99470
0$
#99475
1$
#99480
0$
#99485
1$
#99490
0$
#99495
1$
#99500
0$
#99505
1$
#99510
0$
#99515
1$
#99520
0$
#99525
1$
#99530
0$
#99535
1$
#99540
0$
#99545
1$
#99550
0$
#99555
1$
#99560
0$
#99565
1$
#99570
0$
#99575
1$
#99580
0$
#99585
1$
#99590
0$
#99595
1$
#99600
0$
#99605
1$
#99610
0$
#99615
1$
#99620
0$
#99625
1$
#99630
0$
#99635
1$
#99640
0$
#99645
1$
#99650
0$
#99655
1$
#99660
0$
#99665
1$
#99670
0$
#99675
1$
#99680
0$
#99685
1$
#99690
0$
#99695
1$
#99700
0$
#99705
1$
#99710
0$
#99715
1$
#99720
0$
#99725
1$
#99730
0$
#99735
1$
#99740
0$
#99745
1$
#99750
0$
#99755
1$
#99760
0$
#99765
1$
#99770
0$
#99775
1$
#99780
0$
#99785
1$
#99790
0$
#99795
1$
#99800
0$
#99805
1$
#99810
0$
#99815
1$
#99820
0$
#99825
1$
#99830
0$
#99835
1$
#99840
0$
#99845
1$
#99850
0$
#99855
1$
#99860
0$
#99865
1$
#99870
0$
#99875
1$
#99880
0$
#99885
1$
#99890
0$
#99895
1$
#99900
0$
#99905
1$
#99910
0$
#99915
1$
#99920
0$
#99925
1$
#99930
0$
#99935
1$
#99940
0$
#99945
1$
#99950
0$
#99955
1$
#99960
0$
#99965
1$
#99970
0$
#99975
1$
#99980
0$
#99985
1$
#99990
0$
#99995
1$
#100000
0$
#100005
1$
#100010
0$
#100015
1$
#100020
0$
#100025
1$
#100030
0$
